filament_id,segmentation_rle
20110120105534Ch_1,^_XR21no12N2N0O2O1000O1N20O001O00O110O000O2O1OPa_l1
20110120105534Ch_2,V`Th15io12O0O200O00N2O202MQ`WW2
20110120105534Ch_3,i`di22no10@5jPNMTo15kPNLTo14lPNLUo17ePNK\o1<1O1O00000O200000O1000O1O10000O100O10O1O2N2N2OO1O1O10O1O1O1O1O002M2O010O2N1O01N6J4L2OO100O02O1O1O001O011N1O1O02N3M1000O1O0010O1O1O1O01O1O1O1O000000000O1O1O1O100000000000000001O000001O1O1O1N1000001NX^io0
20110120105534Ch_4,ea^P32mo12N10001O01O01O1O1O000000000O1000000O0100O1O102O2N00O01NX^gm0
20110120105534Ch_5,UjPQ29fo12N1O00O1O1001K5O001O0OM5O0000L4000000D<000000L4000000L4000000POQOdRNNDg0Xn1]ORRNi0om1WOPRNi0Qn1YOfQNKOl0\n1a01O1O1O1N2L40O10O1000O00L401O10000]OVQN0jn1OXQN1gn1NZQN2fn1I_QN7an1H`QN9^n1GcQN:[n1GeQN9Zn1HfQNOENdn14gQNMKJ^n19gQNLMJ]n19gQNKfn14d0N2O01O00000O100N20H^PN2io1NiXWj1
20110130110334Ch_1,]Xbn12mo12O2O1N1O1O002N3NO1O3M3L2L]gaP2
20110130110334Ch_2,Y[XP26io12N1KJ_PN7_o1601O0105L2L1OO01M1110gdin1
20110130110334Ch_3,a_nd25jo1:G1O1O1O5lPN\Obn1e0\QN\Odn1e0ZQN]Ofn1c0XQN_Oin1m00N1000O5L0O10O1iN[QNR1in1100O2N2N001022NN000O1001OO1005MOO01ZQNkN^n1[1100O01cQNfNSn1Z1gQNmN\n1[1O00O1O5J2N2N2O1O1N2O1O1N2O1O1O100O1O100O2N1O11O1N100N2O0001O006J1O10O1O1O1O01O2N001O001O1O1O00001O010000000O1O1O1O10O001O1O1O2O1N0100O01O10O0O1O100O10000001O1O1O1O01O100O1O1001OO0001N1O1001306JM0O0000001O000000010001OO1O002N1O1O001M3N2O1002OOO10O2O0O1O010O1O10010E^PN5go11N01O101N001Nd[go0
20110214175414Mh_1,W]`[28fo13N1N4H7N2N1O1O10001oNYOgRNh0Vm1]OTRNF=o0]m1BbRN?\m1CcRN=]m1S1000001O1N2O1O0000ZOaRNkN_m1T1fRNhNZm1W1hRNiNWm1V1kRNjNTm1U1oRNjNPm1U1RSNkNml1T1USNkNkl1U1USNjNll1V1o001O0000001O1O8QO[QN3hn1G_QN5Wo1N2MZcga1
20110214175414Mh_2,\]Pa23lo12O1O1O4L1O1O001O00000001O00000000000001O010O10O001O00001O01O11O00O0000000O1O100O1001O001O1O00010O0011O3M000O1cPNAXo1g0M00O100O2N010BhPN3Yo1JhPN7Yo1FhPN:`o1O0000000000000000000000000000000000000001O1O1O1O0000000100000O10O00101N0001O2OO010000000O01O001O1O1O00000O1O1O1000000O11O1O1O001O00000000100O1O1O020O0O10O0100000O2N2N010O1001OO000001O00001O1O1O0000000000001O00002N1O100O1O1O1002N1O00O105J100Oo_YS1
20110214175414Mh_3,iSiX22mo12O1O1O100O01000O100O00001O0101O0O010O2N1O00001N10kkbe1
20110214175414Mh_4,eYag2f0Yo12N2N1O001O1O0MO4O11N1O020O000O11O0000O11N11O0OI9N2O1O1L301O01N200000O1O1O0010N2O100000O1O100O100000000O1000000O1O10001O0001O000O2OO100N2000000000001001OO0000001O01O1O1O1O000000001001OO10O002N1O001O0001O00000000000000O10000000000O1O1N3NTgPQ1
20110329082654Uh_1,aVhb12mo12M3N5L8G3N103kPNWOkn1Q1OO10O202M01N3M2O2M2N110O1N10O113L000O02N1000O01O1O1O101N1O10O020O00O0207KM00001O1OO0108H2OOO1N4K5KYgcY2
20110329082654Uh_2,Y_dn02ko14M3O0O1O1N200O010OO1001000O1000000000000O1O1O0001O1O1O1O000001O100O1O0001O1O0100O1O1O1O100000000001O000O10O1000O1O0001O1000000O1000O100O1O1O100000O1N2000000O10000000O1O1O1O100000000O10OO0110O1000000O1O1O100001O1O1O0000001O001O2N000O100001O0OQbgi2
20110329082654Uh_3,i_XS23lo13N1O10O000100O100O00000001O00O100000001O01O0110OO10O1O2N00103M_1aN00001O0000O1Nn0mN9I5N3M3Dl^mi1
20110329082654Uh_4,[b^Y15io13N2O00001O00O1O1000000001O100O02N0001O100O1O0002N1O010O02N1O0000000010000000O1O1O1O10O1O1O1O1000000000000000O00000001O11O00O01O00000001O0000011O00O100000000O000000001O1O1O10O1O1O1O000000000101N1O1O2N2NVPNOio130O3LP\o_2
20110329082654Uh_5,`dX`13ko13N110O100O100100OO0001O001N3NX[g^2
20110329082654Uh_6,Ye`b16io12O0000000O10000O1001O00001O0000000000000001O1O1O1O0000000001O1O1O0000000000O1N200000O1O1O0001O1O1O1O0O11O0000O11O1O1O1O1O001OO1001O1O2M2N20O2O000000000000000000000001NX[UX2
20110329082654Uh_7,Yl`\25jo12N1O2N1O101O1O1O1O01O1O1O000010O00001O2N000100O1O1O01O1O1N102N1O100O11O00O00100O002N2N2N00103M4MO000O1O00100O100000O00O10001M5E;L2N2MmRW_1
20110329082654Uh_8,lR_W25ko14K200O2O10OO100O1O100000000O1002N2NO10013L000O11O00000001O1O002N000000O6J4M0O1Mikne1
20110329082654Uh_9,VUiX27ho12N2M1O200O001N2O10O01O0010O2N2N2M3N2NTkne1
20110329082654Uh_10,bUaW28go12N1OO0O20002N1N2Nfjjg1
20110329082654Uh_11,iWaU16ho13M3N4Km0TO2N2M3N7I2N2N4H8L2N1O1O1O001O0OeN^SN[Ocl1d0`SNXOal1i0`SNUO`l1l0aSNRO_l1Q1V12O0O10ZOhQNDXn1:lQNDTn1;nQNDQn1;RRNCmm18Q1O1O1O1O1O0001O1O1001N2N2N2N2N\i^g2
20110329082654Uh_12,nWgb24jo14N001O1O2N0000000000100000000O1O1O1O1O1O1O1O1O001O1O00O1O1000000O10O1O1O1O1O1O1M3K5O1M20N2N21O00000001O0O1N3L3M4M3M2001N02O0001O1O010000000O10O0001O0100N2O1O1000000O1O1O100O10O10O100O101O0O1000001O1N3N1NTijV1
20110329082654Uh_13,]YYW22mo12\OMYQN3an14]QNLbn17WQNNin13VQNMjn15TQNKln17RQNJln1e010O0I7nNmNWSNn0ol1TOoRNi0Vm1WOhRNb0WO_ORn13bRN=@\OQn1^1;L4N2O2M2N2N2N7G7H5N2N\hnf1
20110329082654Uh_14,eYcc25jo11O1N10101O2M2O1O2N2N1O1O000000000O0O1001OO2N1O10000O02N201N9Ckf\Z1
20110329082654Uh_15,i\Q`14ko12O1O1O000000001O00001O2N0O2O1O2M10100O1O1O1M4J6M2N2O1O0001O002N1O1O100O1O1O1O1O2N1O1O1O0O20O1O10[OjPN?\o1O001O1O1O0000000000001O00000000000O1O1O100O0100000O1O1O1O2NebnZ2
20110329082654Uh_16,Q]Ye12mo12O0O1N2O0101MUcVZ2
20110408083214Th_1,R_^S24ko13M2N2O3L6K1O100100O0O112M3M00O101N0010O1O2OO1O1O0001O1O1O2N01000000O10O02O0O000O10001O002N1O01O2N010O1O1O2N00104L1O0O113L00O01N\__h1
20110408083214Th_2,]`h\1;do12N1O5F9K2O2O2M5L1N2N2NmNQRN8mm1HURN8jm1GXRN9gm1GYRN:fm1D]RN=am1BaRN>^m1AdRN>\m1AfRN>en1Hj^ma2
20110408083214Th_3,ldPY33lo12O10O43I2O10230J0O10O<5@0O1105LN1O0004M1N0O2N4L\Y]e0
20110408083214Th_4,aiVc23lo13N1O1O0000001O1O1O1O1O1O1O1N2J6M3N2O1N2O1O1N200O1O1O1O1N6J2O11O01N10O05K2N001O1O7I0O10000000O100N2@TRNkNmm1T1URNjNkm1W1VRNgNjm1Z1=010000N2O1O10aNgNWTNX1ik1jNUTNU1lk1lNTTNT1lk1lNUTNS1ik1oNWTNQ1hk1oNYTNP1hk1POXTNP1gk1QOYTNn0gk1SOYTNl0gk1UOYTNj0gk1WOXTNi0gk1YOYTNf0Pk12PUNEXk1<gTNDYk1=fTNC[k1=cTNE]k1:^TNKck13^TNMbk14]TNLck15\TNKck17[TNHfk19[TNChk1>WTNBjk1>UTNCjk1>QTNEQl1;nSNERl1=lSNCTl1?jSNAVl1j0ZSN[Ofl1g0XSNYOhl1o100_Oa000O1001O001O000O1M4O101fLZTNl1Rl1PNSTNl1Sm1N1O3A`0fN]QNP1kn1N2O2D>K1O2O2M2M3N2NlXWU1
20110408083214Th_5,YfhW2:eo12N1O1O1O2O01N2O1O1O1O1O1O10O000000100000O1O000001OO2O_Y_f1
20110408083214Th_6,YkPk0<co12N2N4Fj0\O3M2L4D=M2N1M3IYOeRNWOYm1g0mRNWOQm1j0QSNUOhl1P1[SNoNbl1k0oSNkNRl1T1STNfNok1Z1S18I42H81N2OJ701O1O1N2M3O001K5N10N2[OnN[RNT1em1nNXRNR1im1oNVRNR1jm1a00O1010NKkQNbNUn1\18O2O001L4N10000N2O1001ON2N2001N10100O01XO_QNIin15b0O1OkXgP3
20110408083214Th_7,Ui`n16io12O1O1O5L0O105K7I0000026fQNQOSm1n0kRNTOUm1l0hRNVOYm1j0dRNXOem1^13L1O105K000O1O7I3L2O0O3M6K1N100000001N4L4L2N2NlTon1
20110408083214Th_8,mj`W3>ao12O002M3N1N2M5L`0@3M1M3J510O1K5I7O1O02O0N3L3O2M<^O9L4N2N<CZUef0
20110408083214Th_9,gXY]14ko12N1N2N2O1O1O0G55O00N2I70O20N10L5O00000K5N2000M21000100N2O000000000001O1O1O10OO1001O000000001O1O1O000000000001O1O1000O1N110O00O11O00000L401O001OOO3OliP^2
20110408083214Th_10,oWiR24jo13O1N2O7I1O1O001O0O10O0L4000100O1O0001N20O0100N200O1N1OM5O0000L22N2001NL5L501NQifj1
20110408083214Th_11,U\[X12mo12M3L3N2N2N2O001O000000000M30O100O10O0010001OO1000010N2O10000O10O1000O0000001N100001OO2O00O2L4O1O10O0L4000100000O01OO1001O1O1O1O101Nhe^c2
20110408083214Th_12,ia[n05jo11N10001O001N0020OO2O0010O1O1O10N1N21N101N2O1O2Nl^RP3
20110424064534Lh_1,j^hh06go15M3N4Lb0_O0O104L4M0N0104M1N0004Ok0[QN]NPm1Z20O12:FOO0O4N6I4L1O2N66D00O006J4L1O1O2^NYRNe0mm1RO\RNi0^n10001O0000113]OfPN7bo1O100000000O002N1O1O0001O01O1O1O1O001Mm\WS3
20110424064534Lh_2,g_`W19fo11O1M3N2O100N1000010O001O101000<D0]QNUOom1l0oQNVOPn1k0mQNYOQn1?iQN7om1GVRN8im1FYRN9gm1F[RN;cm1BcRN<MSOol1?XSN=FWOQm1;^SN;_O[OTm18`SN<WOBXm1OmSNf0Sl1VOQTNj0ok1TOSTNk0nk1SOSTNm0bm1N1O10O1O2N1O1O3M2N1O1O1O10UO\QN9dn1F]QN:cn1E^QN;an1EcQN<Xn1CkQN<Un1ClQN=Sn1CmQN>Rn1BQRN<nm1DTRN;km1EWRN:im1DYRN<gn1O000000002N00002OOO1001O3M0000040L000004L0000O11O0000O1100N01004L000O00000000001O2N01O1O1O10O010O1000O1O00000O1O100001Nk[Wa2
20110424064534Lh_3,Qhh=776ln1b0L3L6Cj0_O2N2N4Lm0TO1O102OlLmSN[2ll1O01014NL0000O9kM\RN\1Xn1M0O1MZVg`3
20110424064534Lh_4,]j`l1741Xo11fPN2Xo1<O001O001O1O1O1O1SQNVObn1k0XQN^Odn1S1L1000001N10O05L5LN1O1O5K1O1O000000001O1O1O1O0000000O2N2K5N2N2O1N2M3O0O1N2O1001O1O001O1O010O10O1O000001O0000010O00001O3O<C000O0201N0O11N=C100O001O1O10N2O1N2O0SOdQN4`n1Go0N2N2N3KPT]m1
20110424064534Lh_5,Snfi13jo14M2O10O010O1O2MURgU2
20110424064534Lh_6,eW[j13mo11O110O2M02N3LThTU2
20110424064534Lh_7,lWYk13lo12O1O2O0O1O102N1O0000O2O1O1O0N3N3McgbS2
20110424064534Lh_8,j\og14ho15N2N1N2N2O1O1O1O100O1O1O1O1000O1O1O0001N200O1N2L5N1O001O00M3O10L3100000K15N10N1OO3M31O0LO500000MO4L40000L4O10N1N1200000^Oa0K43O7H3G8L5N2MaffS2
20110424064534Lh_9,Q]Qf14ko12O1O1O00001O1O1O1O01O1O1O000O2N1O1OmbhX2
20110424064534Lh_10,Z]Wl0145_o19M2O1O1O5K1O1O1N2O1O1001O6J001O5K1O00O11O00000001OO100000000O1O1O1O10000000000O1O100O01O1O0010O2OO100O0000001O010000O0O1O2O0O2O3KRado2
20110424064534Lh_11,VagQ21jo19K2O1O3M4L1O013M1O000O100000O1N;E4L2N3MY^nl1
20110424064534Lh_12,]bac1:do13O1O100O1O10O20N10O1000000002N01OO01O2N1O001O2O0O001O2M3Lm\bZ2
20110424064534Lh_13,ecke11no12M4M3M2N1O1O1O0100O1O100O010000000O1O2N101N2Nc\dX2
20110429120534Ch_1,i]TZ26co1:K6K2O01O2N1O1O03kPN@en1m0100O1O2N1N200O20N10O1N2J8L3M2NiaWd1
20110429120534Ch_2,U`Po2n0Ro11N2O1O1O1O0001O1O001N1O1O2N100000010013K1000001O1OO104K100O001O001O1O0000100004L0000004L000O1O1O1O1O1O:F0100120NO0O1O10O01O020O0000O3O`NjQNT1cn1N0O1O6K1N10O11O4K0000001O001O>Aj\ek0
20110429120534Ch_3,]cZg22no11N3N2N00100O20N01001O0000O1N2O1O0000000010O002O00000O1O1O00001O00O10000O1O1O10000001O1O1O0000001O00000000100O1O1N2Oo[oT1
20110429120534Ch_4,ec`\22mo12O002N6J001O1O2N00000001O100001O00O001O001O011O000O000000000000000000000000002N1O01O100O1O1O1O100O0100O001O002N1N2O0O2Me[e_1
20110429120534Ch_5,UdhR26io12O0104M\PN6on1JPQN7Po1HoPN:Po1HmPN:So1;0N01009KOM00001O0000004L00000013OMO100O100O11O21M00001O0000000000000002O1M0102O1N000O10<EOO01O2N1O10004L0000001O2N0O1O2N1O1000000000O1O1O1O001O2N1O001O1O10O1N_Xgg1
20110429120534Ch_6,QfVR32lo13O0O1O1O01O0001C=O001O00K5N3O001M3M3O01N20O100O1O1O1O2NlZok0
20110429120534Ch_7,le`^13lo12N101O1N2O1N1000001O002N1O000001O10003N2L01O1O100O01O1O1O100001OO10O109G1O00O2O0O100080H00O1NPY_^2
20110429120534Ch_8,iebn22no13O2L2N0010O01O1O01O100O1O020O0000O1O2N1O1O0100O1O0O1O101N10000000000000O100O1O1O1000O1O2O1N2O001N101NhYUn0
20110429120534Ch_9,mmn;2mo12O1N1N2O1O1O1I7N2O1O0K6OO2O1001O2N001O1N2O1O0O2L4N2N2N1O100O1O0001WOhQNIYn16iQNHXn18iQNFXn18i0O0000O11O0001K5O01OO10N20000000000001N2O1O1L3M12N21O1N2O00100O1O1000O1O2NN3N20O10O1O0OM4000000J7L401O_O]OfQNb0Yn1AeQN?Zn1CeQN=Zn1I]QN;bm1ZObRNn1]m1TN^RNP2bm17NCaRN[N_m1f1=10OO01I7M4OO2O1O001M2O101O0N2A?0000M4B>00O0L4@SMiSNl16iNQl1\OhSNj1;hNmk1_OgSNh1>hNjk1c1WTN\Nik1`1^TN^Nak1a1bTN^N]k1a1fTN^NXk1c1iTN\NVk1W1oSN_NS13oj1Y1UTN`NP14kj1]1VTN]NQ14ij1_1hUN_NWj1a1T201O1O0L5FcQNPO^n1n0dQNQO]n1m0fQNQO\n1k0>M3O2N3C<L4N2N`YgZ3
20110429120534Ch_10,aglP12ko16L5K2N2O2L9H2O1026H1OO10040MOO1004i0SO00003O=CN000Oo0VNQQNf0Yo1K1O1N:E5K3NkUQm2
20110429120534Ch_11,\jPS1j0Vo11O01O=C3M2NQUal2
20110429120534Ch_12,hmXY28ho11N1N2N2O00100O100O1O1oNEgQNQ1Xn1QOfQNP1Yn1<O0@88000]OZNeRNn1Zm1<00001OO_OdRN[Nbm1c1?O1O2A>@a0N2NRUgd1
20110429120534Ch_13,YmPR15jo13M2N5@\1oN2O1O3N000O100Y1hN0OO01303KO0O02N100SQNROgn1m0WQNXOgn1S1`0@O0O00O4M2M1O2O4K2O0O1N5JQPek2
20110429120534Ch_14,dVQT13lo12N1O10000O100000000O10O01000000001N3Kbifj2
20110429120534Ch_15,iXod11ko16M2N1O1O1O001O1K3100001_Oa0O100N1HL<00000OE<O2O2Nmh^Y2
20110429120534Ch_16,Q[Ym08go13M2M4M2O1O00O1M3N1000L3101000000O01O1N200O0100O1O10O1N3O0O1O001O1O001K31001O001O1000O1O1N11O001O0100O10001O107J0N001O9H0O1O1N3N]edn2
20110429120534Ch_17,^^o]25io13O001O1O1O1O0000001N1O2N3M100000000O1O1O1O1E[OZQNf0en1@UQNa0kn1:00O1IoN_QNQ1_n1RO_QNn0bn1700001F:O0001`M_20O201O<D2^OSSNmMnl1R2RSNnMol1P2SSNoMUm1c0SSN@8Ghl1e0RSN@:Kdl1c0TSN@:Ldl1a0TSNA9Mnl16n1K5Kmch^1
20110429120534Ch_18,i^a[26io12O00O100O1O00O2O1O1O000001O100000000O1O1N3N`aPc1
20110529063154Uh_1,Y_Xj2>`o13N1N2O100O1N20O010O1O1000001O0000001O1O10O1O1O00010O1O5K1O1O1O1O1O01O1O10O00010O1O00O1O1O1O1G:N10001O1N2O001Nd`WR1
20110529063154Uh_2,Qcli11ko15N2O001O002N1N102M3M1O2O1O1O1N100O1O1O1000000O100N100100O1O10O00000010O10O10000O1N11O1O1000000O100000000O1N2I7O1O1N2O1O1O2Kk]UR2
20110529063154Uh_3,]bhi0b0]o12O1O1O9H0O11O24LOO01080HO00003M2N3L6I:ER\mT3
20110529063154Uh_4,ifb_19go11N2O000000001O01O1O1O010O0O10001O0O10001O2MQYo^2
20110529063154Uh_5,iiRV31mo13M3N10001N1000001O00001O001O000000001O00001O1O000000O1O100O100O1O1O1N2N3O0O2N\V]g0
20110529063154Uh_6,fQ_X15eo1f0@1N2M3H9L2000001O000104L000O002N1O1POVQNh0kn1VOXQNh0So1M3M2N3Mlmne2
20110529063154Uh_7,nYok12mo1101N010O100O100O10000000000001N4LTflR2
20110529063154Uh_8,iZgo2:eo12N101O1N3N1N2O4L1O1O1O01O010O0O10000O10000O1O2N1O1O1N201M3N2N2N2N5KPeRn0
20110529063154Uh_9,a]ma12no10O1000001O0000000001N1000_bV]2
20110529063154Uh_10,a`a]23lo13N1O1O1O0O2N3M2N101O2N2N1O001O000000000000000000000000000010O10000O01O00001O001O1O001O0000000000000000000O100O1O0O1O2O1O1O001O10O01000O2N100O3N1N100O2N1O1O100O1N20O1000O10O1N200000O1N20O0000000100O01000O01N11O010O10O100O00N3M210O1N1O2O01OO20000O1000O11N1O1O1O10001N2OZ`PZ1
20110529063154Uh_11,b`il2=ao13N2M3G9N2N1M3I7O100000000000O1O1O2N1O2L4K4N2O100O2O1N2N2N1O2O0N2O1O2N2N2N2N2Nl_fP1
20110529063154Uh_12,RcYT25jo13N2M4M2M2O1O4L2N00102N3L100000O100O1N100O2N1000000O10001O00O100000000O1000000O001000001N10O100OB\OaQNd0`n1]O_QNc0`n1>1000O10O1O0010N2O0KiNcQNW1\n17O1NGeQNQO[n1m0hQNROXn1m0kQNQOUn1l0oQNRORn1f0XRNXOhm1f0j0O2N2N2M2O2N4Kf]lf1
20110529063154Uh_13,RcQa16jo10O2O100O1N2O1O1N2O1O001O1O10O010000O2N2N100O1O2N0100001N010O1O2OO010001N01000010OO011O00O1O010O1O00O2O1O1N1O1L4N200100O0010O1O1O0010O2N1000000000O1011N2NO10103L00O1O1O100O01O1000O010O001O02O01N001O001O01000000O01O001O01001O1OO01O2N1O1O100O1O1O0001O010O01O1O010O00001O1O1O1O01O1O100O01O010O0001N2O1N1O2O00001N2O001O00000O11O00001O001O1O1O10O01O2N00110N10O000001O01O00000000000O10000000O10000000000O2O000O102M2O0000001O0000000O100001O0000O1O1O1N3L7IRZlP2
20110531070514Th_1,dZ\P13jo1?C2N101O1O3N1N11021MOO10319C0000003N0OO10iQNnNfm1h1LO001O3M3MO10004MOO001O01O01013L000O0O1000001O1O2M101O4L2NfQNiNlm1W1RRNjNnm1V1RRNkNmm1X1PRNhNPn1Y1nQNhNSn1c1003NOO10O1jQNYNQn1m1O0O011ObNTRNg0km1WOXRNh0hm1XOYRNh0fm1WO[RNj0dm1QOaRNX1Vm1gNkRNZ1Tm1eNnRN[1Rm1dNnRN]1Qm1cNoRN^1Pm1bNPSN_1ol1aNQSN8Ae0^m1ROTSN6@g0]m1POZSN1^On0en1O1O104MO00O02O0000O110O1OO0110OQQNA]n1>aQND_n1o01O50K000O10O100N2N3K5L3O2N3M1N2O002N1O1O1Nl_Wh2
20110531070514Th_2,maT\15jo13N1O001O2N001O017I2NO10O44K0N00O33LO0000008JN001O5K0000000=CO1002N:F000004MOO10004WOTQN5on1@ZQN?To1O1Nc[o`2
20110531070514Th_3,acj\22mo12M4M3N0O2OO1000000000001O001O1O00N2O100O1O1O1O100000000O00000010O100O1O1O10000O100000001O001O1O0000000000001O0000000000O1O1N2O101N101O1O1O2N1O1O1O1O1O1N100O10IPQN]OQo1b07O1O1O01O1O00100O10000O1O1O100O2N2J6N2N1O1N200O1O0OM401O10001O00000000000O1M3M3O100B>O1O102L3N2N10001Nd]kZ1
20110531070514Th_4,[c`g04ko12N2N2O1O1O000O101O0001O00000110O0O100O1O0010018F10003Mh0YOO000O9G4K20O19G00000048D000001O1O0O2N6H3N2O1N2O1O1OO1000000O1N2O10001O0000002O0O0001O1O1O100004L00000lPN]Onn1i00001O4L<D00O1N2N2N2N2NPZgR3
20110531070514Th_5,iY[h03lo12O2N1O00000O10000O1O1O1001O1N101N1O101OO001O1O1O1O1N200O1M2M30000M4J6O000ZO[OgQNP1Tn1:601O1O0K6M2000OYO_QNCPo19>O000N3K501N\hVT3
20110531070514Th_6,Q[Qo03lo11O100O1O100O01N2O1O2NTeVP3
20110531070514Th_7,Ycee22mo14L2O1O1K5M3N2O0000000001O100O0001O1O1O0010O0001O1O001O0000001O000001N101O1OFASQN?an1^OcQN5K=an1B_QNj0`n1;001O010O1N20O3L3N101M2O00100002M2N1O100N2N20001O0O10000000O01O0001O01EZQN\Ogn10nQNMSn10P1Mn]XU1
20110531070514Th_8,YcWS23jo16L2N2O2N4L1N1O2N1PQNZOen1h0YQNZOfn1g0XQNZOgn1P10000001O2N1O10O113L00O001SOUQNc0Uo1O10002N2NO1O1O100O1O1O9G1N10000O101O1O2O0O1001N4M0O00000001O0O2N2O1O010O010002N3L01002N3MO0000001O000001O00000000001O100000O00001O0000100O1N1000000000000O2O1O1O1O1O100O10O1O10O01O02N1O001O1O1N200O010010O2N6KOO1O01O00001[QNiN_n1[110000001O1O0O100O1O1O2O001O1O1O2N2N001O0000001O1O001O0103L2O001cNlQNj0fn10O01O001O5K1O1O9G2N01002N2NO1O00100O000010O1N2N1O2N101N3LkX\`1
20110603123034Ch_1,P[`i1?b0EWn1>gQNDXn1=fQNEYn1<eQNE[n1Q1O00O2N1O100O1O1O2N1O100000000O1O1O1O02O1O1O001O0001O002N2N1O2O2M2N01O1O1O000010O1O0013L4M0O2N:F2N0001O1I7N2N1O1O1O1O2O1O1O1O0O1O1O1O100000000000O10001O00000O3N1N2O010O1O1O0O1O10001O001O1O1O2N5K1O1O4L8I00O1N4M1O1N100N2O2O1O2M3N1O1O2O0O1O0O01001O011N4M00O10O0010O102N5K0O203L0O01O0001O0001N3N0000001O01O1O1O1O000000001O1O;E2M101O1O001OOoQNYNkm1f1TRN_Nim1a1WRN`Nhm1^1ZRNcNfm1[1[RNfNfm1X1ZRNiNfm1V1YRNlNgm1S1XRNnNim1P1WRNQOjm1n0VRNROkm1m0URNSOlm1m0RRNTOom1^15K5K001O3M2N1O2N2N1O1O002M2N1010O10nNWQNk0on11N2N3M2O011O00O010O0001O010000O00O1O1O11O1O4L1O1000000000O1O1O1O01O1O1O1O0O3I6N2N102N1O1O00O1VQNEom1;PRNGPn19nQNIQn18mQNJTn1a1@00O000000001N3I5O2N2N2N3M2N2O3K4@?N2Ia`_e1
20110603123034Ch_2,Y_Xh01mo13N2N1O100O2O1N3M1010000O1O1M3L4N2N201N4M0O01O00001O00000001N1000000M2M4O01O11O0001O001N2O1O0O101N101O2N3M1O100O2OO102O0O00O04NU1mNL100O3M3M1O1N7H3K5M3HWQNUOln1;e0N2N2Nh_gR3
20110603123034Ch_3,bbfe06io15K2O013M2M1000315HN01^QNWOkm1l0hQNBe0F^l1_1YSNoNal1Q1_SNPO`l1Q1^SNQObl1o0\SNSOjl1T25E010102NOO10031MdNjRNKVm13lRNMSm11PSNOgm1WOdRNe0Zn100000000UOSQNb0mn1]OUQNb0kn1\OXQNc0To1O00000004MO000034cQNBil1>USNDkl1<SSNEnl1:QSNGPm18gRN1Zm1NeRN3\m1LdRN4]m1KcRN5fm1BYRN>jm1_OWRNa0jm1_OoQNGKj0Wn1i01O001IfQNfN[n1Q1eQNoNdn1m0;J4O2N3H8L4N1NYXoU3
20110603123034Ch_4,XcPh18ho11N2N2N2N2N1O4L4L2N100O101O01N10001O00000000000O1O10O2O001O000001O01O000O100O2M3O1O0000001O01O1O1N20O1O2N0010001O00O02O01N010010OO100000000O1O1O1O10002N2N00O020O00O115K1N0O020OjPNL_n13`QNO`n11^QN0cn1f05K100O1O1O1O1O1O1O1N2O1O1O1O100O4L2O0O011O0O01O103L1O101O0000O000000001O1O1O1O0000000O2N2N2N2O00000001O11O00O01O0001O01001OO10O100000O00001O01001OO100O1O1000O1O0000100O1O2OO1001N001O002MWY]l1
20110603123034Ch_5,ZcZ[34ko12O0010O001O01O001N1O2N100O2O1O1N2O0O2O0O10O1N200O1O1O1O1O010N2O1O01O1O01O1O010O100O1O001O3MQ]ga0
20110603123034Ch_6,Pe`Y3b0Zo15M3N10001O001O2iQNTOVm1l0hRNWOWm1j0gRNWOYm1j0bRN\O]m1DSRNT2jm1OO0InMaRNQ2^m1QNbRNn1\m1TNeRNk1Zm1WNeRNj1Xm1XNfRNk1Wm1a0N2O1000^MmRNV2Um1dMoRN\2Zm110O2N4M0006g0TOOO100015LN0O1N8I3M1N2N7F5M3N2N5EnX]c0
20110603123034Ch_7,idhS11no12O1O2[PN2To1c0J1O107K`0FIO013>0AMO100>FNN0000i0[OL00O11002NN01NYX_j2
20110603123034Ch_8,WhZU16io12O1N1010N3MiWWj2
20110603123034Ch_9,djRe03lo1209F6J01003M=B100002N2N00O15OMOO0117H1OO1004MO00O13M6JO10004MOO10008LL0000003M0000O5K1O100000000O000000001O1O1O1O001O2N01O1O100O10000000O1O1O2N1O1N[RWV3
20110603123034Ch_10,mYml12mo11O2N1O2N01000O1O1N02O01O1O001O1O000000000L4000000L40O1O10H6200000H4400000H26N2001OK501O1O1O1O00000M3O1001OO1000000L4000000000001O0000002O0O1O2ITi`n1
20110603123034Ch_11,aYYV1>ao12N1O1K4000000H80O1001G44N3OO100010O02O00@UQNKjn15XQNIhn17ZQNHen14f0O0001O1O1O1O1O1O100000O1N2000000O10O1000000000000001O000000000001O00O1000001O1O1O1O1O001O00O10000010O10O1O1O01O0001000000000004L00O1O3L]glc2
20110603123034Ch_12,mYaS2<bo14H6M1L2310OO10K6L31O0H71L41O00M3N2001KO50000000001O00O01N3OO2O1O10O1O1O1N200O1K6Lngji1
20110603123034Ch_13,U[aa16io13N0OOI261O10NOL50201M^ef]2
20110603123034Ch_14,Raio08go14L6I3N2N100O1000000O1O1O100O1000001O1O100O0001O001OO10000001O1O001O1N2J6K5N1NR_fm2
20110603123034Ch_15,acQl24jo14L2N3M2\QNH_m19`RNI_m18`RNI^m1:^RNK_m1:[RNJbm17\RNKbm18[RNJcm1]1L8H2O1O3N2NO1002M4ZSNYMlk1f2STN\Mlk1e2RTN]Mmk1g2dSNVM2;Vl1X3O1O0O1000eNiSNmNVl1S1lSNkNUl1S1nSNlNRl1S1QTNkNok1m0[TNPOfk1P1ZTNoNgk1Q1ZTNkNik1X1ZTNPNXl1Q2k0000000O2O0FURN]Nmm1a1:N2_OhQNYOYn1f0jQNVOYn1g0mQNQOXn1l0?O000O2N101DlPNKUo14;01O1O1M3O1O2Nj\no0
20110706164014Mh_1,icXe2:eo12N2O1O1O1O10022OMO10010OO10O3Oi0VO00O1O1N2N2N1O1N2O1O2N4D<L1001O3N0O1000O1O1O1O5K1O1O1O1O2N002MkZgW1
20110706164014Mh_2,knXi2?_o13N2M4Mc0]O2O004N1NO1003i0[OKO0O015K1M1O1O2N1O1000000000O0100O10O001O01O0O1O1O101N\oVT1
20110706164014Mh_3,^Zg[23ko18I2N1O0001O0001M3O0O2N0M2200000K51O00N2NJ800000I34O110O1L4N1001OO10100O1000000O1N200O100O1O1O100O101O1NWgn`1
20110706164014Mh_4,i[eb01lo13O1O1N3M3L4M201O010O01O1O2M10001O0O1000O1000O01K5N10O20001N1000000000O0100O1O1O101O0O2Ljd`Z3
20110706164014Mh_5,^[YZ25io13N1O0001O1O1NidVe1
20110706164014Mh_6,VbYU2?`o13N1034LM000O1O1O001001O00O01O2N001000000000O1O100O1000000O01O2N010O1002N1N10O01O00010000O10O0000000000O2O1N200O100O1O1O2O0O1O1O3M1NT\`f1
20110811121534Ch_1,Q]`P16io12N1O2N1O2O1O001N100O001OO2001O1N110O2N2N1O001O001O00O100O1001O2OO001O001O000000000000000001O0O2N2O101O1N001VQNSO^n1Y1N1O11O002L2O2N1O3L3L4N1N4L3O0O1O1O2N1O101O2N0000O1O1010O1000O0104K2N1O1N_bgi2
20110811121534Ch_2,P_`j08go12N2N5K3N1O1N3N1N2O100O0010O17J0O00O010O001O001O1O1O11N3M100013M2M0O1010OO10O110eQN\OZm1a0dRN@]m1`0bRN@_m1c0[RN^Ojm1a0jQNGZn1n01O0140NN0O1O6J3M0\OXQN0in1NYQN1hn1HaQN5Vo1O1N5KX^gQ3
20110811121534Ch_3,ea`o16io12O1N2M3N2O0O1O1O1O100O100O2N2N2O1O1O1O1O1O01O1O1XOPQN>Qo1@SQN=nn1ASQN?Xo1O01O00O10000000000000000000001O1O1O00001O00010O11O00O00000001O1O1O1O0O1000O1O2NQ^Wl1
20110811121534Ch_4,hcXP28fo13N2N3N2N1N2N001O011N1N3N10001N10000L5K4N3M3L5K5M101N5Kc0]O2O01O4K2N2O01O1O001003TN]RNU1hm1bN[RN^1hm1]NZRNc1Rn12N9G00O002N2VNoQNa1Yn10O1n0XOMNN1N3N5J2O11O26H00O02N?nQNUNQm1l1mRNVNRm1l1kRNUNUm1m1gRNUNYm1Y21O011O200N00111=BN0000=nMoRN=Qm1]ORSNc0ml1\OUSNd0jl1[OWSNg0gl1UO^SNR1Zl1mNhSNS1Wl1lNkSNS1Vl1kNlSNS1gm1I3N1O1O2M2O1O1N1O1J7M3N3J]W]i1
20110811121534Ch_5,QgjU32no10M3K5O1O1O0nNKURN9lm1ISRN5mm1NQRN2nm12oQNO_l1MWSNIb0]1Vl1lNTSNKc0Z1Yl1XOeSNi0\l1ZO^SNg0cl1\OWSNd0ll1]ORSNa0Qm1_OmRNb0Tm1U11]Ob0O2N2N4H9K3M2N3I6N2N1O1WOj0L4Le[Qh0
20110811121534Ch_6,Ujjn02mo12M4M2N2N1O0000001O1O001000O1O1O0001O1O10000000000000000000O001O1O01N02O0001OO10100O100000000O1O10O010000O01N20000O01O1O1O01N20000000000O1O1O1O001O0O110IAlPN?Ro1800000001N20O0000O20O0IPQN_Oon1`0UQN_Ogn1c0;O2OO2OO100001K3SQN]O`n1c0`QN_O^n1b0aQN_O^n1b0aQN^O[n1V1O0000\ObQNGVn1?mQNARn1?PRN_OPn1a0QRN_Onm1b0RRN]Ojm1b0\RN[Ofm1e0[RNXOgm1h0ZRNWOfm1i0\RNUOdl1g1l0O11O0\O?5M4O100N2O1O2N`0QNgQNX1en1J3O1N3I5O2N001K5M3O2NUZ_h2
20110811121534Ch_7,^g^V36go14M2O1O0O10O20O0O0101O1O1N2L4OQYah0
20110811121534Ch_8,]iX]3:eo12N1O1N200O2M3K5cQNXO_m1j0_RNXO`m1i0_RNWOam1j0\RNYOcm1h0WRN]O=G_l1l0RSN^O=I`l1j0QSN_O<Iel1NfRNb03YOO`0`0K^OH[m1]1lRN[OSm1e0kRN]OUm1d0iRN^OVm1g1O2M1011O14K001N3O0WSNWMXl1i2eSNZM[l1f2bSN\M_l1V311LOO0100O1O0100O10bMjSNP1Wl1iNQTNU1Ql1hNQTNV1Tl1WN`TN3ZOe0gm1WO]RNf0em1XO]RNg0dm1WO]RNh0`n1N1O1N2O6F6K4NoRY?
20110811121534Ch_9,`jhX23ko13O102M7J0O1O108H00O1O6K0O1000000O1O1O1N2O1N100O101O1O1N2O001NhTWe1
20110811121534Ch_10,Tlhj25jo12O0K4L2201O01N0101O100N2O01O001O10000OO2O10M2M400O1O0O11O1O1O1O1O1O100O100O1O1N2N2O2NlT_R1
20110811121534Ch_11,RWSR21no15K4M<C2O0000N3O000O1000001N3M1O1O1000O1O0001N10100001O0O1O0000010N20O01000O001O1O1O1O1O1OO2O101OO100000O1O00000001OO1001O100N2O01O1N11000000000O01O1O010O100N2N3N2Ohifh1
20110811121534Ch_12,UYYS34ko12N1O1N110O000M30000O10000000000000000O1O100N2MO4000O2K3100000L40000000L4O2N101M3O1O01OO101O2N3M2M3Ndh`i0
20110811121534Ch_13,mZil22mo12O0O1N2O1O1O0L40010O5L6J1N1O1O100O10O1N200O2N2N2N2N10001O000O1O1O0001O0001O10000O01O000001O10000000000000O1O00000000000001O010N2O1O2OPfnn0
20110811121534Ch_14,]]if12mo12O0N2N2O10OM3O101O00000000001N0101O100N1000N3O1O0000001O001O0OM40O1N3OO100010N10M4N2O1N2O1O010O1O1O10001OO1000O10O1N2O1O1000O2L\dTU2
20110811121534Ch_15,U\_k22io15M4N1N10O110O1O1N2M4MYdhS1
20110811121534Ch_16,eaSb22no11N2L5M10000000O10O001O0011O000O101N1O2O0O01O10O0001E;O1L4D^OUQNf0hn1;O0100O1N2N3N1O1O1O1O1000O1O1N3I6O2O0N1L5O1O001K40100000O10O1O00000100O1000O1OJhQNeNWn1Y19O2OM3O2O01000O01O2N1O1O2N1O0100O001M2O01N201O0O1L410O0O2VOWQN<jn1DWQN:kn1DVQN;Xo1M3M4N3Nl`VW1
20110811121534Ch_17,]`a`12mo12N1O1O1O0010OO10010000O1N200O2N10k_Z^2
20110819131834Ch_1,deV\14io16L1O2N1O1O10000000O01O1O1O10000000000O10001OOO2O01O01O1O2N1O100N2O10000O01000O1O010O1000000O1OJTQNYOln1h0VQNUOjn1k05100O1O1O2O001O1N101N1O100O10O1N200O1N2O0000000N2O10OO3L31O0O02O0000O11O001O000000100O1N200O1N2O1O100O1O0010000O01O0001O1O100000000000000000000O1O100O10000O2M]\e[2
20110819131834Ch_2,fcdd14lo11O1O001N101O1O1O001O00010O1O1O01O000000000000010O00000001O10O0100O100O1O2N4M1N001O1O1O0100O1O01O1O2OO010000000O100O1000O01O1O1N1O1M4M2O1O2N2N2N3Kb[gV2
20110819131834Ch_3,aeZU13lo12M101O10000O10000O1O1O10000000000000000000O2N1O2O1O00001O00000001O001O001O00000001O1O1O1OO1000O0100000O110O11N2N1O0O2O001O0O1O1000O10000000O1000000000000000000001O1O1O1O01O010O01O1O1N1O2N\Zgd2
20110819131834Ch_4,af`Q35jo13M2N9H;D2O1114MOOO001:H1L000O6K3L101MVXWm0
20110819131834Ch_5,^j\e06eo1b0ZO>dQNVO5JTl1V1aSNTO6IXl1U1WSNfN2?<Hfk13kSNQ3nk1d0M2O0M3M3O1O1O0H71000DcKUUN]4kj1VNcUNhN`j1`0oTNaNn0e0Sj1j0TUN\No0d0mi1P1VUNZNo0e0ii1m0QWNQOQi1m0QWNROoh1n0SWNPOmh1P1UWNnNkh1b0gWN\OYh1a0PXNYOPh1h0QXNVOog1j0SXNTOmg1k0WXNQOjg1o0YXNlNjg1S1a301O1O0001O01ZOYQN1hn1OYQN1fn1O\QN0bn11_QNOan10`QN0_n10bQNO^n11dQNN[n12gQNLYn14iQNIXn17jQNHUn18mQNETn1;h001O1O1O1O0001M2O020O1O10O01O0001O001O1L3O2O01O100000O1O1O1O1O2MYY]U3
20110819131834Ch_6,ighU31mo13O10002M1001O0O2N1OPXai0
20110819131834Ch_7,]i`o29fo13N01MeVWP1
20110819131834Ch_8,fjhU11no15K2N0O2O10O101N2N4L\Uai2
20110819131834Ch_9,YkhP23lo12O2N1O2M200O00000001O2N0010O001O1O001O000O11O000001O1O5K1N101O2N1O00100O1O10O10000002N1O000O3M2N1N2O1O1O1N2O1N3N001021O1M00001O0000008H2N001O1O1OO10004L000O10100N102O02M0O2mNWQNk0Ro1M4L1N2O2L4L3N2LYRWi1
20110819131834Ch_10,\^oP13io15N2N2N1O2O0O1O1O1O100O3N2N1O001O1oPN2om1P1O0104L3M0O0O1O1O2N010O1N3N2N:^O=K2N2NUafl2
20110819131834Ch_11,]h]e12mo12N1O1O1O1O1O1O1O100O101N1N2O2O0M4L3O2N1N2O1O1O1O1O100O100000000O2N100010O1O010O0O3N1N2O0O2O1N2O0O1O100O10001N100001O0000O100O10000O10000000000O1000000000000000010O000001N101O010O0001O00000010O00001O001O0000000O1O1O10000000000000O10010O2N001N3N1O0O101O000000001O000100O1O01O001O010O11O00O0101O000O1O1O100O11N10O001O01O00000000010O1000O1O010O001O1O010O01O1O0000001O0O100O1O100O1O1O1O1O1O1O1O1O10000O2O1O3LTWlm1
20110827141254Bh_1,e[P`25ko11O1O00001O0O010O10O0000010O10000000000O100O2N`d_^1
20110827141254Bh_2,Q^Xm2>ao12N1O0L31000000M3O101O0M301O10O10O2N1O2M`b]Q1
20110827141254Bh_3,Th`Z32ko14N2^ONRQN6fn1R1B2N2N2I7M3N2L4J>F2O1O1O1OoMlRNW1Sm1gNoRNY1Qm1dNSSN[1ml1ZN`SNe1`l1WNlSN`1[m1O126J1M000054GO10004MOO100001OO10O3O6I000033J2N00O15OMOO1004L2N000022MO1O002N0000001O00O1004MO001O22L00000044H000004ONO00016IYRN\OQl1d0mSN^OSl1b0kSN_OVl1a0_SNWOUO:bm1l0dRN^O]m1a0bRN_O`m1a0^RN@cm1`0[RNAfm1\13M1O1O5K3M1O2NgRN\Ncl1W1ZSNnNhl1n0WSNTOhl1m0VSNUOhl1m0VSNTOil1S1PSNoNol1R1oRNoNQm1S1lRNnNTm1T1hRNmNZm1U1`RNmNfm1c12N2N:E3L4N10000O101N2N2jN]QNl0en1RO\QNm0fn1QO[QNn0ln1O1N2O2N=B5J4O000O100OYQQ=
20110827141254Bh_4,`iXf13jo140O1O51J2OO2L[VWY2
20110827141254Bh_5,YlbR22mo12O2N5K1O001O100O10O0010O001O1O1O01O2N1O1O002N1O0001O0000010O1O1O0000000010O1000O10O0000010O1O100O01001N010000000O000000000000001O00000000000000O10000000000001O00000000O1O1O1O100O1O100O01O1O100O2O1O0000O1N2O1O1O1O100O2O1O1O1O100001O0O1O1O1O1O1O1O1O10O1O1O1O100000000O1O2N0010004L0000001OO1001O7I000001O3MO10090G1OO1N4M3M1N1OaQWc1
20110827141254Bh_6,am^o12mo12O001O1O1O1O1O1O1O1O10000000000000000O1000000O102M2O0101N000O1O1O2N1O1NgQWn1
20110912142254Bh_1,c[XX29eo13M2K7I6N2N1N3N2N2QOmNnRNT1ml1TOkRNQ1fk1nNiTN8\Ol0ik1POhTN7\Oj0kk1ROfTN6]Oj0nk1WOWTN6Fg0Tl1U200006K:4BO001113LN0O00:F2iMbSNh0_l1iN]SNA9d1\l1gNRTNW1Rl1aNYTNX1]m1J2N3N<B5L3N1N3N1O1O1N5H_cmd1
20110912142254Bh_2,icPk12mo12O1O4K4M1O002N2N2N010:F3NN01O001Nh[kS2
20110912142254Bh_3,PdT_24io16K3N2N100000O10000O2O0O02O000001O0O2O00000001O001O0001O01O00000020O0O10O11O0000O11O00O10O0001000000O100O1010OO1001N11OO101N1O100001N100O3O0O000O0110OO0110O000O01O100O0100O001O0000000000000001O001O1O1O1O2N1O001O1O1N2O00000000000001O007I4L01O100O1O01O2OO01O1001OO100001OO100003M00001O00000O10000000O20O00O1O1O1O1000000000000000000004MO0O100O0100001N4L0100nPNKYn1P1OO0O1O2N3M1O1O9G3M100O3N0000O00000001O1O3M1O2MYWWT1
20110912142254Bh_4,WdPh0e0Zo12N2N4L;F1O002OoN\QNe0cn1YObQNe0]n1ZOeQNf0[n1XOfQNh0Ro1H1O00O24K00000001OO100001OO10O11O00O1O1O`0@1aQNnNmm1T1QRNnNnm1T1nQNnNQn1a1O10100l0TO1O000031MO00003M1OO1008IO1O00O100O1O002N1O0000001O00000000000O3GaX]S3
20110912142254Bh_5,Ydbl11oo11N10001O0O2O0O2O1O1O1O00102M2N1O1O1O4M0O10O8H2N10O11O0000O02N1000O0101N000010O000100000O1001O000002N2N00O0O100O2O1N2O2M1O`Zao1
20110912142254Bh_6,`nn`23jo17K2N100000O01oN0oQN4om1o00000001O2OO01O4M2N0O008G4L2O00:F2N1O1N7H^QU]1
20110912142254Bh_7,YVaa0e0Zo15K2O3G7N2N1N1O1001O2N6B=I4N3Lki^]3
20110912142254Bh_8,daaT2;eo10O2N1N201N1O00O10100O1000O000O110O001O1O1000O1O1O10000O1000000O1O0001O1O0100O1O1O0001N1000001O0001OM3J70O01L3F65O00001O0O101O1O10O000O11N1000O02N1000OO3L30M4^O<501O1O1O1O001OO1001O1O0O2O1O000M4M201O1N2N1100O10O01N2O001O00O2N100000O10O10N3L30010O01O0000N2000O200O1O1N11O1O1O10O10000000000N2O101O2N001O0000000000000O1001O00000000000000001O1N1O2N1O100000000001O1O1O1O1O1N2N2N1000000O10000001O01O001000O0010O0O1O1O1O2O2L[b\^1
20110912142254Bh_9,Pbif1`0Uo1DPQN?nn1:N1O11O00O2\Od0O0100O1F9M400O2M2M3O1O2L4N2N1O1O1O2N1O1O1O1O2O1N2M3O1NP_nV2
20110912142254Bh_10,ibYo17ho12O0O2N2N100O10000000O1O01001O000O11O001O000O10O1000O1N110O0100N11O1O10000O001O00O1100O001O1O1N2O2OO101N102L3M4L3M3N3Ki]nl1
20110912142254Bh_11,\fQa1=bo13M1N3L3O1O2N3M6J1010O100000O0010O010O2O0O1O10O0001O01O00000000000001O10O10O000O101N1O1N2O001O1O1O0010O01O000100O1O11O000O100000O10000O1000O010O1O01N2O010O1O000JXOUQNh0jn1\OSQNe0ln18O2O0010O1O100O0O2O1O000O1O100O000N2O2O1000O0100O100O11N1O2M201N2N2O1N2N2M3N2O000lNlN\SNT1cl1nN]SNQ1bl1QO\SNo0dl1UOkRNGNS1Wm1KdRN5]m1U12O1O1N2N2O100O1N200O1N2L5FoQNaNTn1]1oQN`NUn1b0lQNO_n1Kn0N2Oc[fU2
20111015063134Lh_1,YbPh02mo12O002VPNLdo1<L1N2O2N=C1N1O1O2O00O100O1O1O2O2N001O15K0VQNXO[n1h0bQN[O^n1T1O2N4L1O01O4fNdQNh0T2ROni13STNg0n1WOoi11TTNh0l1YOPj1MVTNh0k1]Omi1J[TNf0h1Eii1CeTNc0b1Lii1_OgTNd0_1O`j11ZTNAOa0jk1LRTN\1ok1aNQTN_1ok1bNoSN`1Ql1`NkSNc1Ul1^NcSNh1^l1YN`SNh1`l1XN`SNi1_l1XN_SNi1bl1VN\SNl1dl1h01XM[SNd0M;hl1oN_SNFI543OKOm0il1TOoTNi0Rk1UOQUNi0Pk1UORUNk0nj1SOSUNm0Tm1M5J1O101O1OO2O15]OdPN5do1O010000O10O011N1000O3dPNJin1n0JO0OO10N2N3O0O7A;M2N2N[X_R3
20111015063134Lh_2,]bhh12no11N100000000001N1000c]aV2
20111015063134Lh_3,]cPR32mo12O1O1O1O1O10O1000O001O01O000000000000000000000000O1O1J42O01N1O2O1O100O01KePNEZo1;51O1O1000001N2O1N1N20001N2O1O1O1O1O100O1O1O2N001O2O3NOO000001O00002N1O1O00001O10002N000O1O1O100O1O10000O01O0001O1O4L2N2OO3N3M0O0112M1O0O1O2N2N1N3N3M4L1N][if0
20111015063134Lh_4,edXl11jo16N2O00010O0000000O1O2N3M1O1O1hNDkRN=Tm1FiRN;Wm1FgRN;Zm1FcRN<]m1E\RN`0dm1AZRN8BAUn17WRN9E@Tn17URN9I@Rn1V1SRNgNnm1W1SRNiNnm1U1TRNjNmm1T1a0J6N2N2N3M5I3N3N]\_Q2
20111015063134Lh_5,icnR23lo18I1O0000000001O1O1O0000010O0000000001O1O1O00000000000000000000000O11O0000001O1O1O0010O1O1O1O000001O010000O100O002N1O01O2N0010O1O1O1O1O1N2J]OmPNd0Qo1^OnPNc0Po18O1O1O0000000001O1O1N2O100O100O1O1O1O1N2O1M3N2N100000100000O100O1O2N00102N2N000O1O1O1O00000000000000000000000001O1O1O1O0000000000000000000000000O1O1O1O1000000000000001O020O00O0000000000000000000000000000000000000000000000001O1O1O0100O1O1O000000000000000001O100O1O01O2N001O1O1O10O1O1O001O00000000000000001O1O1O1O00000001O001O1O10O1O1O10O1O100O01O1O001O1O1O1O1O000O1O1O2NTZo\1
20111015063134Lh_6,`hPm0?ao11N102M2O1O0001O0000M3E;O1010ROVQNe0So10O1O000000000000000100O20N10O11O4L0O0O3M2N2O1O1N2O1OmN_QNg0bn1WO`QNh0nn1N1O1O0000001O1O1O0010004L000O000000000OAHWQN8in1KUQN4kn1a0O3M2O000010O6J0O100J7N1O1O1O1O1O1O1O1O0010O1O1O01O1L4O0001O0001O1O0O2O1O2O1LZW]l2
20111015063134Lh_7,YjhT12mo12O001N3N1O010O2N1O00207H0O1O100O1O01O5K1O100001O00O02N1O001000<D0000043KN000112L000009;^ON0O1N;E2N2N2O1N3L3O2O6J000O000000000000000000000001O000O1001N1O1N201NXSWf2
20111015063134Lh_8,mUij09fo12N2N3EAPQNb0mn1APQN`0Po1@oPNb0Po18O1N2N2N2N3N1O1O4L2M100O1N20UOiQNMWn13jQNLWn12kQNMVn1DZRN:gn1O1O000001O0000O2O001O1O001O002N1O1O100O1O1N2OWiVR3
20111015063134Lh_9,]VW>2mo16J3M2N2N2N3N00O101N11N4M3M1N11O000O10000O1O1O10000O100O1N200O10000000O1O1O1O100N2O10000000000O1000O10O1N200000O1O100O1O1J6N1001O1O2OO1O100O010000O1O100O100O100O1O1O101O000O101M3N2O0000000000001O001O1O2N1O1O2N2N1O000000000000000001O1mNgQN=Zn1AhQN?Xn1_OiQNa0Wn1_OjQN`0mn10OO1O1N6IcilY3
20111015063134Lh_10,YWif12mo12O0N2O1O2O0000000000001O000000O100000000O10000000001O1O1O001O0000001NhhnV2
20111015063134Lh_11,UZQd2:eo12O0O1N3N10003M2ePN^OTo1h0O002N1O1O001O00000000000001O2M101O0O2N3M1O2N3M2N2N2O1O1O1O1O1O1O1O0000001N\ePY1
20111015063134Lh_12,m]kP22mo12N1N2O1O1O1O0000001O000100O1O10O001O1O1O01O0M30001O1O1N3NhbXm1
20111015063134Lh_13,Q^a_22mo12N2N1O1O001O1O1O01O1O1000O010N2O0100O1O100O10O1000000OO10102M3M\b\^1
20111015063134Lh_14,PbYS23lo12O0O1O101O0001N2O01M2O101O1O1O1O1O1O1O00001O0000000O1N2O10O10000001O1O2N00000000000000000O100O1O001N2N20O01O1O00100N2O1O1000O1N2O10000000O100O100O1O01O1N20O0100O1O01O0010O10000000000000000000000O1O3M5L1N1000O\OjPN`0[o10O000001O01CDVQN:ln1HPQN9Po1ImPN8Ro1;O1001O10O10000O0O020O010N0100001N02O1O10000^ORQN2mn1NUQN1jn10XQNNgn13[QNKdn16^QNHan18aQNG^n1:bQNE^n1;dQNC\n1<e0000000O100O2JT`Tc1
20111015063134Lh_15,YaQ`12mo12O002M2O1O001O00001O3M2N100O1O2N001O101OO010O000100O0O2O10N102L3N2N2O1O1O1O0001O000001N2O1O0000001O000O10000O100O100O3MW^T\2
20111015063134Lh_16,mbgl15jo12O1O0O00O11O0100000O1O1O1O1O1O1G9O1001O5K2N001O4L3M1O1O1O1O0000001N10S]PQ2
20111017113714Th_1,i^`U1<co12O1O3M2N1O013M10OO1004L2N000022L0000001OO100000000O1O1O1O1O002M2N2N2NT`Wh2
20111017113714Th_2,ibh\2Y1fn13M3I=UOe0M3M1M2K33VOmRNdNUm1l0mRNiN28Sm1m0oRNgN29ol1>i101O001J6L31O00O1O2O001O1N2O2N2Kg^]a1
20111017113714Th_3,UdPn22mo12N1O3M2N2O00000000000000000000000000000000000000001O001O1O1N1000000000000000000001O00000001O001O1O1O000000000000001O00001O1O001O001O00001O00O10000000000O11O0O2O1O1O0O1O2N1001O01O00N2N2N2O2M3N1M4O000000001000000O01O0000004M1N1000O01O100O0000001O0000010O001O00001O0O11O1O3M2N10008H1O0O1O2N3L3NkZih0
20111017113714Th_4,if^a12mo12O1O1O1O1O00001O0000002N1O1O002N2N2O00O2O1O00005J2OO10100O0O10O2O2N0O1O102M1NXXQ\2
20111017113714Th_5,eiPf16io12O1N2O2N0O2L4M3N2N2N2N2N2O1006J2N00O12N3M00O11O3M00O1O2O0O013M5K00O02N1O1O1M3I7N2O1O001O1O0O10O010O1000O02O1N2F9O2N102N1O010O1O100O01O1O01O000000001O1O100O01O1O1O01O1O1O001O000001O00001O0000O10001O2N0O2O1O1O1O1O1O1O1O1O002N1O1O002M3N1OkTaR2
20111017113714Th_6,bjVc01mo16L1N1000000O1O1O100O10000O1O10O001O01O001O100O01O1O1O0000001O100000001N5GPV]Z3
20111017113714Th_7,cjZn14lo11O2N1O1O10O0001O10O100O1O00000001O00000001O1O1O1N2OSUoo1
20111017113714Th_8,hj`P24lo10O2O100O1O001O0001O02O00O01O100O1O01O2N2N2M3MlTom1
20111017113714Th_9,VnTb11no12N101O0000O010000O1O100O10000O1O1O1O1O10OO0101O1O1I_RU\2
20111017113714Th_10,PnXd28ho11N2N2N2N101O000O2O100O1O1O1O20O00O101N2N0010O9G3M2N1N8G[QmY1
20111017113714Th_11,iPQm16io12O1O1O2N1N1O3M2N1O101M2O101O3L3N1O000001OO01O1O1N2O1O1M3O2N2O2N4L001O2N1O1N2NTo^P2
20111017113714Th_12,aTYj23lo12N2N9C:J2N1O3M2N2N2N1O5K3M2N3M3M3M2N2M3O0O1fNVN]TNk1bk1hNjSNZ1Ul1hNjSNX1Ul1iNjSNW1Vl1lNgSNU1Xl1Z100O1O0O10O20N10L5L4O1O0gNaSNQOal1n0bSNnNal1P1aSNnNal1P1bSNmNal1o0\1K6K2N1G9M4N2N6F:J2N2NXmVR1
20111017113714Th_13,PWmZ33ko14_Oa0L3O0O1O2N1O1N2N3N101N1N2O1O1N1I8O001O1O1O10O1O2N2N2O1N3N1N2N2O6I5L2M3M3L6@aPN2Widb0
20111017113714Th_14,mUQf14lo12M101O001O001O1O1O00010O01O10O2N01O000000100001OO010010OO1003M1O0O1O1O5K1O1O1O6J1O2O110;C0O101O1O0O1N3L4M2N3Mdh^V2
20111017113714Th_15,\Xoa22ko16L2O0O10O100000000O11O0O3M2O0O01O1O100O2M3N2N2Nig^\1
20111017113714Th_16,eXQ\27ho11O2N2N2N2O000O101O0O2N3M2O1O1O1O0000AnPN0Ro1MRQN2nn1MUQN0ln1OVQN0jn1OXQNNkn1OYQNM\f^b1
20111017113714Th_17,V_ij15jo12N102N1O1O1O1O1O1O10001O00003M8IO000035H000O16J4L0O2M:Ef_\S2
20111017113714Th_18,faeh21no14L2N2O1N3M3M3N001O000001O001O00O1O100000000O10000O1O1O100000O100O1O010O1000O01O1O1000O010OO2O1000O0100000O1O1O1O1N2N200N2O1O1000000001N1O3M2O0O10O1O100000O1O1O10O1000O100000O1O1N200O100O1O1O11O0O1O1O010O10O01O1O0001O01O1O0000N20000O10O1O101O10000O100O1N200O1N2O10O01O1O1O10001N100O2M2Nm_Zn0
20111114063134Lh_1,Y\RW22mo12O1O2N1O001O001O1O1O01O010O11N10O01O2N1O002N1O1O00000O11O1O1N2M200O101M2O101N4M\c[f1
20111114063134Lh_2,U]\k06go14M8H6L1N3M3N1N1O3L3N2O1N3N2M6L0000O1O01N100O10O100000001N1O1K501N7H6J3O002N1O10O020O00O1001O000O20XOjPNc0Zo1O10O1O2N001003N0N10O1O1000O1O3M1O1O000000010000000O000000O2N2N2N2O10004L00000mPNVOSo1l0N0000O1N2O1O1N2O1O0001O3L2O101N1O10O0O3M2O0O0000001O1O1O1O1O2N2N2N2O000001O00O10000O10000O1O100O100O2O1No`ek2
20111114063134Lh_3,Q]TY21oo11O0O101O1O2N1O0101OO3NO0000001O1Mlbge1
20111114063134Lh_4,laPZ2:fo11N1M2F:01O0000L4O1000ML700010OO2O00O1000000001O1N2O1N2O3KY_Sd1
20111114063134Lh_5,]b^j21jo16N2N1N11O000001O10O01O00001O001O1O1O1O0L40010O1000000N10100O10O000O110O1J6M3O1000000O1000000000000000000000000000000000O01N20001O0O100000000000000001O001O001O1O00000000000001O1O1O00010O000002N3N0O101O0O100O1O100O01O00001O00001O001O1O100O000000O1O1O001000O1O1O1O10000000000000001O2L[^el0
20111114063134Lh_6,iajU11oo11M3N2N1O2O4cPNFln1<oPNHPo1d0O100O2N1001O1O0010O11O0O00001O00001N2M3M3O01O000001O1O1O1O0000O110O1O1O1O1O1O1O1O1N2O2N1O002N1O01O000000000O1O1O1O1O1O1O1O2O2N001O1N2N2N2N10000001O1O1O1N2N2M3N2N2N2N2O1O100101N00001SOPQNg0Xo1MO013L3N00000O1O010O1O6J001O3MVO`QN7]n1HeQN8Zn1GhQN9Wn1FkQN:Tn1EnQN?mm1@URN`0jm1_OXRNa0hm1]OZRNc0fn1M0N100000O10O1O1O1O01N2N5K2O1O2N1OZOQQN<nn1CTQN=ln1AUQN`0Wo1OnPN^Oen1b0YQN@gn1`0WQNBin1>UQNEjn1j0O00O0O3M2O1N1O1O1O1O2O1O1O1O0O1O1O1O10000000000000001O1O1O10000000000000000O000000010001OO10O2O7I00O0000001O000O1N2000000O01O000001O10000001N2O1O1O000001O01O1O1O1O0100O1O1O11O00O100O10000001O0000O100O1O1O000001O1001N3N0O02O0O0100001N0100O10000O011N1O01O100O1O0000000001O1O1O10O00001O1O2N2N1O1O1O1O1O0000000000O1O1L4001O1O0O1O1O1O101N2O_OPQN3on1LSQN4ln1LUQN4in1LXQN5fn1J\QN7bn1J^QN7bn1G_QN:an1DaQN<Ro10000O002N1O01O1O1N2O02O1N10O100O01O1000aPNCZo1e0M00O1O00001O000001O01O1N2O1O000000000000000000000000002N1O10O00001O1000O1O1O1O1O1O10O1001OO01O00001O1O2MaW]Q2
20111114063134Lh_7,mdXh22lo13N1O1O1000001O00001O1O1O00000000001O1O3M2N001O00001O00001O1O1O0000001O0000001O2N0010O1O10O01O01O00001O000001O100O1O03M?A1O100000000O1O1O1O1O1O100O12N=DO00002N1O000O11O0000O14L5oNSQNd0mn1ZOUQNf0Ro1104K10O201N3MO01O2N1N2N1O=AcXUQ1
20111114063134Lh_8,mf`_2:eo12N1O000000000L400000000001O1O1N2L31O1O1O001O1OO100001O1O1000O1O1O0001OO101O100000O1O000001O1O1O001O01N200O1O000001O100000O1O1O1O1000O1O1O001O1O1O0001O100000000000000000000000O1N2000000O1000000000000000O1O1N20000000000O100000000000O00101N10000O10001O0000000001O002M2O00000O1001O3M1O10O11O00O000001O00002N2N1N`ZiV1
20111114063134Lh_9,bebo05ko1101N2O0O0131NNO10O110O00O1NPZ_o2
20111114063134Lh_10,^f^P11mo1:H1O10049CO1O1N3J8I4OTYin2
20111114063134Lh_11,YiVb02mo1101O000O2O000N3N2O1O000000O1000O100000O01O0100O10O10O2O0N2000O01000001NPW_[3
20111114063134Lh_12,Qj`h23lo13N1O1O100O1O001O0010000O10O001O010O10001N1O1NeUoU1
20111114063134Lh_13,kRQ`1;5JUo1b0M2M4N6K1O0000000O1O1N11O0001O1O1O00000001XO[QN4fn1K\QN3en1K_QN2bn1M`QNNdn11^QNMdn11]QNN[o1N2O1O2NPmn]2
20111114063134Lh_14,Q^iS38go12N2M5I7L3M2N1O1O1O1O0OO2M4ON1O0200000000O101O0K5N3O010N101O01N200O1O0000L4001O1O1O1O0N2O01000OL5N3OO2OO100001N11O00M3O01000000L400000000O1O10M30001O0O10001O000000001OO100001OO101O01O00000O2O0000000OO201OO1O10000010O1O0000O02M20L3O11000O10O1O1000OO201OO2K4000001M2O20O00100O01O0O11N10B[O`QNf0an1<0000000L4M30010N2O0000O1001OO2O0001OM3OK6M31O00O100000K50N3N02M11O11M3O001O1O00K5M4OO10N2N20000N3M3O100J6L4O2Ndif?
20111114063134Lh_15,aZiZ2f0Xo15L1L11M5O00N2MK9O00O1A]O[QNf0in1\OTQNe0Zn1\OQRNj0nm1[OnQNe0mm1DPRN7Tn1KjQN4Wn1j0MYOkQNJSn18PRNUOan1k091OO1B>01O2N2M3L4N2NhgVc1
20111114063134Lh_16,\_[_24lo10O3N1N2O0001O00000000001O00000000000000O1O1O1O100000000000000O10000O0000100O101N1O0O2O011N2N101O0000O1O10001N100000O10000000000O001O1O101O1O1O1O01O1O1O1O0O1K5O1O2O001O00O1O100000O001O1O01N200O1O0N2O100100000O1O1N11O0001O1O001O0L4000000@`0001O1O1O1O00000O101O1O1N1O2O2O0O10O01O0M301O010J6O0001G35000000O1M31O0H62N2000F73N20N3I06M22O0OH9O20O01C=N201NidfU1
20111114063134Lh_17,T`oT12Vo15VQN2hn1OVQN3hn1NWQN3fn10WQN2cn15[QNKfn17YQNHgn19XQNGhn1h000000000LH<K5O1MH830HWOZQNi0bn1<K5000001O0001O10000O101N2M3O1N100000000O1G9O1O2N2N2N1O10001OO1O1O1O100O10O1M3N2O101O0O10000001O1O1O1O00000001O1O1O001O00000000000000000O1O1O0001O1O10001O00000000000O001O1O1O1O1O1O100O100O1O1O01O1O10000O1000000000O1O1O1O1001O1O1O1N1O1K500O1000000000000000001O001O1O0000001O0000000000000O2Nhbf`2
20111114063134Lh_18,i]Qh06io13N1010OO2N010O1O01003M5gPNK[n16bQNM^n1k001O2OO001321dQN]Nlm1o1MO1O6I6K1N2Na0^O4M2N3M3Ha`lU3
20111122063134Lh_1,S\fn2c0[o15L3N1N5WQNYOQn1^1L2N1O01O1O001O1K5N10001L301O101N100O2O1N2O1O1O1N100O100N3N1O2N1O2O1O000O1000001O000O1O2K5N101N2O001N3Necgm0
20111122063134Lh_2,QePc02mo11O2M2nN6bQNE06]n17aQNE05^n1;\QNC53[n1V1E?J2N1L4O2N1O1O1O1O1O001GeMjRN^2Um17O1WO^MPTNg2nk1g0N2O00O10O010O0NO2RNjSNgNNi0^l1`0fSNfNMh0\l1b0jSNLUl12XTNChk1=ZTNAfk1?[TN@ek1a0\TN]Odk1d0]TNhNYOO[l1Z1]TNcN^ONVl1`1]TNaN^ONTl1b1^TN_N@MRl1d1aTN]NPl1Z1WSNcNl0Omk1_1YSN`Nlm1_19kNdQNe0`n1XOeQNe0]n1ZOeQNd0]n1ZOdQNe0mn1]Oe0K^^cY3
20111122063134Lh_3,XcRT13lo12N3M5K2O10O2N4L01001O00O000JJbPN6]o17O10O1O1O1O2O2N1O10O1O1O1O01O1O1O10O1O1O1O10000000O00000001O1O1O1O1O1O6fPN\Oln1n0N1O3M2O00O1O00001OO1000O100O1M4L300O2O1O1N100N3O001001OO1O010O1O1O04L2O0O0000001O01001OO1O1O1O1O1O1O1O1O1000000000O1O:F0010O1O1N2O1O1O1O1O000000010O100O10000O1O1O000000100000O1000000000O002O0O1O020O0O100001O000O4aPN@Xo1k0I000O1O6J001031O]QNQOnm1P1nQNSORn1m0lQNTOUn1\1a0@1NO1O1N;F001002N1O0O0O;E>A3O1O2N4MO0110O0O100001OO10O100000O001O1O1000O1O10O100O1O1O0110OO10O1O1O1O01O1O1O10O1O1O1O01O5J4MkV[]2
20111122063134Lh_4,ed\l02no10O2O0000001N10001O100O00000000001O00001O1O1O00001O0000001O2N001O1O1O1O1O1O1O1O000000O1O2N2O1N2O002O0O1O02N1O00102N7I00O1O1O1O1O1O11O00O02O01OO000001O010007I0000103MO000000000O1O4L4L01005OL00O1001O00O^QN]Ohm1d0RRNGhm1Y10000000<EOO01N:^O:L4N2GSY_l2
20111122063134Lh_5,`eXX23mo11N2O101N1O1O4M10OO012O1N00O1131K00002N2OO00034NNM00009G3L1O1OlXge1
20111122063134Lh_6,ifVc25go16M2O0113L0O10O1O1O1O01O1O1O1O01O000000000000002N10O1O1O0000010O02N1O000000000000000001O1O1O00N2O10001O1O1O1O0100O1O100000000O02N3M1O10O1O1O1O1O1O1O100000000O001O1O001O01O01O01O2N0000000000001O01O0011O00O1O1O1O1O1O1O1O001O000000O1O1O1O10000000000000000000000000000000001O001O1O001O000O10O0O110O2N2N1O2N2NlWWS1
20111122063134Lh_7,lf`i0:eo12O1O2N3M100O3O3MO00000;E2M20N<E2M2O00PQN@`n1P11N001N<\O=K1O2NdWgT3
20111122063134Lh_8,[gXZ28fo13O02MfX_e1
20111122063134Lh_9,oghZ24jo13O011O000O0100O1000O001O0O1O1O1O1O1O000001O100O10O00001O10O100000O1O1O0010O1O100O10O01N20O001O01O1O1000000O1000000000000000O1000000N2N11O002O00000000001O0O101NdXU`1
20111122063134Lh_10,Uhh_22no11O003ON01O000000000N2O100010O100000O0000001001OO10O000000001NdWW^1
20111122063134Lh_11,ahXR1>ao12O1O000000O2O_WWm2
20111122063134Lh_12,QiXc03`03fn11WQN0hn11VQN1_n1H^QN:N1bn1l001O015M2NM1000010N1QO_QN=bn1@bQN>Ro1N1O1O1O5K1O100000000000000000O11O0000O002NFaPN4^o1KcPN5^o1JbPN6bo12O10O1O1M3N2O2O_UgY3
20111122063134Lh_13,Yi\R32lo15M4L1O10100OO10002O1NO011N1O100O11N2O1N1NUVWl0
20111122063134Lh_14,`j`T33lo12O1O1O3M1O2N8H4MO01O3O1N000O221NN0O14nPNUOfn1T1OO1O002N3N0O104M1M10O11O0000002N4L4K1O1O2N100O2O000O0O3M2N2O1N`SWh0
20111122063134Lh_15,ljPj0;eo11O1O119F1O0013MO00O115J2N0O2L\ToT3
20111122063134Lh_16,Ynhi1<co13N1N3N5K1O1O104`QN\OZm1e0dRN\O\m1d0cRN^O]m1c0`RNA`m1a10NO01O000010003NO000O2N1O1000O100O010010O1OO2N3N0O1O0O;E[SNhNej1W1ZUNkNfj1T1YUNmNgj1S1VUNPOlj1m0SUNUOnj1j0QUNWOoj1i0PUNYOPk1f0oTN\OPk1d0ZTNlNDc0Ql1a0[TNmNCc0Ql1a0ZTNoNBb0o0ZOei1V1gUNSOA?P1\OQ1MWf1^3VXN[MY1_O^f1W3WXN\M5RO8>[g1U3VXN]M5RO8=]g1U3TXN^M4TO5<dg1c5TXNbJng1_5QXNaJog1`5oWN`JSh1`5jWNaJ`h1Z62N2N2Oe0YO5L2N3N4J7J2N2O3K3N2N2O5I3N2N2Nf0nM_TNZNck1c1bTNYN`k1f1aTNXNak1f1`TNYNfk1a0]UNfNjN6Sl1j0gUNPO\j1o0\2N7D7L4N2Nhl^P2
20111122063134Lh_17,YV[\32no11N001O1O100O2O0000O100O1O2N1Olidb0
20111122063134Lh_18,RZia26io12N2N2N2N2O0O1000O01O1O0000000000O200O1O1O1O10O10O10O0O11O0001O1O1O1O000000000N2O100O1L4000000L31M31O00O1000000O1N2010O0O101H6O0200001O2O00O2O1M3N2N1O1N2N2N3O1N2N2N2MUhnX1
20111122063134Lh_19,R[ag15jo12N2O000O2O0M2N3O10O100N2O00100N2O01O00100O1O00O110O100000001O1O1O000000000000000000O1O1O100000000000O1O100O1000000O100000000O1O1O100O2N`eTT2
20111122063134Lh_20,l[ad13mo11N10000000000000000O100000000O10000O10000000000000000000O01O000010O100000000O1O1O1O2N\dfX2
20111122063134Lh_21,f\ie12mo13M11N1O100O1000000O\c`Y2
20111122063134Lh_22,]]ic12mo11O2M10100000O1O100O0100O1001NjbV[2
20111122063134Lh_23,]^ab2;do12O1O1O2N1O1O3M1O1O1O1O1O1O000000000000000000001O0O1000001N101O0OAWQNJhn14[QNKfn13\QNKen13_QNKbn13aQNJ`n15f000O2N1O2MeafZ1
20111124153054Bh_1,ncdW16mm1OgSN9Rl1KiSN=Rl1ElSN<Sl1ElSN=Sl1DjSN?Tl1BkSN`0Tl1@kSNb0Sl1_OmSNa0Rl1@nSN`0Ql1AoSN?Pl1BPTN>ok1CPTN>lk1GRTN:jk1LoSN9Pl1HoSN9Pl1InSN8Rl1IhSN=Wl1E[SNg0dl1[OYSNg0fl1Z1I7N2O1ON3N0D=O2OO00N4N10O0001M21N3L4OiNWSNYOil1f0XSNYOil1f0YSNYOfl1e0^SNYOcl1e0aSNXO_l1h0cSNVOZl1m0gSNROYl1o0kSNfN[l1Z1kSN[NZl1f1o01O2N1O1O2M206I100O1O1O10M3N2O1O2O1O1O1O1O5K1O1O1N6I3L4N2Oi0iNbPN9eo1M2Nh^Yc2
20111124153054Bh_2,Ychn12mo12N100O1O100000000O2O00001O1O001O001O002N1O000000001O1O1O1O01O2N0010O1O1O1O0001O2N0000001O01O001O1O0100O1O1O000000010O100000O001O001O1O1O0010000000000000000O1O2N1O2O1O1O00O0000000100000000O1O1O1O000000000001O1O10O002O0O000000000000000000000000000000000000000001O1O1O1O000000010O10000O01O000000000001O100O001O02N1O0001O1O1O10O1O1O1O01O1O1O1O000001O01O1O1O1O0O1000001O1O1O10O100000O00001O01001O1O0O10O01O1000000O100O11N10O1N7IRZmc1
20111124153054Bh_3,mcXg13lo12O1O1N2O1O1N2N2N101O1O9G1O1O100000O01O00010O1O1O0001O1O1O1O0000000001O0001O002N0O2O002N1O1O002N1O100O10000O100O1O10O1O1O1O1000000000002N1O0012N0N10O3O1N0000115KNO100O2N1O002N1O001O0000100003L5K100004L000031NNO1002N3MO100004L000002;ENO102bQN`NVn1R2D0000328DO0lM^RNi1bm1TNbRNk1^n1DIO0000c0AMO0O2O:F3M000O2N4L10001O0000O02N1O1O002N100N2NhUon1
20111124153054Bh_4,UdPf13lo13N001O01O0Ol[aY2
20111124153054Bh_5,ZeXb14ko13M2O4L:F1O1O11O00000013NN000054HOO1124ML00O101O3M0O011N1O10O11O0000O11O0000O11O0000O11a0^O1O0O203MOO1005L2M0O12>B1M0O1010O00O110O3MO10010OO100001OO100O2N3L2O1NiVgX2
20111124153054Bh_6,Qhdk22lo15L5K2O10001N1O00001O00000001O0000000O10001O001000O1O10O1O100O1O1O1O100O1N2O2M2O1N_WgQ1
20111124153054Bh_7,ThX]27ho12N2O1O2M1010001N01O002O0O1O0100000O00001O010000000O002O0O0002N10O01O11O00O1O100O1O1O1O100O02N1O2N1O101N1O1O011O0O1O002KiVm^1
20111124153054Bh_8,nhV[16go16L2N2N2O5J2O1O1N6K1O100O5K100001O6J00005LOO10004L1O00003M0000001O2N0O010O1O1000O1O01O00001O001O1N100O1O10O1O010O10000000O1O001O1N2O1O101NiU]`2
20111124153054Bh_9,QjdQ26io12N2O0O2M3M3N1O10000000000000000001O2N0O2N2M3M3N3MPVgl1
20111124153054Bh_10,im^g25io18J001O101N01000010N10O100O1000001O00002Ne0[O00003M>dSN]Nai1a1\VNaNdi1a1XVN`Nii1a1TVNcNmi1Z1hUNRO[j1i0eUNXO[j1g0dUN[O\j1d0aUNA]j1?^UNHaj17^UNJbj17[UNLdj15WUN2fj11PUN9mj1IPUN9Pk1GnTN;Rk1Y211N10O020c0\O00002Nc0@L2O2eJhUNj4mj1MM000001O00001O1O5K1_KdTNZ4ck1N5UN_TNmNek1k0cTNQObk1i0bTNUOck1c0aTN\Oik16oTNVOYk1?lTN_OVk1=kTNCWk1:kTNEhm101O010O001O0001O100O01O1O1O1O001N3M2N1OejfR1
20111124153054Bh_11,_\]V24jo15L6J2O1M3M8I1O2M6J4M2O10031MO00O13M2N0O1O7I?A001N8Fdblg1
20111128175514Mh_1,Y_XS13lo12N2N2N2N101O1N3N001O1O1O1O1N2N2N2O1N2N3M10100O1O10O0000000000001O010O1O1000000O1O1O1O1O1O1O1N2O1N2O0O10000O2O1O1O1O00000001O1O1O1O1O0100000O0001O010010N100O11O0O0010O00001O3M2O000O100O10O1O1O1O10O11O000O00;FO01O1001OO1O1N5HS_ee2
20111128175514Mh_2,l_Rg24jo14L2O2O0O2O00000O101N100000010O1O00O1000O001O1O1O1O1N2O1O1O1N200O001O1O10000O100O1O1O10O10O01O1000000000001N100000000N2O100O1O1N2000000O10000000000000000000000001O1O1O1O1O1O2N0100001N000000000000000001O00000000000000000001O01O00001O1O0000010O01O1O00001O000001000000O00001O010O1N101O001N2N2N101N100O2O2N0O2O0O2O1N2N2MV`on0
20111128175514Mh_3,\aXc29fo13M2L7J9gNVOmRNl0Qm1VOmRNl0Qm1YOjRNj0Sm1ZOiRNo0ol1ROoRNP1ol1ROoRNP1ol1ROiRNV1Um1nNgRNT1Wm1l0O00000000000O101O001N3M1O2OaNRSNMml10\SNO>VOej1h0RUN17YOfj1d0VUN30]Ojj1>WUN6GCSk15WUNe1hj1YNZUNg1ej1XN]UNg1cj1XN`UNg1`j1XNbUNg1]j1XNeUNh1F\Mli1k0_VNi1C^Mni1g0`VNj2[i1SMhVNQ3Ti1mLoVNR3Qi1lLPWNT3Ri1iLPWNV3Si1bLTWN[3jj1O1N2He0WN[SNmNWm15cRNJ?JQm1NYRN4:2>JQm1LPSN81HYZaY1
20111128175514Mh_4,W`nl16ho14M2O0O100O1O10000O101O001O001O1O0000000000000001O1O1O1O1O1O10O01O0100000O00100O11O00O000000010000000O001O2N01O1O100O10O10000O011N1O1O011N1O1N10l^_n1
20111128175514Mh_5,QbXY22lo13N2L4M4M2N1O0O2N100N2D]OUQNk0in17O0O2OO2O1O1O2J7M2N2NQ_We1
20111128175514Mh_6,acjY32no11O2N2N0010000O100O1O1O1O1001OO1000001O00O02O1O00002O0O00O1O1O10O0010O0001O00000001O1O1O00001O0000000000000000000001O00000000000000000000001O001O001O0000001O001000O10O01O002N1O01O010O1O00001O01O1O1O001O0000001N2O2M3KU[[?
20111128175514Mh_7,mcXQ32mo13N1O3Mo0QO2M2N4L4L3M2O2M5K2N2O2N2NeNZRN<fm1B^RN=am1AcRNa0Ym1]OoRNa0ml1]OWSNc0gl1]OZSNc0el1\O\SNe0cl1UOfRNFj0U1^l1TOiSNl0Vl1SOlSNm0Sl1SOnSNm0Ql1SOXTNf0fk1ZO[TNe0ek1[O\TNe0ck1[O^TNe0ak1[OdTNb0Zk1^OgTNa0Yk1_OhTNa0Wk1@hTNa0Wk1_OkTN`0Tk1@mTN`0Rk1@oTN`0Pk1AoTN`0Pk1BnTNa0TOUOij1:TVNa0QOWOjj19UVNm0bNlNXk18VVNo0]NkN\k17]VNZ1bi1gNaVNV1^i1jNcVNV1\i1jNeVNV1Zi1kNkVNP1Ti1POmVNP1Ri1POoVNP1Pi1QOPWNo0oh1SOXWNe0gh1[O\WNc0ch1^O_WN`0`h1AbWN=]h1DmWN2Rh1OUXNJkg15VXNKhg16YXNJfg16\XNJbg16_XNIag17`XNI_g18aXNI]g17dXNLXg14jXNKUg15lXNKSg15nXNKQg15SYNIkf16WYNJhf16YYNIhf16XYNMff12_YNL_f13cYNL]f13dYNM[f14dYNM\f12gYNNVf12mYNLTf12mYNNSf13lYNOSf10nYNORf10PZNOPf11PZNOPf10RZNOne11SZNOle11UZNMle12UZNNje13UZNOke1OWZN3fe1L[ZN4ee1L[ZN3ee1N[ZN3ee1MZZN3fe1L[ZN4ee1L[ZN3ee1N[ZN2de11ZZNNfe13[ZNKee16ZZNJge18WZNHie19XZNDie1;ZZNBge1>XZNBhe1`0WZN^Oke1c0VZNXOme1h0f4002O;EO00003NOO10004MOO10O02N1000O11N1O10O113L00002N:F00000010N0100<E1M10003N2M00O32NON10005L2M00O3O01N000102NOO0102M8I0O1MmWWd0
20111128175514Mh_8,mcb[11no13N7I2N2N0101N2O0O10O100O01O1O1O1O1O1N4Ld[Sc2
20111128175514Mh_9,Zef]12lo16L1O002O0O01000O1O100O11O00O1O100O1O10000000000dPNFOMkn1R1M00000000O100O5K2N001O5K1O1O1O2M3N1O1O2N2M1O2O4LTYU_2
20111128175514Mh_10,\f^e25io1b0_O2N3N2N1O1O11O8H1O001O2O2L01004ON0OO104M1N4K2MYXoX1
20111128175514Mh_11,cg`Y24jo13O001O010O100O00010O2O4L005J5K3N0O1001O2N3L2O2N2N000O2N100O10002N0000100OO102O0O00001O3M0O010O1O1O01N:CfVUc1
20111128175514Mh_12,egXh26io1101O0000000000000001O1O1O1O002MWXeV1
20111128175514Mh_13,jghk24ko12000O1O0010010OO0001OoW_S1
20111128175514Mh_14,UhXX11no12O1O001O000010O01O01O01O00000000000O1000000000000000O1O1N2O10kWge2
20111128175514Mh_15,Wh`l27go14N2O3M;D1O101O4MOO10013L00O111oNXQNe0Ro100000000000004L000000000000001O2N000000000000O5MO0O1010O00O11O01OO1001OO1000000000000001OO02N4M0O1O1001OO1O00000001001OO100O11O00O01O001O001O3KeTmm0
20111128175514Mh_16,QPkg22no11N3N1O1N100O1O101N2O1O1O000O1000000XOCmQN=Rn1EmQN;Qn1HmQN9Qn1JmQN7Qn1MlQN4Sn1NlQN3Rn1OlQN2Tn11hQN0Xn1l000001N10001O1N3M4L2N2O6J1N2N2N2O1N2O1O1O1O1O002O0O1O002O0000O2O2OOO100000O0100O10O010O1O1O10O11O0O0000001O010O100000O00000001O2M5LYoZR1
20111128175514Mh_17,_TYk14ko12N101O1N200O01O1O001O001O001O1O1O001N10[k\S2
20111128175514Mh_18,\UQX23ko13O1O100O1O1O1O100O0100O1O1O02N1O001O1O1O1O01O1O100O0001O1O1O02N1O00001O00001O1O1O1N2NTjVe1
20111208173814Mh_1,Y\j`22no1001O001O1OO10000O100O10gc[^1
20111208173814Mh_2,]]TP22no1001N101O1O1O1O000000001O00000000000000000000000000100O0100O0000001O01O001O1O1O001O1O1O0000O1N2010^PNG\o1?1OO10101N0O1O3M3M1O01O2N001O1O2M2M3O1O1O0O2O00001O010N2O001O001O1O1O000010O002N1O001O1O1O1O0000000O100O1O100O1000000000000000001O00001O2N0O1O1O1O10001O0000001O1O1O00000000000000001O001O1O001O001O001O1O001O1O001O00000000O101O00000O0100000O0O200O01N200000000000000000000000000000001O0000000000O100N2O100001O001000O100O020O0000O3O02M00001O00O1O1O1O1O1O1O1O100O1O1O1O0002N1O00000O2O0O1O10000O101O001O1O00001O000000010O10000O01O00001000000000O1O1000O1O0000000000001O0001O010000O01O1O1O1O1000000000O1O1O1O1000100O0000O00100001OO1000000000000000000046F1O001O000000000000O1O1O1O1O1O100O1O1001OO10001O2N00005K00000040OM0O110O00000040L00O11O1O000022MO00O10003M000O:F2N1O1Nc\oW1
20111208173814Mh_3,i]fe21ko16M1010001OO1O0001O00001O1O1O0000O1O0100O2N2N10000000000000000O2O00000O3M2N10001O00000000000000O10000000OO2O1O1O1O1O100000000003N1N2N1O00000001O1O1O1O0001O1O10O2N0010O1O2N1000000O100O1001N01O010O1O01O4K3N1O101O0O1O1O4M0O0001N2O1N1000001O01000O1001O00O100O0O3N1O1O1N6J2N2O2N4L1O1O1O2N1O004L2N1O1O1O1O1O1N2O2N1O0000000000O2M2O1O2O1O2N1O10VRNaNRm1^1mRNeNRm1Z1nRNgNRm1X1mRNjNSm1W1kRNiNYm1T1eRNnN[m1Q1dRNQO\m1o0bRNSO]m1P1_RNQOcm1R1WRNoNjm1c11O002N1O1O002N1O1O002N1O1O1N2N2N2N2N4K5J4N1O3L4M2N2N2J5O2N2N4Ih_Um0
20111208173814Mh_4,ldb[13ko13N2M3M3N1N2N101N1N2O10000M4J42O00O1N3O00O01OO3M201O0O1L4000O1000001O0000001N2O010L3J5101O0M3N2O2O1NcMWOgUNg0Zj1ZOfUNe0Zj1]OdUNd0[j1]OdUNc0\j1^ObUNa0aj1_O]UN`0ej1BYUN?gj1AVUNa0kj1APUNb0Pk1_OnTNa0Sk1_OkTNc0Uk1]OeTNg0\k1ZObTNg0_k1ZO^TNh0bk1XO]TNh0ck1ZOQTNBVOU1jl1[OhSNS1Xl1oNaSNV1`l1jN_SNV1bl1kN[SNV1fl1Q1101N2N2N1O2O1N2M3N2O0O1N2O101N5J4M2O0O3M2M3O1N:VOc0K5M5JT_W^2
20111208173814Mh_5,laVn14lo12N1000O6OK1O10100O0O01O7LM1O01N`]gP2
20111208173814Mh_6,ccPh27go1300002OO0O0001O00010O1O1O1O01O1O1O0000000010O10000O01O0000100000000O001O1O0010O1O1O00000000001O0001O1O1O1O000000001O1O1O10O005K1O0001O01O0001O2N0000000000000001O001O1O001O100O1O1N2OW[WR1
20111208173814Mh_7,ncPR19eo13N2N4M3L2O10O11N10O00001O010000O10O01O001O1000O1O100000000O1O1O3M1O102M1O1O02N1O0001O1O1O1O0001O00001O2N000002N1O01O1O100O001O0000011O0000O04M2OOO1O3iPNZOnn1m00O00000001O00O2O1O1O0O2N1N201\OiPN=`o1M1O1O000000001O1O1O00010O0001O1O1O001O02O00O10O00000000101N0001O2OO00000000100000O10O1N3MjY]e2
20111208173814Mh_8,ichT32mo12O1O100O1O10000O10O001O10OO2O1NQ\Uj0
20111208173814Mh_9,UdPb02mo14L2O001O1O1O1O2N1O1O00000010O0000000000000000000000000000100O1000O0101N010O02O0000002M2O00000O100O1001O2N00001O2N000O02O0O01O1O1O1O00000001O0000001O1O1O000000000O1O1O1O1O100O1O1O1000O100O10000O1001O1O1O000O100000000000O100N2O1O1O1M3N2000000O01O100O100000N2O001O1N100100O10000000O100O1O2N2NW[kT3
20111208173814Mh_10,edXb2:eo12O10022NNO10013L000000000000002N00002N4L0000000000O1O1O1O100O1O10000O100O1000000000003M1O00O113L00O11O;E00001O00000004L000O1O1O1O100O100000O01O1O1000001OO1001O0000O11O0000O1001O00004L00000004L00000001O001O2N000O1O1O1O1O1N\WgV1
20111208173814Mh_11,id`V33lo12O1O1O1O0010O0100O010O00001O1O100O001O00000110OO0100001OO100040L000O11O0000O11O0000O101OO100102M000O110O00O11O2N0000O1O3N0O111OO00O0O3N1N2O1N\Yod0
20111208173814Mh_12,Qedm22no12N3L20O11O00O010000000O1OgZ_Q1
20111208173814Mh_13,Tebh29go17K3L5J1O1006NOM00006J2N00O11O0000000000000001O00O13M8H000013L0000O112M0000134H000O242LM0O1O>B2N1O1NoWWT1
20111208173814Mh_14,ee^[22mo12O001O1O1O1O1000000O1O100O1O1O11O00O10013L00O02000O0O13OO0O00O114KO10022NN000004L0000000000000004L000004L00000004L000004L00000004L000004L0000000000000000000O100O1O1O13M1O0000003M00001O1OO100003M0000O1O1O1O1O1O1O100000000O1O1O1O1O00000001O11O00O01O0000O100N2O101000000O000001O01O1O1O1O01O1O1O1O0O1O1O1O2O1O1O1O00000000000000001O2MnUUZ1
20111208173814Mh_15,efho23lo12N2O100O001O1O10000O100O1O0000010O0000O10000000000001O0000011O00O1O1O2N4L001NmXgm0
20111208173814Mh_16,dgX_37ho12O1O1000000001O000O1O001O1O10O0001O0O2OoW]?
20111208173814Mh_17,eiRU32no1001O0000110O0O0001NXVWj0
20111208173814Mh_18,`j`m07ho12O1N2N2N2O01O1O1O01O00100O1O02N1O01O00100O1O01O2N0000001O000000001O1O1O001O001O2N2MPUio2
20111208173814Mh_19,mPS`22mo12O0O10000N2O10001O00000O1O2N2N2O000000000000000O10000O2N101N3N0eQNYO]m1h0^RN]Oam1d0[RNBcm1b0SRNDmm1<QRNFnm1;QRNFnm1;oQNGQn1T11O01O001O0000O1O101N100000000O1K5N201N3mN`QN;jn1@YQN<kn1CVQN<ln1AVQN>[o1J2O1O1N`nf[1
20111208173814Mh_20,QWQc21mo13M3O2M9H1N2N2N3M2N1O0O11O01L4M210O1M2J42N21M2N11O11OO1M3M4O1O1N2O1O001O1O10O001O1000O1O1O010O0O101O001K5O1O2N1M4L4M4M`jVY1
20111208173814Mh_21,e]aa15jo12N2N1O2N100000000000000000000000O10000000000000000001O0O10001N2N2O0O1000000O10000O1O1O100O10O100O10O001O0100O0O2O10N10O11O0O100O02O001O1O01O00000000000000001N11N11O1O1O001O1N2N2O0M4L30010N1L40O20OO2N100000000000O1ON3O101OON301O00000000O2L30000O1L31000O10M4J50000O01O11O00100O01000O1O00O11O1O1O10000O100000000O1O1O1O100O1O1O10000O10000O1N10000O10100O100O1O1000000O100O1N2000000O10001M3LYfZR2
20111208173814Mh_22,i\WZ22mo12O001O1O2N0000001O00001O1O1O000000000000000O100O100O1000000001N2M200O2O00001O1NWcVc1
20111208173814Mh_23,[]_Q24go17M2N2M3EBPQN`0on1BoPN?Qo1AoPN?Qo19O01O00000000001O1O1O1N1O1O1O1O010O1N3O0O2LVcdl1
20111208173814Mh_24,Ydea13mo15K4[PNJWo1a0O1O2O0O1O1N2O1N2O001O1O1O010O1O100002M2O0O011N100O001O1N2O0O1O1O1000000010O0000000O100000000001N100N2N200O2O0O1000010000O1O000jPN_Omn1b0QQN@nn1c0mPN@Qo1h001N2O0010O010O000001O00001O1N2N1O100O1000000001N2N2N2O0O2O1O1O1N1O1O2O00001O0001O010O0O1O010O0O3M2N200O010000000000O10000000000000100O001O001O00000O2O1N3^OmPNK[ZVU2
20111216103234Ch_1,m[Rh12no10O2O00001O1O1O1O00000000000000001O1O1O1O002N4L1O0O1000000OO1N201O10O10000000000000000001OO1000001O01O0001O01O10O0O2O0O101O100O10000O6J01O000000001O1O1O1O001O2N001O1O1O10O1O5L0O00000001O001O01O0O2O1N2O01O`0_OXc]Q2
20111216103234Ch_2,Z_PW26io12O101O0O100O1O0100O1O00001O0000\PNL\o14cPNO[o1;100O1O00001O000001O0000001001O1N0000000O100O1O10O2O2N000001O001O1O0O1O1O1000O1O1M3M3O1O0100O0O201N2Id`ed1
20111216103234Ch_3,TcnY14]o1f0H2N2QNSOhTNo0bj1IVUN>hj1HQUN9nj1IPUN9mj1KPUN8ij1NQUN;jj1GTUN@VOHdk1j0TUN^OZOH_k1m0UUN\O]OGZk1R1aTNCd0WOij1X1aTN@i0XOej1X1bTN@j0XOdj1a2^UN_Mfj1U2bUNkM_j1P2eUNPN\j1m1fUNSNZj1l1fUNUN^j1P1XVNQOji1j0XVNWOhi1g0YVNYOhi1e0ZVNZOhi1<aVNC_i1<cVNC^i1;dVNE[i1:gVNEYi12UWNJjh13ZWNMeh12]WNNch1O_WN1Zl1N1O1O001O1O1O1Ni[_c2
20111216103234Ch_4,``h`23lo12N2N2N2O1N1N2M3O1O100000001O00001N2N1O2N100000N2O10O0100000N10O110ON3M3O10000000000O100000000001O0O2N2N2O1N100000000000000000000001O001O0010N2O1O1O01O1O0010001OO01O1O1O1O0000O1N3O00O2O000O0N11N2O2H9J5N2O3MU`gX1
20111216103234Ch_5,Uahh26jo11O10001O0O0101O0O010O1O100O1N`^WV1
20111216103234Ch_6,afh[26io12N1O1O1O1O1O000000000hMEXSNh08C`l1GVSNh08Acl1GTSNj07_Odl1KRSNh08]Odl1[1YSNfNgl1\1WSNdNil1]1VSNcNhl1`1USNcNjl1^1TSNdNkl1]1TSNdNll1]1RSNdNnl1]1PSNcNQm1Q2401O01N02O0001O1O1O1O1OEQSNgMnl1W2VSNiMil1V2YSNhMhl1X2YSNgMgl1S2f0O1O1O1C=O0000OmNiQN8`n1GdQN5]n1JeQN4\n1KeQN4\n1FlQN5Wn1GnQN5Un1JmQN5Tn1ImQN6S[i`1
20111216103234Ch_7,acTa04jo1:F<E2O1N3M:F3N3N4Of0WO1O002N8H000O108IcMSSNd1ml1TN[SNl1el1QN]SNP2bm1I1O0O024YNfRN;[m1AjRN=VOBcm11WSN>TOCem1MXSNa0oNGnn1f0O001N2O1N2O01N2M3K5N2M2L4L5O01O1O00001O000001O100KaPNG`o17bPNH_o16]YW[3
20111216103234Ch_8,idPd1h0Wo12N2L4J6N3M2O2NPORRNOlm1O[RNNem10]RN0cm1M_RN4hn1O00O100O100000O001O100000O01O01O000001000000O001O2N1O1NhY_Y2
20111216103234Ch_9,jiVf01mo16L1O002N1O1O001N10000O1N200O001N02N2O1O1O100O0100000O00O110O00000001O2O1O1O1O0000000100000000O1O4L1O1O2O01OO1005K0000O11O000O000000010001OO100000000O1NhUoT3
20111216103234Ch_10,YZYd02mo12O1O1O2N001O1O2N001O00100O10O0100O1M3N10001O1O1O10O102M4L1O1O2N2N0000001N10000000010O11O00O000000O1O1O1O1000O1O0010O1O1O00100N200O11O2N1O001N5H[eTW3
20111216103234Ch_11,d\ab25ko11N2L7I;G2N1O3M2N2O1O1O1O1N2N2NQOmQN4Qn1LQRN4mm1LURN4jm1KXRN5fm1J]RN6am1GeRN8Zm1GhRN8Zm1EhRN;bn1L1O1O1O_bf[1
20111216103234Ch_12,U^Q^26io12O0N0O1011O1N1N012OXbXa1
20111216103234Ch_13,egi_1>ao12N2N2I7M201N101O01DQQNFon19RQNGmn1:SQNEnn1:RQNGmn19SQNGnn17SQNIon14RQNLon10UQNOkn10VQN0kn1OUQN1mn1LTQN4nn1ISQN7[o1000001O0001O1O1O10O1O1O000000O1010O01O1000O2N001N2OcWV]2
20111216174914Mh_1,m[jk12mo13K4L4N2N1000000O2N2N2N2O0000001N01000001O0O1O2N101O1O0O2O000000100O1O001O01O1O1O001O2N2N1O4L4L1O1O001O0010O1O1O0O2O1O2M2O1O9G100O0100O10O10O00100O10O100O0100O1O01O001O0000001O0O101N2N102LWcWn1
20111216174914Mh_2,j_nZ21no15K2O1N2O1O1O000000010O0000000000000000000001O001O1O00O10001N1O101O0O101O000O1N3N1O100O2O1N2O10O11OO102M5L1N1O1O;Df_]a1
20111216174914Mh_3,Y`hb22mo12O1N2N3M100O101O0O1O1O1O2N101O1O001M3N2O1O00000O10000O1O1O100000000O10000O1O1O10O1O010O10O01O1O1O1O2O00001O0000000000000000000000O1000000O101N100O10000001O001O1N1000000000000000001O01O00001O2N0010003M000O00^OUQN0jn1N\QNNdn12\QNNen10]QN0cn1M`QN3`n1LbQN3^n1KcQN5]n1KdQN4\n1KeQN6Zn1IhQN6Yn1GjQN8Po10O2N010O11O0000O02N1000O1O000010O1O10000O100O10O1O1O1O0002N1O0100O1O1O01O1O1O10O1O1O1O0002N1O01O01O01O1000O1O010O01O1O10O1O1O1O00100O1O01O1O10O002M4Ll][Q1
20111216174914Mh_4,QcP]19fo12N2L4D<N101M2gMIfTN:Xk1IeTN9Zk1IdTN8Yk1LdTN6[k1Y2N1OO2O1]OkSNYMVl1c2g0N1O3E;M2N3M6jNTRN_O^n1<d0N3N1H9J6Md_Qa2
20111216174914Mh_5,bfX_25io13O0O1N2O100N1O020O0_MLWUN5fj10VUN2ij1OVUN1jj11[TNA_O?Ul12UTNH_O9\l12^SN<1Dal12\SN<0Dcl11\SN<0Cel15USNX1ll1m01O1O100000000O1O1O1O1O1O1N20O01K5O1O1O1N2L5O0O3L3L4M3N4F9J5N100J6M3O1O1K5H9N2MY\o\1
20111216174914Mh_6,ich]12lo15M10O1020NOS\ia2
20111216174914Mh_7,\fhd09eo14N1O1N2O2OO0100O1O10O000000001O001O0O2M200O11O0000000000O101O0000001N3K`YmX3
20111216174914Mh_8,aiPh02mo12O1N2O2N0O1O1O1000000000000000000000000000000000000000000O10000O1O1O01O1O10000O1000000O1N2000000O0100000001O002N1O0001O0001O1010N0100O1O100002N1OO1O00100O10O1O1O100000000O1O3M3M1NmUYR3
20111216174914Mh_9,eZif06io12M2G9N2O2O01N1000000000001O00001O1O1O000010O02N10O0010O00000O2O1O1N101O0O101O0O4LYebV3
20111216174914Mh_10,f\_e29eo19H2N2N2N3M2N1M3F:O2N10000000O100E<J5O2M3K6I5N3MmcnX1
20111216174914Mh_11,Qhm`11jo18G9K3N1L6H7N1N3N2N2N2O0O1O1O100000O101N102M2O1O2N:F2N1000O1O01O10O01O0100000O00001O010O1O1O0O2O1O1O1O1O001O1O001O00001O0O10000O001O1O0001N101O100O100000000O10001O0O100O1O2O000O100O1O10O010O10O1O2O0O1O2O1O0O100000000000000001O001O1N2O1N2M4L3LWX^W2
20111216174914Mh_12,^gWR22mo13M2N10O1O2NeXZm1
20111216174914Mh_13,agcU22no11N3N2N1N2O1O1O1O1O2N2N100O00001O001000O001O0O1O2O00000O10000O1O2N101O1O00000O10O1O1O100O100O1O101N1O100O10001N1010O0001O01O0000000000000000001N1O1O1O1N2O100O2O1O001N101O0O2M]Xld1
20120107063134Lh_1,i[Ri13lo12M6K?A2N1O1O2N1O1O4K7J6K2mQN\Nbm1k1YRNYNWm1W2fRNoMTm1a2M1O1K5O2N1O1N2O1O1O1OfMUTNa0kk1\OZTNb0ek1^O]TNa0ck1^O_TNb0_k1]OoTN7Pk1HSUN8lj1HUUN8ij1HYUN9ej1E^UNb0Yj1^OiUNb0Vj1]OlUNc0Rj1]OPVNd0ih1lNTVN`0X1e0^h1oNVVN<_1d0Yh1ROVVN:c1d0Vh1UORVN9i1b0Rh1YORVN5S2=ig1@RVN3Y2;dg1CQVN2]2:bg1EoUN2_2:ag1FmUN0c2:`g1GkUN0f28^g1h0bXNXO_g1f0cXNXO^g1f0eXNUO_g1i0dXNSO_g1l0cXNRO_g1m0bXNRO`g1l0eXNmN`g1o0bXNoN`g1n0cXNPO`g1m0bXNROag1j0aXNTObg1j0`XNROcg1l0_XNROcg1m0n3J1N2O1M;E4K4NTfaR2
20120107063134Lh_2,`]PZ17ho12N2N2N2O1O000000001002N1O00O1O100O0000000001O1O1O10O1O2N1O011O0000O13M1O000O000100O0100O010O11O4LO100O1O1O1O4L7I1O1O10VOTQN?kn1@YQN=gn1B[QN>en1A\QN?cn1@cQN<]n1BgQN<on100002O0O0O2N1O10O011N8H3N120=URNZO[k1f0cTN\O\k1e0bTN\O^k1e0]TN^Oek1b0TTNDlk1=RTNCPl1=nSNCTl1=jSNCZl1?`SN@el1>YSNAjl1?TSN@Pm1?nRNAYm1_12N2N2N6I3M3N2N>]O7K5O1N2M4L3N`^Y_2
20120107063134Lh_3,V^nh23ko1<F1O0O10001O0N2O101OO100O10000O1N200O101O2N0000001O000000O1000000000000001O001O1O1O1O002N1O1O1NdaoS1
20120107063134Lh_4,]cVV31mo14M101O101N00000001O01O00001O1O02O0O0010O00001O1001N01O1O100O0001O1O10O001O1O0O2N1O100O10000O0O100010O10001O000000001O001M3N2O00001N110O100000O01O1O1O2MT\od0
20120107063134Lh_5,UiX>::Ij09Zk1FjTN:POKi06[k1KfTN6TOKi06[k1JQTNN0l0b0^O[k1JnSNm2Pl1TMoSNm2Pl1TMPTNl2Ql1a001VTN]LUk1c3jTN`LTk1`3kTNbLUk1a3fTN`L[k1R42N00K5CfKRUN\4lj1<02M2N2O101_OlJRVNX5ki1kJQVNY5li1jJQVNX5mi1?N3N1N`N_VNdL`i1[3bVNdL]i1\3fVNaLYi1]3nVN]LUi1a3UWNRLoh1n3RWNmKRi1S4PWNkKmh1k3j1M31N10O101O1O1O1O000^OTTNQMhk1Q3d0ROfSNVN[l1i1hSNVNWl1i1lSNUNPl1g1bTNnM_k1R2fTNhM[k1X2V10OM401ON2NO3O2O1O1J5M4O00OM5M2001O00100000000O100O1O010O01SOWRN^Onm1a0URN[Omm1d0TRN\Olm1c0VRN[Okm1d0i0N11O0000010O01O1N11O00M4M300O0O2O1O00O11O1O100000O1O000001O001N2N1000010O100O1O2M2OP\aY3
20120107063134Lh_6,\e^c23ao1<N3N11O001O001MR[o[1
20120107063134Lh_7,be^h13ko1<F1cPNDTo1=kPNCUo1f00O000O1O1N2N2N101O1N1100O1O100O12N3MO1O100O1O1001O1O000O1O1O01O3L3N1O1O108H00O0O1O2N101O1O1N100O2N1N200O1N200O1O1O1O1O1000000000000000000000001O2N001O01O00001O0001O1LYYQR2
20120107063134Lh_8,\iVl18]o1>L2N00000010O100O1N11O1N200O1O1L4N20O2O3L6I4K5LUWWR2
20120107063134Lh_9,_i`]35jo12N1M3O1O1O1O1M3N10100O10000O10001N102M6K2M2O0O2N1O1O2M2O101O1O1O1O1O3M5L0O10O1000O101N2fRNTN]l1l1aSNWN^l1i1aSNXN^l1h1bSN\N[l1c1eSNjNnk1V1RTNlNmk1T1QTNnNok1T1mSNnNSl1U1hSNmNXl1T1eSNmN[l1T1cSNnN]l1\230L00O03N5L0N10O01O10O1N3J6M3M3M9G5K3M7J4K3K5M2N1N3[NZRNl0im1oN]RNj0`n1N7G6J4M4LYTo<
20120107063134Lh_10,jn^b08Wo1c0M2O0N2K5O010N2M3O1O2O001N20O1iN_QNl0To1F5K2O2M^QW\3
20120107063134Lh_11,eoPi17ho12O013M2N0O0O3L3O1N1O4L4L2O1O1O1O1N2N2I9K3dQN_NUn1i1G9MiNWRN:hm1D^RN9am1F`RN;_m1CdRN=Zm1AjRN]OFi0_m1IVSN7jl1GXSN9gl1F[SN:fl1[OdSNQ1am1OO0104K1O10O11O0O1O1N:D4L4O1NhnnS2
20120107063134Lh_12,QPY]12mo12O1N001O100O1000000000000O1O1O0010O00100O100O1N3N101NXPo`2
20120107063134Lh_13,`Zak18go12N1O5K3N1O1O1O2N1O1O1O1O001O1O2N001YQNPO\n1R1`QNVOZn1Z1N1O1O1O1O1O00O1O1O1O1O1O1O1O100N2O1O10000O100N2I7O000000001O02O0O1N2N4L3N10000000000L4J5O011L3OO2N3O1O1N3M2O1O1O1O1O1N2F:N2O100N2O1O100N2N200O1N200O1O1O1O1O10O10O1O2N1O1O1O2Meffm1
20120107063134Lh_14,Y_gh16io12O1O1O2N3M1N10O1O1O1O000O10000LdM2oTNMRk15jTNMVk15gTNLYk16^TNLgk19QTNKnk17QTNHPl19nSNHRl1:iSNHXl1=`SNEbl1;\SNFdl1;[SNDhl1;VSNFml1:PSNERm1<lRNBWm1>hRNBYm1?eRN@am1b0WRN_Ojm1b0SRN^Oom1b0oQN_ORn1V12N2O1N1O1O1GdQNlN^n1T1dQNiN^n1U1c0C4K3N3M^bVT2
20120107063134Lh_15,i]af03lo12O0O10000O1O100O01000000000O100000OO2O01O01O1O00100O01O1O1O0000001O1O2N1N2OhbPW3
20120107063134Lh_16,Z_aQ123g0mn19M11O2N1N2O1N3J5L3O2O1N2N1O10001O000O101O002MZ`nl2
20120111191454Bh_1,`ZX[12jo16M3N1O4L1O0J6N2O2N101N10001O001O00000000O11O001O000O1N2L400O0100001O1O2M2O001O000000O2N1O1002N1O2N001O1O1O000000000000O011O0O10000O10000001O1O1O1O01O001O0O2N3dNeQNn0in1N1OJTOXQNl0fn1XOWQNi0hn1XOXQNh0gn19000000005K0O2O000O1O2N2O0000001O1000O1O01O2N4L1O000EfPNO\o1LjPN2Vo1LnPN2ao1O1O0000kdY]2
20120111191454Bh_2,^[fT14_o1b0J3M200O10O1O1O2N1O0O01M3K5001O001]OnPN6Ro1JnPN6Ro1JnPN6Ro1JnPN5So1KmPN5in1C[QNj0cn1<N1O1000O100000001N3N2_OVQNFRo14`0M1O1N2M3LQeeh2
20120111191454Bh_3,R\Pc16ho13O1M5K4M2O0O2N1`QNZOem1h0YRNZOem1h0ZRNYO^ONgm10[RNn0;_OWm1k0eRNZOWm1h0gRN[OWm1f0gRN[OYm1g1O00000000O2N1000O010000O1N2O1O1O1O1N20002M2O1O011N1O1O00001O00100O1O001O1O1O0001O100O001O1O2N102N10O1O01N1O100O110OO01O1O1O1N100O100001O002N2N001O00101OO100O01N3N1N1O2N101N2N2N100O2N1O1O2O1N1O2N1O1O10000ZOWQN5in1JYQN5gn1KXQN6in1IVQN8jn1HVQN8kn1GTQN:nn1;3M1O1O101N1O1O02O00O0001O0000010O1O1O01O1O1O1O0000000001O1O1O1O1O2N1O002QQNXObn1V1M1O1O3M2N1O01N2L5K4O1N2EZQNWOin1g0:N0GnPNESo1;9O100O1O1O1O10O01N201N2N2L4NWbQQ2
20120111191454Bh_4,`[Pa27ho12O1O2N1O1O1O100O001O002N1O001O0010O1000O010O1O2N1O1O1O1O10O01010O0O3O1N1O0O01O001O01N2N2N2O1N2J5N3N3Necg[1
20120111191454Bh_5,^\R_15jo110O0010O001O10001O002N1O02N1N2O1Obci_2
20120111191454Bh_6,e\Rf22a01in10TQN3kn11lPN5So1<01O1O10O00100O2N1O1O010O2OO001O000010003M000010O000O000010O01001N010O1000000O1O2N00101N8H1O100000000008H1O1O1N3M10O10O1O10O01O1O1O10O104MO00O1001O0O1O1O6J001O2N1O10O1O1O1O01O1O1O10O020O0O01O01O00011O00O10O1O1O1O0101N0010O3O0O0O1O100O1O0002N10O001O5K1O00001O001O1O100O0122OM000O1O10000O3N2M0010102M000007I5K00009LNM00O21M4MO013N2M1O00001O00004L4L0000003OOOO2Oa0^O2O0O2N1N3N1N2Nm\om0
20120111191454Bh_7,T_fk07eo19J3M2N4L6J2O10017H0000045HO0O13M2N0O11gNeQNj0nn1K0O10005L2M0O024K0O1000010O000000O01O001O1O1000010N01O01O010O10000O1001O1O0O1004K2N1O2NU^WP3
20120111191454Bh_8,Qa`]22mo12O00001O0O100O1O10000O10000000O100000000001O0000100000O001O00000001O001O1O1O0000010O02N0010O2O2OOO000001O0100000000O110OO10O4M2ON0100O2N010O05L3M000O2O00000O101N1O2Mf]W]1
20120111191454Bh_9,Ubho05io14N03M43J00O2Mc]go2
20120111191454Bh_10,dc`k23ko13N2O1N101O0010O00100004K1000001OO10002N1OO1010O0O10O1010N010006J001O101N000020N2N00004OM000012M1O00O1100OO1004L1O0O112N0OO10100O0O10O5L1O1NfYQP1
20120111191454Bh_11,ahhQ23lo12N1O3@0iPN4^n1FTRNf0im1]OVRNd0gm1@TRNd0[l1TOeTN9jNh0al1RObTN8lNe0cl1TO_TN8mNd0dl1VO]TN_1ak1dN]TN]1C^NQk16[UN]1C_NQk15ZUN]1D`NQk13ZUN_1C`NRk14hTNm14QN\j1DgUNa0Dm17PN\j1DgUNa0Dm17PN[j1FgUNX3LSM\j1HdUNY3HVMbj1BeUNZ3GVMbj1BfUNV4Yj1lKaUNX4_j1d001000O100000O2OdMdUNUMKh1`j17aUN`Nd0V1ji1:cUN_Nd0W1hi19fUN^Nc0Z1fi1EeWN=Zh1^OkWNPOnMo0Vj10nWNoNoMo0Rj11SXNlNnMS1ni1MVYNIif15[YNJdf15^YNJaf15bYNI]f1FSVNCU46ie15iZNHWe18jZNGVe19lZNDUe1<W5001O0000O200O1N110O0000001O100000000O1O1O0001O1O1000O1O1O1O100000000001O000000O101O1O10O0000000001O0000000O2NT\gg1
20120111191454Bh_12,Qd\]22no14K5L1O0101N010O0200O000O2N1O1O100000000O110O000O3O0O00O003M4L10O11O00O100O4L4L1O3N10N0100O2NXOPQN`0Qo1^OQQNb0[o1K4M0000O00000000O1O1O10000000000O1000000000000000000000000000O100000000001O0000001O1O00O1O1000000000000000O10O00001O10O100000O1O1O1O100000N2O101N3M^ZmZ1
20120111191454Bh_13,ifne02no13M2N01O2O0O1NSYaY3
20120111191454Bh_14,ik`V27ho1101O1O5K1O100jPNEgn1b1WO10O02N1O1O01N2N2M3N1N2L4M3O1O2H<H4N10001O0002N0100O1O001O010O2N4L01O100O01O1O1O1O01O100O1O0O10001O0001O01001N3M010O1N4JoRUe1
20120111191454Bh_15,]X_l12lo14N1J5000O10001O001N10000000000O1N200O100000001NhgnQ2
20120111191454Bh_16,U`kd02no1ON3N110O1O1O0010OO100001O10O00000O1O010010O1N2O2Na``Y3
20120111191454Bh_17,^fgc12lo19H2N1O1O101O00O100001O1O1O1O001O00000O2N2N2N2O0O2O1N2N102M3N0100O10O0001N1M301N2O1O10O1O1O000001O1O1O000000000O1O1O2O00000O101N1O2N1O101O00000O1O1N2I_PNNao126N3O1OdYXW2
20120111191454Bh_18,ifY]12no1001O3N2M2N100O3N0O1O00001O0000000000O2O0O2O1N10001O00O01000O1O1O100000O1O1O2O1O1O1N10001NPYj_2
20120115063134Lh_1,XZ`i17ho12O1H8L4N2N2M2M3O1O1N2O1O100000000O1O001O1000O1O1O0001O0001O100000001O1O1O000010O001OO100O100001O0001O1O1O0001O010O000000O10100O1O1O001O1O1O101N1O1O011O000O00O10010O02N2O000O10O01O0000000000001O010O10O10O01O000100000O100000000000000000O001O2OO0N2O1000000000O101N3M2M3N5KPeom1
20120115063134Lh_2,i\fh14lo12M2O1O011N10O001O0000O2N1O10001O1000O1O00001O0000000100000000O0010000000000O1100O1OO1O101N1O013M1O000O15K6J1OO110O0000013L2NO1DbPN1XaYS2
20120115063134Lh_3,n^Xn1e0Zo12N2M3B>N2O1O1O1O1O1O1O1O1O1N2O1O1O1005K1OO1002N2N1O1O200OOO102M1O1O1O1O1O10000000000000000O002N1O10O02N1O1O002N9G1O10010N100000O10000000000O002N1O0001O1O10O00100O10O1O1O10O1O2N00101N4M03L2N2O2M2N1010OO10O101OO10003M3M0O3Lm]gj1
20120115063134Lh_4,PnPd06io12N2L3M3O2EFmPN;mn1?D;O2O1N1SOm01O01@hMUSN[2el1c0O2O0N3KnNbSNkN\l1R1iSNmNVl1S1lSNlNRl1V1oSNiNjj1VOnTNL3c2c0SN[j1@lTNN2^2m0QNSj1MnTNQ2R1PNoi1d2TVNYMdi1m2h1UO`SNTNdl1d1\SNkM3>`l1h1_SNhM4=Yl1o1hIdMk`N\2U_1fMi`NZ2X_1hMe`NX2\_1iMP`Nh2Q`1ZMl_Ng2U`1ZMi_Nf2X`1[Mf_Nf2Z`1aM]_No1Ua1SNh^Nl1Za1TNe^Nl1\a1UN_^Nn1ba1RNX^NP2la1PNS^NP2oa1PNo]NP2Rb1PNm]NP2Vb1oMd]Ni0oJM_g1ZO`]Nf0\KTOD5bg11\]Nf0_KSOE4bg13T]Nj0gKkNH6^g15a\NY1nL`Nbf17^\NY1RM_Naf18[\NY1VM^N_f1:n[NE[Lc1Z1\N_f1=kZNAPNS2i0jM`f1b0eZNCQNP2nh1]NPYNDPNo1Qi1^NmXNGlMn1Wi1]NRWNYOR1R3og1eMmVN[OS1o2Qh1fMkVN]OR1m2Uh1iMdVN\OS1n2[h1hM\VNJf0b2Si1bMUVNLg0b2Wi1aMPVNOg0`2\i1]NbVNd1ci1XNSVNP2Qj1nMmUNS2Tj1mMjUNT2Vj1mMhUNS2[j1f13N2N100N201N2O1UKSUN`4Pk1[KVUNa4Vk1N2N6I3L4N2N6@<K5N2N:D4L4N1O3H7K5N1Oo0PO3M3O0O3I6K5N1OiZWU3
20120115063134Lh_5,UcbT12no11N3N2N0O2O00001O000000O10O1N2000000000O01O1O1O1000O1O1O1O1O1O1O1O11O01O1000O1O010O1O1O1O1000000000000000O001O001O1O00001O00000001O1O1O1O01O1O1O10O0000001O1O1O00000000001000000O100O1O1O10000000000001O00000000000000O10O1O1O1O10O1O1O1O10O11O00O000000000000000000000000001O1O1O0O1O2N10000001O1O1O001O000100O10O001O01O011N1O10O1O2N0010O1O1O1O1NT[g`2
20120115063134Lh_6,YcX[26io12O0O0O01O101O0O101N2OP]oc1
20120115063134Lh_7,nc^f11mo1<E2O2L4M:G1O1O114K1O0O31nN\QNa0Ro100O002O0O1O01O2N001O0100^OjPN9Vo1EkPN<Uo1ClPN<]o1O1O1O00001O01O11O00O1O1O2OO010000000O00001O1O001O0010O001O1O10O1O1O1O000000010000000O001O0010O0O2O10O1M5LSZ]T2
20120115063134Lh_8,YfXY37ho1101M3L5M2N2M2N3N100N1O1010O100N2O10O0O2O10O2N2N2N2N2N2N3M2O2MSZgd0
20120115063134Lh_9,miTZ33jo16K4N2M1oNIXRN8_m1AnQNe030jm1<SRNElm1=RRNDgm1]1M2110O1O2N2M3O1O2M2O1O10O11N0100000O0eNlQNk0Tn1SOnQNm0Rn1POWRNk0hm1QO[RNP1Zn1009E8I2O2N3L6SSNPN`k1Q2]TNRNbk1n1]TNTN_k1P2^TNRN[k1U2cTNmM\k1U2cTNkM]k1V2aTNkM_k1Y2YTNkMgk1W30000O1000O11M3N2O1O1O00000000001OXM[TNU1ek1dNbTN\1^k1bNeTN]1]k1^NgTNa1^k1YNfTNd1[k1ZNiTNc1Xk1[NjTNc1Xk1[NjTNd1Wk1ZNlTNd1Uk1ZNlTNf1Uk1XNmTNg1Tk1VNnTNj1dl1000001O1O1O1kNoQN=Sn1YOURNh0jm1SOYRNl0gm1RO[RNm0gm1PO[RNn0^n1L4K3O2MVTW`0
20120115063134Lh_10,dnT^35ko11N2O1N100O1O1000000000000O10000O1O1O100000O1O0010000000N2O001O1O1O1O101N100O10001N101O00000000000001O001O001O0000010O000000001O1O2M3N1N2N3N2M2O002M3M\QS=
20120115063134Lh_11,QQQd26io12N2N2N2N2N2O0N2N20002M2O00100O1O100O1O1O1O01O1O2N1O1O9G4L001NennY1
20120115063134Lh_12,XXW`05ho15M100N3F9O1O1O2J6N2N2N1E<N2N2K5F;M2O1N2N2N2N1M2TOoMhSNS2Wl1QNfSNP2Xl1TNdSNm1[l1l00M4J51000O1000N2N2OWNfSNYONB[l1T1jSNXOMCVl1V1PTNTOMDok1U1`UNiN`j1T1eUNjN[j1U1iUNhNWj1V1mUNhNRj1f0mSN_Obn1>a00N3NL5O200O1K5N2O2NdkV\3
20120115063134Lh_13,UX_R18go14M00101O1O000000O1O10O1O1O1O01O1O1O10O001O1O10O1O1O100000000O01O0000011O00O1O00000000000O1O1O10000O01O1O1O1000O1N20O001O0001O01000O01O100O100000000001N3M1O2N2N\g^h2
20120115063134Lh_14,eXaR3;do12N100O1O100O10000000000000O11O000000O2O1O1O001O001O1N3LZgdk0
20120115063134Lh_15,][a[16io12N1O1L4O00000O2O01OO10000010OOM4O200O1L5L3OXePc2
20120115063134Lh_16,^^Yl25jo12N2O2N2N1O1O2N1O1O001O000000000000O1O1O1N2OO01O1N3O2LjanQ1
20120115063134Lh_17,afgT27do18K3N2O0O2O10O1O2O2M0O2O0O1O2O1O1N101O0000001N104KXYdi1
20120115063134Lh_18,efom14ko13N1O001O1O1O1O00001O0100000O000001O01O001O0010O2M5L001MRYVP2
20120218152654Bh_1,eY`T25jo12O1O1O1O1O1O000000000000001O1O1N2O010O001O1O1O01O01O101N010O1O100O01O2OO01O03N2N000O011N10O1O2O1N1O0010O0100O100O001O2N001O001O1O1O001O001N2O4HZemf1
20120218152654Bh_2,Y[ff13lo12O001O1O1O000000010O01001N010O113L0O100O2N10002N1O0O10010OO0102O1M10000101N00001O000O11O00O100000000O1O1O2N100001N10O13M3M000O3O0O000O02O1N1O1N5K2O1O1O1O2N0O2N`bWT2
20120218152654Bh_3,h^hn24ko11O2N2N2N2O1O001O1O1N1O100O2O1O2N00001O0000001N101O001O000000O1O1O100O1000001N1O1O10000001O001O0010O1O1O001O000001O01010N01O0001O0001001OO10O0000100000O0010O01O1O1O1N8Hf`mk0
20120218152654Bh_4,n_`X15jo11O2O0O101O01O001000O1O001O010O100O01O1O1O001O000010N101@IUQN8in1LTQN5jn10PQN2on1`0O1O1000000O1O1O1O10000O10000N2O10O100N2M3N110O1N2O1O0000010O100O1O00000O1O100000010O1000000000000000001O001O1O00001O0O1O1O1O2O1N2M201O2M3N1Nh`Qa2
20120218152654Bh_5,Z_hU35jo12O1O1O1O001O00000001O1O001O001N2O2N``Qi0
20120218152654Bh_6,n`To04ko12N2O0O100N2O2O001O1O1O000000000000001N1O1N200O1O1N20O1000O10000O1O00010O000001O001000000000O10O10OO10001000000000O10001N1O1O2O00O100000000O10000O001O1O100O1N2000O10O011O00001O000000O1O2N100O100O1O2N10O100000O010000O000000100O1N200O010N2O1O100O001O1O1O1O1O2O0O101O0O3L\`]h2
20120218152654Bh_7,]`Ra12mo12O001O1O1O0100O10O1O2N2O0O2N2O00000O2OO1002N2M10O100O10O100O0YSNDji1<TVNHji19TVNIki17nUN0Rj10QTNDo0e0oj1HoSNFj0i0Xk1AlSNHj0j0Yk1<WTNMhk1U2010N100O2N2N2N1O1O2_O_SNaMbl1\2bSN`Mal1\2d0M3O1N:gMaRNQ1bn1F7N1N4L7H4N2Ma]oZ2
20120218152654Bh_8,Yenn15jo13M101M3O2M1000000001O1O1O000000001O000O100O1O10000000100000O000001O00000001O001O1O1O000001O001O1O001O00000001O1O1O1O0100O1O1O02N1O00100000000O1O1O1O1O1O1O1O00001O000000O1000000000001O1O1O100000000O1O3M3M1O002MgY]j1
20120218152654Bh_9,QjR_22no11N101O001O1O1O000000000000000000000001O002N001O001NlUW_1
20120218152654Bh_10,nYYd25ko11O10O01O100O00001O01001OO1O0001O000001O1O00O10000O1000000000000000000000000000000000O100000O100000000O1O1O1000O1000O0100O10O1O1O1000001O000000000O1O001O1O01000O001O100O100O0O20O01O1O1O0010O0O1N20100O100O1O1N2N2O1000000O100000O1O1O1O0100O1O100O100000O100O00O200O1O2N2N2MnfVS1
20120218152654Bh_11,UZoR32no12N2N1000O11OOge`l0
20120218152654Bh_12,a[iP36io12O1O1O1O1O00000000000000O100O1O1O100O1N2O1O1000001N`d`m0
20120218152654Bh_13,l[iT24ko12O1N2O1O001O2N8H1O1N2N7I2O2N1O2M2O10O0000001O1O1O1O1O2N1O1O1O1O1O1O1N2N2N2N100000001O1O1O1O00000000000000000000001O001O1O001N2MacTg1
20120218152654Bh_14,UeaX12lo13N2N2O2M3N1N4M4L1N2N3M2O1N2O1O1O1O001O00001O1O100O1O001O1O00010a0^O1O1000000O100O10O100O10O010001N10000000000O1O01O010000000O112M1O0008H3L1O1O1O1O1O1N100O1O2N1O1O2O001O0O20O00100O001O000POcQN=^n1^OjQN=Xn1AlQN<Un1A_RNKem11V1O`YXa2
20120218152654Bh_15,]fQS23lo12O1O1O1O0O2O1N2O1N100O1000000001O001O10O01O01O1O1O01O1O1O1O00000001O001O1O0010O2N0000000000001O0000000000O100000000O1O1O1000000000001O000000000000O10000000O10O1O1O100000000001O001O1O00001O00001N101O1O0O100O10000000000000O100O00100000O1O1O10000O1000000O10000O100000O100000000000001O001O001O0000O1000000O100O100O10000001O000O2O0O2N10000O1O2O0O100O11O1O1O001O001O1O1O001O001N10004L1O2M3N1N110O010O1O00001O0N2O100O2N1O1O1O2J6N2N101O1O1N20O001O100O10O1000O1O2gNnQN`0Sn1\OQRNc0Pn1\OPRNe0Pn1ZOoQNg0Rn1ZOkQNi0Tn1WOkQNj0Un1`0000000001O0000000000000000000000000000000O100O2O1O1O010O1O1O1O001O000000010O001O00001O000000000001O01O00000O010000000000000000000000000O1O100O100O100I[QNROgn1k08O3M2O0O2O1O1N2O2M2O2M101N3N1O1N2NkX^X1
20120402105814Th_1,YcPi09fo12O1M4C<N2N2M3M7J2O1008H0000008I1M10006K0N1O1O4L1O10001OO10O00000000000000001O1O1O10O001O1O1O2N1O1O00000001O1O001O00O1O1O10000000000O100000000001O00000O1O1O100O100O1O1O100O10000001O1O4L1O101O4L0000008H00O104K1000004K4L10001O0000O11O0000O11O000O100O1O1O1N4LYZmn2
20120402105814Th_2,]c^X12mo12O001O1O1O1O1O1O1O1O01O1O1O10O001O1O001O01O1O1O000010O001O1N1O000010O100000000O1O1O0001O1O10000000000000N2O1000000O01O1K5O100000000001O1O1O00000000010O1O1000000O2N01O1O1O10O000001O001O4L1O10O2N001O1O6K3L00001O0O101O0OP\e`2
20120402105814Th_3,mSYR2:eo12N1O00O11O000H8001O2O1N6I20O1N20O1000000000O1000000O100O1001O1O0000000O100O1O0100O001000000000000010001OO01O1O2N0000000001O01O0000011O1O000000O1O1O010O1O1O001O0O1100ePN1dn1k0K00O1O1E;N2N1O2FmPNDUo1::N2Nikfg1
20120402105814Th_4,`Veo03ko13N1O1O2N2N2N3M2N2M3O0O1O1N200O01O1D;00010OO2O000000000010N2O1000O1O1O1O1000001O1N2N1O2N10Xj^m2
20120402105814Th_5,mUaY22no10O2O000000000000001O1O4L1O1O010O01O200O0O10O1O1O1O0104K100O0O2Mei\d1
20120402105814Th_6,iXWW35jo12O1N1O0O0200O1O1O1O1O2N\gng0
20120402105814Th_7,dZiV3h0Xo12M2K5E:O1O2N2J6N2N2O1OhN[RN:_m1DeRN<Ym1DiRN<Sm1FnRN;ol1DTSNe0bl1[O_SNf0`l1YOaSNh0_l1VObSNk0im16J0010kNcQNf0^n1UOPRNa0Pn1\OVRNa0jm1]OXRNc0bn103M4L1O1O1O100N2Mecnf0
20120402105814Th_8,iY[l23mo11O2O00O01O100O1O10O110OO0000000001O010O1O02O0PUN3ke1MTZN5ke1LSZN5ne1KPZN6Rf1LiYN5Wf1LgYN4[f1LcYN5^f1JVYNJWL<ej1JmXNd0Wg1[OhXNc0\g1\OcXNe0]g1]OaXNc0ag1\O]XNe0dg1ZO[XNf0gg1ZOWXNg0ig1ZOTXNh0lg1ZOmWNk0Sh1UOlWNl0Th1TOkWNn0Uh1ROiWNP1Wh1oN`WN[1`h1dN_WN^1ah1bN]WN_1dh1aNZWN_1hh1aNUWN`1mh1_NQWNb1Qi1^NmVNb1Ti1_N`VNJTNj1\k1_N[VNi1gi1XNWVNh1ji1YNUVNf1mi1ZNoUNi1Rj1VNkUNm1Vj1RNiUNo1Xj1QNfUNo1\j1QNbUNf0fN4jk1VO^UNd0nNFRl1FnTNd0VOTOZl18^TNd0ZOROZl1:iSNHIl0Sm1DfRNGOb0em1GZRNIO`0im17WRNHkm1V11N2ERRNaNPn1]1RRNaNPn1]1RRNaNTn1X1<N2O1N9lNVQN>^o1Dmcjn0
20120402105814Th_9,]ZQR32mo12O002N1O1O000000001O1O1O1O1O1O1O1O0001O2N000O1O1O001000O101N101O1O0O01O10O010000O1O2N10000O2O00000O1O2M2Odebj0
20120402105814Th_10,m]ae2g0Xo12N1O6@`0I3N2N2NmNPRN:mm1BYRN=fm1C\RN=cm1B_RNa0]m1[OTSN;il1CZSN<el1D]SN<al1DaSN=\l1CjSN9Tl1FPTN8Pl1HQTN7ok1HSTN7mk1HXTN4hk1J]TN2ek1L^TN2]^RY1
20120402105814Th_11,VbYj29fo12O1013MN101N1010N001O1N3M2N2N\]fT1
20120402164214Mh_1,[c`k08go12N2L4I7N2O10004MO00O16J3M0O002N2N2N010O001000000O1O00000000000000010O1O1O10O1O1O000001O1O10O1O1O1O000O1O1O2O001O1O001O00000000000000O1O1O100000000O1000000O1O1O100O10000000000000010002N00002N7I000O2O01OO1001O000O100O1O1O108IOO10O1001OO1O1O100O01O1O1O10O11O00O1O1O100O0100O1O1O11O00O1000000000O11O000O010O2OO1O01O00000O2N1L5M12O001001OO1O0001NlYgi2
20120402164214Mh_2,^cX\15ko11O01O01O00001O001O00O100O1000000000O010O100001O0000O01O0O20000000000000000000O100001O00000O2O0000c\c`2
20120402164214Mh_3,gSgU24jo16K2N1O0N102O001N200001O1O00100O100000O0000000000O1N2000000O1000000000001O001O1O00001O01O0000001O2N001O00001O1001N0010O1O2N0010O1O1O1O11O00O10O1O3M2N2O3M1O00O1O1O100O002N2N001O5K2N1N2N[k^d1
20120402164214Mh_4,TU[[23lo12O1O1O1O1O00010O0002O0O100Nhjfc1
20120402164214Mh_5,QVQ\22mo12O0O2O2M2O00001O001O4K3M101O1O2N00000000001O000O1000O1M2L6M2O1O2N1O2M4MRjda1
20120402164214Mh_6,hYim24lo11N202M2N1O1O1001OO1001O00000000000O1O1O100O01O2N0001O1O1O10O1O1O1O1001OO10000000000000000000O10000O01O00001001OO100000000000002N1O001O4L00000102L01010O000O011O3M0O1N7Ikcll0
20120402164214Mh_7,`Z_a12ko14O1N100000000001N100O1O1O100O2Obe^]2
20120402164214Mh_8,mZW\18ho17H101O1O2N001O00O10000000000000000000001O1O1O00001O00001O1O001O000001O0O10000O1O10000000O1000000N2O1000O10O10O1N200O0000M301O001O00001O001O1O0100O10O2N2M3N\ej^2
20120402164214Mh_9,T\oW33jo14N1QO3kQNNQn1;hQNGUn1a0eQN@Yn1b0fQN_OYn1b0eQN@Zn1S101O1O1001N1000O2002M0O01O01O001O1XOgQNGbn1OcQNL^n13dQNL]n12eQNL^n11j0N2N2NXdne0
20120402164214Mh_10,\]Yh29go11N2N4K7K1N1O1N3O0O1O1O001000O1O1O10O10O100000O100010O3N000O1O1N3M2O1Ngb^U1
20120402164214Mh_11,e^Wn21no13M101O00001OO10O10O10001O00001O01O00001O2N1O1O2N2N1O1N100O1O1M3N10000N3M3O10OO2OO2O1000O10O1000000000O10000000O1O1O2N2N2N2L5CbPN3io1Jeafm0
20120405130014Th_1,_^Xg14`0d0Rn1_OkQNd0Sn1^OkQNd0Rn1_OkQNd0om1W1A2N1O5J`0A2O1M3NYNjSNGUl18nSNGPl19QTNHmk18UTNHhk1UOjUNb0Rj1]OSVN`0ki1@WVN`0hi1@YVNa0fi1^O`VNb0Zi1^OgVNa0Yi1^OiVNb0Wi1[OlVNf0Wl13NO0O1O4L100O113OM0000102ON000O2O00O10O000001O010O1001N2N1O1000000000000000000O10000O100O1O10O1O1O1O100001O000004L0O1004L0000001O2N00O1O100O1004L000O00000000001O1O001O01O01O0001O1O001O0000000000000000000000O1O1O10000O1000O1000000N2O100000000000O1O1O10O001O1O100000O1N1100O1O0010000000000001O0000000000O10000000000000000000001O11O00O100O1O1O100001O001O2N00000000000000000000O1000000O100O1000O10O01001O1O000O1O5K1O0113L00000022NN0O002N1O10000000000000000000000000O001O1O10O1O1O10O10000000O20O00O11O00000000;E001O3O3MN00O110O00001O00000000O1O1O1N2N2M3O110O3MO1002N2N00001O000000102L0100010N0100001OO1O100O1O01O1O1O01O01O00000001O1O001O00001O1O2N1O00O1O1J5000H8001O100O1O1O2N3L2O2N10000O1O2NTXga1
20120405130014Th_2,a_Ro02no11N3N2N001O1O2N001O1O1O1O00000001O1O1O001O00000001O1O1O10O1O1O00000000O1O100O10001O1O1O1O1O1O2M101O1JVOSQNm0jn15O1000000000000000O1O1O2O0O2O1N1N3O00000O10001O0000O2O0O100O100O1O10000O010010O000001O000000O1M3O1O10O100O1O1O1O10001O01O001O1O1O10O00001O00O100O11O1O1O0O1000000O1O1O10000O01O1O1001O100O0O101O00000O100001O001N2O2N3L2N2N1000000000000O10000000001O1O1O00001O00010O1O1O1000000O1O011N1O1O01O2N0001O3Kn_]d2
20120405130014Th_3,YfVh23lo13N1O000000O1O10O100000001N200OO2O00000000O101OO2O0000101N1O001NdYgU1
20120405130014Th_4,fTgW34io14N1O1O2O0O101O1O6KO01O4L6J1O1O1O1O1O1O101OO10O001O10O0O2N3N0O101O00001O2N4L001N3I6M3N2O1M4M2NhjXe0
20120405130014Th_5,YZQb2;do1101O3M3M1O0104K1O1O002N1N2O001M3L]ej\1
20120405130014Th_6,Y[aY22mo12N2N2N2N2O00000000000000001O11O00O01O0000000000000000000000000000000000000000000001O00001N1O2N2N100000000O1O1O1O100000000000000000000000000O10000O1O1O100O1O1O1O100001N2N2O1N3N2N1N101M3N101N4Jld\`1
20120405130014Th_7,]^aP32mo12O1O2N3M2N001O00001O0001O0000O10O10000000O001O1O0010N001O101O2L3L5NlaXm0
20120405130014Th_8,P`ac17ho12N11O01O00012M;E1O002O1N10002M2N10O001O1O1O0O1O1O100O1000000O1K5O1O1O0L5O1O01O100O1O000001O001O1O10N2O100O001N02O1000000O1000O10000O000001O11O0O10000000O1000N2O100O100O100O2N1O100N3K5N2O0O10001O0O1N11000O10000O1O0000010O0O02N11O1O0010O1O0L5M3O000H8O2JePNF\o187N2O1O2N`aVT2
20120405130014Th_9,Ufi[11no12N2L4M3N2O001O0001O0010O00010O1O1O00O10000O10000O11O1O001O00000000O001O100O01N2000O001O10O0O2M3O1O1O1OO101O001K5O0001O10000000O1O0001O1O10O001O1O1O1O2MjZ\_2
20120512063234Lh_1,jbX[29eo13O02MW]_d1
20120512063234Lh_2,fdVf15io15M2M201N001O01O1O1O1O00001O1O1O1N2O3LQ[aX2
20120512063234Lh_3,]gPm2f0Yo12N2N2Le0]O1O2L3O1O01iNkQNc0Un1\OoQNa0Qn1YOjRN1Xm1LmRN0Wm1KlRN4`n13M7I1O1O010O0002M4L5K3M2NTWWQ1
20120512063234Lh_4,nhZS33lo13M4M2N0O2O1N3M2N2M6XOe0N2O1003M0000006K4J1000a0@1N00020OO00O002N1O10O113L000O1001OO100000000001O1OO1003M1OO10014K001N3O0O000O11O9G0N2NkT_h0
20120512063234Lh_5,mj`c23`0b0Wn1@gQNc0Wn1_OfQNb0Zn1A\QNg0cn1;00001N2N2N2N2N>^O:I5M2MYT_[1
20120512063234Lh_6,fk`^24io14O1O0001O00000001O001O2N0010001OO10O2O100N0101N1O10O01O2OO1O0010O010000000O01O00001O4M6J1O0O1O1O1O01O4K9H2M3MUSo]1
20120512063234Lh_7,mkda22lo12N2O100000O1O1OYTi]1
20120512063234Lh_8,gXWR17Zo1d0J2O0L3O0100000_O`01O2OM3^O1a001OM3M21O01O01L4\OhQN_OZn1a0hQN\OYn1d0jQNXOVn1`0i001OO1N200001O1O001ON2M31O00M4L30O02N2O0010O1O3M4M1N2O2N2N0000001N1000101N00N2O10000000000O1O1O1O100O01O1O01O1O010O1O0O1001OL5M11000O1OL5M4OO1000O1000ON4O001O1O1O1O100O1O1O10000O101O0O1N20O100000O00O11O001000O101O002N0010O000010O11O00O01O01O00011O00O1O002N1O1O002N1O1O1N\kfc2
20120512063234Lh_9,aVQg1;do12N2N0\NJgRNo0Xm1TOeRNl0\m1TOcRNm0[m1XOaRNi0^m1m0O100100TO^RNhNJ<hm1j0hRNSOXm1k0jRNTOVm1k0mRNSOVo1J2N001ORifW2
20120512063234Lh_10,mZgi01mo14XPN5Vo1MgPN6Wo1;O1N2O1N1O1F9ElNkQNU1Tn1mNjQNn0Zn1;1O2O001O1N2N2O1O1J7L2000M4O0100O001O2N2N2J5J7N2MYfnS3
20120512063234Lh_11,lZ_c09eo18I3N1105LN00O104L00000O2O100N1N]d^[3
20120512063234Lh_12,m^ki12mo12N1O1O2N1N2O1O1O2O3M2M2N2N3N4L1N10O10O01O01O1000001O1O1O10O11O00O0O1N2O100O1O1O1O100N2O1O100000O10001O0001O2N1O00000000O001O100000O1O1O01O1K5O100N3J6N2N1O0O1O100N3K40O20001O6I101O2M2M2O1OON3O2O100N2O0001K5O000000F:00000L31N2000L40O20N2O1O001O1B>O1000O1L3O3N2N2M3L4N10001N101N5]Onc\m1
20120512063234Lh_13,i]gl28go14M001N2O9G1N1L6E:N2N1O1C>N1O1O:D6L2O1002M4oN`RNZOam1;[RNUO6?`m18_RNUO5a0Ro1O0O1O10101M1O0000001O100O1O1O01O1O1O00O2N3M101Nm`VP1
20120512063234Lh_14,Y]Sd09fo15K5L6I2N3L3M3OXOXQN:fn1D_QN;^n1BiQN<Un1BQRN<jm1FZRN9`m1KbRN4em1C^RN;en1N2N2O1O1N2O1O001Nka\Z3
20120512063234Lh_15,]^mX22mo14M2N1N2O1O1O01O000000010000000O000000000000000000000000O1000000000N2O1000000O10O1N2O1O1L4OO100000000O200O010O1O00O02O1O1000O100O1N2O1O1O0001N101O1L4O00N3N2O1O1O0O11O0000L4001O100N2O101O1O1O1O00000O01O1O1O1O1O00000001O1O000010O10001O0000000000O100O1O1O2N101O1O000001O0000O01O1O1001O001O10O1O1O100N2O1O1O0000000001O2N1O00000000000000000000O100000O3N6IkbR\1
20120512063234Lh_16,Q_cf22mo11O1O1O2OO2NSanX1
20120512063234Lh_17,e_Yc22mo13M2N2M201N1O3M3M100002O0O1O01O2N10O1O1O001O0O1N2O01O001O1O01OO1001OO10O101O0010000O100N101O2Oi`fY1
20120512063234Lh_18,o`o^24jo13N1O101N1O1O103M2N2N1O10000O01O001O00000000001N3M3M2N0100O11O0O2N1O2N2O1Nl^d^1
20120512063234Lh_19,QgiR21lo14N2N1@4kPNMSo16lPNJTo1a0000O2N2N3O0O010O01O00000000000000000000001O0000108H1O000O11N1O1O002M2N2O01O10O10N2O5J2O1O2N2N2OO014K1O0000001N100O1O1O100000000001O00000PQNVOin1l0UQNVOjn1P101O0001O00000000000O100000O10O1O1O0001O1000000000000001O2N001O3M4L0000010O000000000000000001O001O1O0000XOoPNa0Yo1O1O1N2N1O2O001O2N001N101N2KVXXd1
20120528063154Uh_1,j`XU22mo14M000010OO100O1000001O001O1O2N3M2N1O00001O00000000000O1000000000010O01O1O10O100O0001O1O1O1O01O00000101OO010O01O100O02N2O0O1O10O0001N2O1O1O1O0O2O1O1O00001O001O2OO01O1O1O10O103L3M100O100O100O2N2N001O2N1O1O1O1O1O100O1O1O10O1O1O00001O0000002N1O01O1O1O000000000001O1O1O1O100001O00O02O1OO0101N001O1O100O1O1O2MR]Ua1
20120528063154Uh_2,j`XZ16io12O104M0OO100N101O000000001O1000O10O0000000001O0000011O00O00010O00001O1O2M101Nd^Wc2
20120528063154Uh_3,Ydho1b0]o12O1O1O2N001O1O2N0010013L0O0110O00001O6K0N1\OiPN>]o12O2M000006^OaPN6eo1O1O1O1O2N1NTZQn1
20120528063154Uh_4,eeZ]12no10O2O0000000000001O01O00012NO01O0000WZ_a2
20120528063154Uh_5,Pflm23ho16M2O100O100000000O1000O010N20000O1000001O1O0000001O0000000000000000001O1O3LTZeo0
20120528063154Uh_6,QfVR22mo12O00101O00O0100O2N00100000000O0110OO01N5KaY]l1
20120528063154Uh_7,ZiXU39eo13O103N1NO10003N0N010010N010O101O00O04L3M100O11O0O1O1O1O1O100O1O1000O2O1O00O02O000000O3OO00O002M2O1O011N2N010O1O10O10O010O2N1NmTgf0
20120528063154Uh_8,^TQg078LUo17hPNJWo19fPNIYo1?000000O1000000O1O1O10O100O100O2N2N2M2O1O2O0O1001O0000100000000O1O1O1O1001O00O01O1O1O100000000O100O1O1002O01N0O101O000O1O3LajlT3
20120528063154Uh_9,m[QW26io12N1O1^Ob000O1N1\Ob01O21O0OL5N201N2J6O0000LL801OO1L31O1000D84N20N3L2101OM4M1101OO10TOl001OO1001O0000O11O0001N2O1O000001O01O00O11O0000000000000001O100O1N11O00O10001OO1001O10000O01O000010O001O1O0001O01O1O10000O01O1O1O1000O1O1O0001O1O100000N2O01O1O1O001O1O1O01O1O10O010O000001O100000O1O0000010O01O1O00N3N2O0101N2M3L4N2NdiV_1
20120528063154Uh_10,TWaS24lo11N102O0O0000000000000000001O1O1O1O0100O100O01O1O01000100N10O101N10O13M3L1000O5K2N1O1NShfi1
20120528063154Uh_11,Q[c`25ko10ONM411O0O2J51N10O0N12O1001J42O0000L40O11O00N2N21O0K42N10O1N11O101O1N2O00100N2O0001O10000000O100O1O10000O1O1O1O0001O1O10000000000000O1N2000000O10000000000000000000000000000000000O1O1O1O101NTg\Y1
20120528063154Uh_12,b^W^11mo16K2O1O1O2N00104K2N1O0001O001O1O000O2O000000010O1O1O10O1O10O001O1O001O0000001O1O1O00000000O100O1O10000000000O1O000001O100000O1O1O1O1O1O0O011O0N2O10000000M3O1001G7100001N1O0110O0K6O1O1O1L4N1001OO101O010O1N11O1O10O10000000000O1O1O1O10000000000000O2O00001O1O1O001O002O0O001O01O1O10001O0O1O1O100O1N2O2MZb\X2
20120606063154Uh_1,]cbn22no12N1O1O10O10O010O1OO100O101N1O`\]P1
20120606063154Uh_2,ifVj05jo12O1N1O1O1O10O100O1O10000O0100000O1O0001O1000000000000000000001O1000O0001N10001M]YWS3
20120606063154Uh_3,Ukh^1g0Xo13M2K7G;I3N2H8M3N2N2N2C\OdRN]OZm1b0jRN]OTm1b0oRN^OQm1`0QSN@nl1>XSN_Ogl1?dSNYO[l1g0eSNYO[l1f0gSNYOYl1a0oSN^OPl1a0RTN^Omk1b0UTN]Ojk1c0XTN]Ofk1c0\TN^Oak1b0aTN]O^k1c0dTN\OZk1f0fTNZOQk1n0PUNROoj1n0RUNROmj1n0TUNROkj1o0UUNQOjj1P1WUNoNhj1Q1ZUNnNej1S1\UNlNcj1T1^UNlN`j1R1dUNnN\j1P1fUNoNZj1Q1hUNmNXj1T1iUNjNWj1m0b2O2O1O1M3N200O1N2O1O2O1M3N1000^ND`SN;^l1IaSN7^l1JbSN6^l1L`SN5_l1M_SN3al1M_SN3al1N^SN3bl1M^SN3bl1N\SN3cl1M]SN3dl1M[SN4el1LZSN5fl1NVSN4il1LVSN4kl1LTSN4ml1KSSN5nl1KQSN5Pm1KoRN5Rm1JnRN6Sm1JmRN5Tm1KkRN5Vm1JkRN5Vm1KiRN5Wm1KiRN5Xm1KgRN5[m1JdRN6\m1KcRN5]m1KbRN6_m1J_RN7am1J^RN6bm1K]RN5dm1MYRN3im1LVRN4jm1MURN3lm1MRRN4om1LoQN4Tn1KjQN5Yn1JeQN3`n1M^QN3dn1MZQN3jn1;6L4N1O:\ObWmZ2
20120606063154Uh_4,Qm\l02no10TM:^UNFaj1=\UNDdj1=[UNDcj1`0YUNAej1g0TUN[Ojj1g0UUNYOkj1h0RUNZOmj1h0oTN[OQk1f0]SNWOP13ck1h0[SNXOo01ek1[1YTNeNgk1^1[SNXN74G:fl1d1`SNgN_l1Z1`SNfN`l1[1^SNfNbl1[22oL`SN_2al1\MgSN_2ol1O1TNaRNU1Xn1L101O1N2N2N2O0O3K4K5N1O2I8^OjPNLbo10_TYQ3
20120606063154Uh_5,nm^g04ko12N2O0000000O100O1O1O1000000000000000000000000O1000000O1O1O10O1O1O010O01N200O1O1OO1010000O10000O1O1O1O1O1N2O1O101LfRmT3
20120606063154Uh_6,SXin25;Oon15mPN0on12PQNOen1=XQNDfn1b0YQN[Ogn1e0ZQNZOen1g0ZQNZOfn1P1O1O100O1000O0O2N1010O0010N2O100O100O100O1O1N2O1O1M201O2O000001O001O1O10O2N1O1O2N3M1O1O1N3K6HWhjm0
20120606063154Uh_7,lWiS13lo12N10000001O00001O01O001O1O0001O010O1O001O000000001NPh`j2
20120606063154Uh_8,eYYn22mo12N2L4G:N0O100000000N2N2N2001O1O1O001N3M1N3O1O2M2O1N4Jcfno0
20120606063154Uh_9,YZ[`23mo12N1N101O0000O10O010O0010O100000000O2Nke\^1
20120606063154Uh_10,Q^YP13lo12N2N3M2N3N0O3N1O1O0O2N1O100000000O1O1_Oa0O100N1K411O010O10O100O001O2O0O1O2N1O2O0O1N3N100M4L4N2N1N3N2DfPNO\o1NiPNNVb`l2
20120622063154Uh_1,e]bd22lo13M4M2N2O1M3N3N001O1O2N000000001OO100N2N2O1O1O1O10000000O100O1O1O1000O101O1O10O01O001O1O010O02N1O00000O100000000O2G@nPNb0Qo1701O1N101O000010O000002N10O010O1O001O00001O1N2O00001O00001O001O001O000001O0000000000000001O0O01000000000O10O00001000O10000O10000001N101O1O1N2N100O1001O1O1O0002N2O0O00001O0000O2O000OO2O1O100001O001O0000000O1O1O1O1O1O1O1O2O0O1O1O1000100O0100O01O00100O1O0002N1N1O1O1O1N3O0000000001N2O0O1O100010O0010O2N01O011N0010O2N1O001O2N3M01O2N3I6M2O3L5L1O1O1O100O0O100000O100J6O1O2O1N2N1O000O2O01000O100000O1000001N1O1001N2N1N3O002N1O10O1000O1O01O0000100O1O1O0000KjPNBTo1<nPNFPo1:PQNGPo19oPNHPo19oPNGQo1:nPNFSo19lPNHWo1`01N2N1O3M6I2O001O4L001OVaah0
20120622063154Uh_2,]_dX31do15_PNN_o1;N1002O0O1O1O00001N4Lh`af0
20120622063154Uh_3,ibXP32no11O1O2O0O10O02O0O000111N2NO010O2O01N1Ni\_n0
20120622063154Uh_4,lchb0;do12O100O2N0100O1O10O100000O10O2000O000O100O`PNJWo16gPNLYo1>10O0001O7I2NO1O101N0010O100000O02N1O0100O1O1O10O1O10O1O1O01O01O1O2N001N101O1O00O1O010O2O0N3N101O2N001O1O1O1000O1O00000010O001O10O2N000001O00010001OO10O1O2N1O0101OO10O002N1O10O0000001O100O01000O2N010O1O1O1O01O0000001O0O1O2N101O2N0100O1O000001O000001O000001O1O1O00000O10001O0001O01O001O1O01O0010O0O1O2MYY[R3
20120622063154Uh_5,mcRS32no11O034I1O01O3M4NOOg[Yl0
20120622063154Uh_6,iedk12ko14M200O1O1J6O100M3N2O1O100O10O10N01N3L3001M3O1N1F]OTQNh0jn18O1001O00001O00000000002N10O00101N000100O1O1O01O1O1O000000000000000000O1K5O1O100O1N20000000001O1N2O100O100000O00000010O02O00O00001O010000000O00000001000000O01O000010000000O10O2OO1000O1O100O0110O000O11O0O1O0000010OO2O2N00000000001O1O1O1O010O01O0101N3N0O0100000O1O01O0001O1O1O1O1O100O10000O1O10O0000O101O100O1O00001OL\QNnNbn1R1_QNmNbn1Q18M3N2N100000001O100O1O01O1000O1O00001O002N1O1O000000010O3N1N100O2N2OOO2N3M2O0O2NhXWf1
20120622063154Uh_7,ohje14ko12N3N>A20O13N01NO1001`0AN1O021O0N00022M1N0000a0CMO00O113OM0O1103L0000001O00002N1O000004M2L100103MO0006J1O0O1002N2N00009H2NO00O:G0O00001N101NoRiU2
20120622063154Uh_8,Yln\19co18K2O1M3N1O2N2O1N1O101N102N0010O4M5J1O1O4L2N1N103FdS]a2
20120622063154Uh_9,amVj12jo18H5O05MO0O100O0000001OO010000O1O1O10O1000000000000000000O1N2O2N2M3O0O2O001N10_RYS2
20120622063154Uh_10,YZeU3:fo13L2O1O1N2O1O1O00000000000jN^OnRNb0Qm1@nRN`0Qm1BnRN>Qm1DmRN=Qm1FlRN<Tm1EjRN<Vm1DjRN<Vm1FgRN;Ym1FeRN:\m1FcRN;]m1FbRN9^m1I`RN7am13SRNLPn15nQNKSn15lQNKTn1Q1O0010O2N2M3M2N2N2E:0M310_OlNVRNS1jm1oNURNP1km1ROSRNn0em1@TRNb0Zm1ROiRNh1Xm1YNfRNh1Ym1[NeRNd1\m1^NaRNa1am1<3O1OO1001O0001J42M2000OO3O00O2H6QObM_TN\2bk1gM\TNY2ek1iMXTNW2Wk1mMVTNNa0U2Zk1mMUTNO?S2]k1PNRTNO?Q2]k1dNaTN[1^k1_15]Oc01M2N11M4O1M3L4N101O1O1N2OO10N3M2000O@QSNRNol1Y1kRNgNQn1V1TRNdNmm1]1641000O1H8001O01FVN[RNk1fm1WNWRNj1jm151O001M2O100K6N11G]NTRNd1hm1<O0010N2L4O0000L04L5N2O100O1O1O1L4O1O010N2O1O100N3N00100000O0001O010O1O1O1O0001K31M3000OH@WO]RNg0dm1[OZRNd0gm1@URN`0km1d07O00000L5N2O0O2J5G9O0M22010OO1O100101N2H7N3N3M3Mho\>
20120622063154Uh_11,eZYf26io12O1O0O2O0000O10O0101N2L_elX1
20120622063154Uh_12,Y\Qf12no10O2O000000001O0O101O1O1O00001O001O1O1O00001O100O1O1O001O1O1O00000010001OO10O11O0000004L0000O1O5K1O1000:F1N101N=C1O000000gNkQNg0Un1XOPRNd0Qn1[OPRNd0Qn1[OZRN:gm1EZRN;fm1D[RN;fm1B]RN=hn1K100O10000O1O1O100O1N2O_anT2
20120622063154Uh_13,d_YP39go11N2N1N2O1O1M2G:O001O1N2O101O1O1O01O108G1O1000000O00001O00000O1N2M4N10001N100O001O2N2N4Ib`ll0
20120707070914Th_1,mbhV17ho1101O1O2N00101O1O000O1O000100000O100O1O1O1O01O3M3M010012]PNHWo1a00O000000001N2N2N2O000O2O1O001O001O000O1O1O10000O1000O1001O0O3LX\]e2
20120707070914Th_2,acbf25ko1102N3L1O1O2M6J2O100lPN[Omn1m00N1O001O00001N2N2N1O10001O010O2N2O001N2O0O1O002N1O0100O100O02N1N5K][cV1
20120707070914Th_3,efTa11no12O1O1O100000O10O1O1O1O0001O100N100O3NSYc]2
20120707070914Th_4,Pi`\18fo13K4O2K5L4N2N2OFPQNGmn16WQNKgn15YQNLgn17TQNLkn1i0L000013OM0000004MOO100<HL00O1O6J3M10001O000O1O4L2N10O020O1OO0N4H7N2O1N`U_`2
20120707070914Th_5,ik`U22mo12N1O2N2N2O000000001O01O1O1O000010O001O1O1O01O1O1O000000O1002MUT_h1
20120707070914Th_6,_Via04jo13O0O10000000000000000000000O01N200OO2O1000000000000000000000000000000000001O0000001000O100N2O3LaiT[3
20120707070914Th_7,mVe?3mo10O1O1O1000O011KZih_3
20120707070914Th_8,kVS\34ko12N3M2O1O100000000O1O100O10000O100O105LN010203MN00O2O8G10TOUQNb0ln1[OVQNf0jn1WOWQNk0on100BnPNLTo12nPNJXgha0
20120707070914Th_9,Q[ab12mo12O0000000O0O2OO200001O1O1O0000000O1O1O1O100000O1N2000000O01000000O1O1O10000000000000000000000000O000001O10O1000000000000O0001O0010001N2O1O1O1O1O1O01O000000000000O1000000O1O00K6O1O1O1O10O0100000O1O1O10000000000O1000000O1O1O10O0001O0010O1O1O1O1O100000000O1O1O1O1000O100O1N02O010O01O010O01O10000001N100O0O20O100O1N20O00000000010O1O1O10000O100M2M3001ON3M3O1000O001O1O1000001O000O1O1O11O001OO100O100O10000O1O1O100O0100O2N1O1000000O100O1O100O1000000000000001N2O1O000O1N3O00O102N1O01O001O1O00001N1O100O100000O2O1O0O2N100000O1N2L31O1O1O10001O1O1N1O1O1O1000O1O1O0001O1O1O10OO1001O2O1E;N1O00001O1O102M3Nggjj1
20120707070914Th_10,VYie05io13O01103K100O110O000O11O1N010010N01O1O1O1O1O000000000000001O001O0000O1O10000000000O1O1O0000001O1O001O000000000OM401O2Nif^V3
20120707070914Th_11,[dgd18eo1>D2O1O1O2N1O0001O000000001O1O1O000O2OO01O100O0100O1O1O1N2O1O01OOO2O201N5K3L2O1O100O10000O10O10000O100O2O1O1O00O1O1O1000000O0100OO1000O2K4000002M201N101O000O2N1O1O101N1N3O00001O000O1O1O1O2OO0100O0O2M3O2O000000000O1O1O1O100O100O10001O0O11O000O2N001O0N3O1O010N2O10000O10000O2N2N1O00001K4100O001O1000O10O00001O1O100O1O2N2O001O001O00000000000000O10IfNgQN[1Xn1gNgQNY1Yn1gNgQNZ1Xn1fNhQN[1Wn1eNiQN\1Vn1dNjQN]1Tn1dNlQN\1Sn1eNmQN[1Rn1gNmQNY1Rn1hNnQNX1Rn1;1O1O1O010011N0O1O1O00000O1N200O1O1OO1A\RNbNem1^1]RN`N_m1OXRNb1Tn150001O0YOYNVSNf1kl1\NSSNd1ml1^NQSNb1Pm1`NmRNa1Rm1dNiRN\1Wm1fNgRN[1Ym1fNeRN[1[m1e01N100O001M2O20001O01OOO2M3JdMfRN]2Zm15N1O0110O1O1O1O1O10000O2O100O00000000010O001O2N0O01OM3N3O00000000O1H800001O[OXNSSNh1ll1f01ON2N2IoL^SNS3cl14010N101O100N3M110O1K4000001O1O00000M3O2O010N2O1OM3N21O001O1O1O001O1O1O1O2N1K5N3M2O1A_RN\Ndm1c1<0000L401O100000001N3YO`QNHfn13\QNJfn15\QNIen16\QNIfn15[QNKen14\QNLdn13]QNLen12]QNM[o101O002Mm`ne1
20120707070914Th_12,f`Ui08eo1102O10O00O1010O010000O1L30O11O0nNE`RN;`m1R1001O2N7E7M2N2Og`VU3
20120707070914Th_13,ZggQ22lo16K2N2K8J3O1O1O1O1O1O10002N000O11N1O01O102M2N001O000010O4L2OO10O01O00000100O1O1O1O2N1O1O1O1O00O1O1O1001O1O001O0000000000001O0001O1O1O000000000000000000000000000001O001O000001O00000O2O1N101O00O1O1O2O00000O101O001O0000O100O1000000O1O100O1O1O10000001O1O1O1O1O1O1O1O0000000000000000000000000000O10000O1O1001O2N1O1OO10000001O1O1O00001O001O0O1O2N10O1O2N2O000000000000O100O1000000O11N100O1O100O1O001NKhPNDYo1<6O200O4M0O1O10O2OOkWXa1
20120710063134Lh_1,Qd`W12mo12O0O2N3M2N1000O1000O01O100OO2O10001O1O1O1N1O1O1O1O100O1O1O2O002N1N1001O0000000O1O1O10001N101O001O001O2N1O1O0000000000000000000001O01013K10O00000000101N1O1O1N3N2N1O1N3N3Mc[Sc2
20120710063134Lh_2,ghng06`o1h0A2N1O3H7N2O0L5I6O1O1O1JWOYRNEgm18_RNDam1<aRNC\m1?fRN@ml1g0X1O10010O001OO10O2L4O100O1O01OO1O101O1O1O1O001O1N100010OO2O1000O10O10O1N200000O001O10O1O1O0100O1O1O10000O10000001O00001O2N00000001O001O1O001O00000000000000001N2N2N2N1000000100000000O11O0000O1O1O10O100O001O00000O101O1N2N2N1O2NPYmo2
20120710063134Lh_3,gffd24ko12O000010O000001O100O000000001O1O2N001O1O2N1N10000O1O00100000O1O1O1000001N101OO01O1O010O1000001O1N2N2N2MYYoW1
20120710063134Lh_4,`g`o04lo11N2N2M3O0O2O1M3N2O0101O0000012NOO10O1O1O1O01O1O1O1O0000000100000000000000000000000O000001O01O1O100000000O10O201N0O011N5K1000000O10O100O1O1O1000000O000000001O1O1O1O00000001O1O1000000O6J10000000O1O0O1O1N2O2N2N2O1O03M6J1O1O001O00102O0N100004L00000004MOO010<C1O1O11O02M1O2N2N2N1NXUig2
20120710063134Lh_5,eihd23lo12O2L6J6K2O0001O1O2N1N2N2M3O1M4KYVUZ1
20120710063134Lh_6,PkXo13lo12N2O2M2O000O10000000000000000000000000000000O100O1001O1O1O01010000N1N2N5KhT[n1
20120710063134Lh_7,ok^j1713So1l0E2N2N2CU1VO2N2N2O9E3OiMUSNZ1il1fNYSNZ1fl1dNfSN_1mk1`NWTN^1hk1aNZTN_1ek1`N]TN_1ck1`N^TNEOi0bk1A`TNE0j0_k1@cTND0k0]k1@dTND1j0\k1AfTN_O?b0lj1CbVN<^i1CdVN;]i1EdVN9]i1GdVN6^i1JeVNMai12W3000000000000000001N10oTSS2
20120710063134Lh_8,mkZR21mo13N2N2O1O001O1O0100O0100O01O2M2N2NPTal1
20120710063134Lh_9,QPoU12no10O2O0000O2O0000000000ooXi2
20120710063134Lh_10,UPYY12mo12O00000O100010O01O1O0O2O01O00001O1030N2L1O1001N100O1O2M3M[ojd2
20120710063134Lh_11,iWk\12mo11N2O1O101O00000O1O1O1O1000O1O1O1000O010000OO11O00100000001N1MfhTa2
20120710063134Lh_12,VXo[12mo12N100000O2O00O10000000OmgVc2
20120710063134Lh_13,\Z_g15jo13M2000014K00000000O1O000000000O1O1O10000000000O1000000000001O1O1O0000O1O1O100000000000O]efU2
20120710063134Lh_14,mbg_11lo14N2N101O2N1O1O100O10O1O2N2N0001O01O00011O00O0000000O100O10000O10000000000000000000000000000O10000O1O1N2N2O001O000010O01000000N2XNClSN>Sl1DlSN<Tl1EkSN;Tl1H^SNB]Of0Sm1NXSNBBa0Tm11WSN@D?Tm13VSN@E<Um18PSN_OK8Um1S1kRNiNYm1Y1dRNgN\m1n101N20O00KAkRN]Nkl1_1hSNWN^l1g1n0O1OON3]OoQNTOWn1k0mQNQOSn1P1oQNkNPn1X1<O2OO2O_Oa0O10000M300000O02N100O0M5N101OOM4N3N3N\aVY2
20120710063134Lh_15,Yeio1>ao12O1O1O1O1O00001O0000001O1O00O100000011O0O001O0000100O10O1000O1O1O1O001O2N00O1O100000000001O1O000010O1O4L1O1O001O1O00O1000O01000O1O100O10000000000O100000000N2OO2O1000000000001O0O2OO10O1AiPN3Yo1MhPN2Xo1MiPN2Xo1KmPN2To1MoZRj1
20120730072014Th_1,S_nk13ko13O1N1N1L3110O1O1O1O0001O00O20000O10000O2M3M\acR2
20120730072014Th_2,jahi21mo13O1N010000000O2O01O0100O1PQNJTn16kQNLim1NfQN9>Mim1LfQN?:Gnm1LfQN?:Gnm1KhQN?8Gom1h0kQNYOTn1Z100O00000010O1O1O1O001O1M3N10N3N2ODiQNPOXn1o0jQNPOWn1n0lQNoNUn1m0b0N1O2O0000001O0000000O1N200O2O1N2N2O00100O1O0O2J5O101N5Kd^mQ1
20120730072014Th_3,Ud^]39do14FElPN<So1FkPN;Uo162M2O2O2N2N1O3N3LS\ga0
20120730072014Th_4,Qe`Y2g0Xo11O2N1K401O1O0MG<000O1M300001O1G8O2O2Ni[We1
20120730072014Th_5,]efW18go13M2N2O0O100O2O001O0100O1O1O001O2N3M10O1O1O10O1O1O1O10O001O001000O1O0000000001O4L2O0O10015J00010O1O00O1O3M10O010O2N01O1O8H1O10O001O1O1O01O1O1O0001O01O011O0000O11O000O01O1O10O1O1N2O0O1000000001O2N000100O1O1O01O2N0001O1O1O0001O01O0O2N`Xo`2
20120730072014Th_6,igZ_12no11O2N2N00101O0O0100013MO1N101N1O1O1NhW__2
20120730072014Th_7,QiXo04ko13M2N1O1O1000O1O1O10001O2N01O1O010N1O1O1O1000O1O1O0001O1O1000O1O1O0001OO1010O10000O1O1O01000000000000000000000000O001O01O10O2O001O0000001O00000000000000000000000001O1O1O1O01O1O1O10O1O1O1O00000001O1O1O0010O11O00O0010O000002N1O0100001N10O13Mc0]O00001001N0O1N7\O?L4N2N\V_h2
20120730072014Th_8,Yjl[22mo13N2N1O01O1O1O01O1O1O10O00001O001O1O010O01O2N0010002N1O00O100O1O02O01N0000001O0001O00000110OO01O000001O01001OO10O1O1O1O1O101OO1O1NiTo_1
20120730072014Th_9,QlXe12mo12O1O001O1O01O2N1O00N3N1O10000000001O1O1O1O00000000000000000O10O1O1O11O00000O001O100000O1000O10000O1O1O100000O1O1O1O100N2O10O10O1000O1O1O10000000000000000000O1O1O1O1000O100O1N200000O1O1O1O100N2O0001O1O10000000000000O1N2O2NdTgS2
20120730072014Th_10,QRi[22mo12O0O1000001M2O2]OJZQN7dn1KZQN6en1MYQN2hn10TQN1mn10QQN1on10oPN1Qo1`0O2N0O1O1N200000000000000000001O1O2N1O1O1O1O0000O1G\QNTOfn1k08O1O1K5O1O10000000000000000000000000000000002N1O001O0O1N11OO1O110O10000000001O2N00O1O100O1000000000O1O1O0001F:00O101O0000000001N1000001_OjPN6Wo1IiPN7Yo1GfPN:^o102O1O1O1N200O10000000001O1O1O0OnnV\1
20120730072014Th_11,QUih14ko12N2N2N1O101O002N1O002N1N2O0O1N3O00001O2N0O2N2N2N2N2O1M9H2O1O1O001lQN]Nim1d1URN]Nkm1f1PRN]Nom1j100001N2N2N1000001OO2O1O1N1O2O0OZOZRNTOfm1g0cRNVO\m1i0fRNVOZm1j0gRNTOZm1l0m00010O11O00O001O1O10O1O1O10000eQNSODObm1T1[RNBem1]10000000O1O01O000001O1O1O1O000O10001O1M5L2O11O00O01_VNVNld1i1P[N]N\e1Z1]ZNXOSe1i0jZNYOVe1g0hZN[OXe1f0mVN^N]3n0ne1=aVNjNQ3X1]f1NaVNkNP3X1`f1L_VNnNo2X1bf17\YNKlf1MjXNcN\MV1OTOji1S1iXNLeMmNci1V1gXNNgMkNci1V1eXNOjMiNdi1V1`XNEch19]WNFeh19ZWNGhh18WWNHjh18oVNGYi19fVNF\i1:bVNG_i19_VNHbi18]VNDhi1_O\TN<k14li1^OZTN?h14ni1\O[TNa0e13Rj1YO[TNe0[12Pk1OYTNVOEj0Tl11VTNWODh0Wl11VTNUOBk0Wl12WTNSO]Og0dl16PTNSO[Og0fl16oSNSOZOg0il15mSNWOVOd0ol14jSN1\l1NdSN0_l10iRNVO`0i0hl19lRNnNNi0Xm1_17O1O1O0H9O1O1O1H9M2O1O1K402N102PO^QN<en1A^QN=dn1B]QN<en1B]QN<of`m1
20120730072014Th_12,RZk`19fo13N1N101O01MQff^2
20120730072014Th_13,e]Y`12mo12N1WMNcUN3[j1a0nTNDRk1=lTNDTk1=jTNDWk1<gTND]k1]24L2N1O?@3L4N2Nb0\O6I5O1Njc^^2
20120730072014Th_14,P^Yn14lo10000001O00001O1O1O00000000000000000000000O010OO11O010000000000000O1O000000001O0001O0100O0010O001O0001O1O0000001O010O01O1N201Nibfm1
20120730072014Th_15,Qaib23lo13M2J6M200O200O2N2N0100O100O1O1O1O00O1O1O1O1O1N2O1O1M3N2O1O10O1O001O10001N0001O0100001ASOiQNn0Un1TOjQNm0Tn1UOkQNk0Tn1VOlQNk0Qn1XOnQNh0IXOlm11[RNg0HZOlm1O\RNg0H[Okm1M_RNV1`m1jNbRNT1^m1lNbRNT1^m1lNcRNS1\m1nNdRNR1\m1nNcRNR1^m1mNcRNQ1_m1PO`RNP1_m1QOaRNo0]m1SOcRNm0]m1TObRNk0_m1VO_RNk0am1XOYRNk0gm1e02O100O100000000000O1O00O11000000O100O1N3O1N1OO1J6000000O11O001O00KVRNVNim1k160O0N3O12M:TNhQN\1bn1M0OJgNdQN[1[n15001O100O1N20O0OL6O1O102N2M1O1NJSO\QNl0cn1YOZQNg0fn1900O1000000L40O2O1N2M3O1O1O1O001OO1MO40001O1K4000N2000O11O0OJ8N11N3K5N2O0002\OVQNNPo1IUQN5[o101NhafR1
20120730072014Th_16,Q^YR22mo12O1M2N1010000O1O1001O00001O0000001O000000000O1O1O1O101NTblk1
20120813063134Lh_1,fa`X15jo1100O10000O101N1O1O1000000000O10O10O11O00000000000000O100O100000000001O1O1O000000000000001O0O1N20001O1N2O001O1O1O1O000001O00001O1O10O00010O010002M101O1O000O01O000ePNAUo1f00000000O101N3M100010OO01O100O1O1O1O3M2N1O2N2N001O000001O1O1N1010O0O2O1O000001O000K7K4M20001O000O101Ia]U_2
20120813063134Lh_2,gdla13ko16K2\OH^QN9an1H^QN9an1H^QN8cn1G]QN;bn1E]QN<cn1C\QN>dn1CZQN>fn1>10O01O1N2O001O2N001O1O1O1O1O0000000001O000001000000O000O1000100O1O1O001O1O10O002N10O1O1O1O10O1O1000000O2N0100001OO1O1O100O1O1001OO100000000O001O1O10O1O100O1O1001OO1O00010O1O02O0O10O1001OO100O1O1000000O1000O4M1O00O20O0000O10000O001O0O1000010O02N3N1O1N1O001O2N1NmXYU2
20120813063134Lh_3,bdfR34jo14N0O1O1O1O1O1000N2O01O1O10O10O100000000000000000000000001O0000001O1O1O1O2O0O002N1O1O1O1001OO0000010OO100N2O10001O0O10O100000000000001O00000100O100O1O1O4M0O1O1N2N3M2NT[Qh0
20120813063134Lh_4,cVYf24ko12M3M3B`0L2O1O3N8H00O1010O00O1N6YOSQNOdo1L1N3Mkh^X1
20120813063134Lh_5,QZie21mo13N2N3N5J20O001O1O0000jMM^TN4ak1N^TN2bk1N]TN3ck1O[TN1ek11[SND2:el13WSNE37gl14USNG26jl17dRNBM5c03nl1o10O2O0O3M2N1O2N1O2M2O1O001N2O2iNlQN?[n1XOkQNe0Xn1WOQRN`0Qn1_OPRN?Sn1^OoQN`0kn1J5N2N2Nhf^W1
20120813063134Lh_6,l[a_1j0Uo12N2N1O010000N2N2N200O1N101OO2L3000001O1O1O001O1O0001O0L4M4O1O2I6M4O000O100000O00O10100N2N2Omd`]2
20120813063134Lh_7,c\_R2>To1a0L1O1O1K5O1O000O^Od0L4O001J6O1O01N02O1O1000O100O0000O20O0100N1100O0010O1O1O00102Mddnj1
20120813063134Lh_8,X^WW23bo1>L2O1000O1000O11N100O02O01N010O2N3N0O10O1O01O000O1O1001O1O000O1000001N1N201O1O1N10001O002N1O01N101N2N2O3M1N2O00000O1O2N4KZald1
20120813063134Lh_9,P_iQ27ho12O1O1O100O1O1dPNGQo1e0OO10O12N2N0O101N1O1O11O00O10002O1N0O032NO0OO03O1N2NO0M7Gi_lk1
20120813063134Lh_10,ebY]25jo12N1M3M3O0100O10000O100O1O100001O001N010000OO2O0100O10000000000000000000000000000000O100000O1O1O002O0O3Kj]\_1
20120813063134Lh_11,ibW\22mo1101O0000000001N10W]Tc1
20120930063534Lh_1,P`jd26go14L3K6N1O100000O0K6O1N2O2N1O2N]`UZ1
20120930063534Lh_2,Qdje22no11O3M3M1N2O00000010000iPNO^n11`QN1`n1N`QN3`n1L`QN5an1J^QN7cn1G]QN:bn1F^QN:cn1GXQN=gn1`0OO0001O1O1O001O001O01N1M4K5M302M2N1O112NO000O20O00O010O000010O2N2N1O2O1N2N001N5L3L]Z[V1
20120930063534Lh_3,]d`j01lo14N2O1O1N2O1O001O001O4L1O100O102M2OO010O1O010O1O010O10000O1O1O1O100O0101OO10O1O2N10O03M2N1O1O2N=D0O1O1O3M2O001N2O1N1000O100O11O00O1O103^NeQN56`0on1O1O1O2M101O0O2O0N3O1O00001N101O3L2N\YQP3
20120930063534Lh_4,\j`c18ho12M3`PNDXo1f0L9G1O100O6J1O0110PO]QNb0cn1UOdQNk0in10013L1O00003M00000O11O00O1O5K1O10O02O000O1NPTWZ2
20120930063534Lh_5,fnZa2152`o18N2L4O1O1N1000001O00O1M31OO10001O100000O01O00010O010000000O1O1O01O0L3100001O1O1000O1O1O0001N200O1M2N2001O010000O1O0001O1O10000000000000001O1O1O1N1O2O1N2O00001N11O100O10000O1O10000000000O1O2N00100000000O12N3M00O02O00000O1O1O100001OO100001OO1000000000O1O100O10001O0O0131MO000000000000001O00O13M1O0000001O00O13M1O000000>DOO000103L0O1_OUQNJlnXT1
20120930063534Lh_6,^QQ]25jo12N2N2Mc0^O2O002N5K1N2N2J=G3M1O0O020O0M4N2O1O2N2JaNQSNj0[l1VOgSNj0Wl1VOkSNj0Sl1VOoSNl0ik1XO]TNh0]k1WOfTNi0Xk1WOjTNi0Tk1VOoTNj0bj1AfUN?Tj1@oUN`0Pj1^OSVNb0ji1_OXVNa0fi1]OaVNQO[NZ1kj1DZWN;eh1D\WN<dh1D]WN=ah1]OVXN8dg1FaXN7^g1JcXN6\g1IfXN7Xg1AXYN:ef1F]YN9cf1F_YN9`f1HaYN7_f1IbYN6^f1IdYN6\f1IeYN8Yf1HgYN:Xf1EhYN=Wf1AjYNa0Uf1^OlYNb0Tf1]OmYNc0Sf1[OnYNf0Rf1YOoYNg0Rf1WOoYNi0Rf1UOPZNj0cj1000100O`0A00000O1O100O1O10000O1NTkV^1
20120930063534Lh_7,mSYV12mo12O002N1O1O10O100000O000100O10O100000003M3aPNEQo1=lPNETo1g0O00M010321KO00123K0O00008G7J0O2MXjVg2
20120930063534Lh_8,hWYU38go13L20O01000O10O10000000O1O1O0100O010001N2M201N101N\hRi0
20120930063534Lh_9,hWab24ko13N102M6J2O0003N1N0O2O1N1O1O1O1O2N1N10cgV\1
20120930063534Lh_10,cY_Q34fo1:K2O00O1000O000O2O1O00000001OO1001N11O0O011O000001O00GGlPN:Ro1:0O201N1N2N2O1O1O2O0O100000O00000010O2O1O1O1O1NdgVk0
20120930063534Lh_11,iXan12mo12O1O2N1O001O110OO01O101N001000000000000000000000000000000000001O0jPNGdn19ZQNIfn19TQNJmn1d01O1O1O1N3N0O2N6H4N2N2O4Jme\n1
20120930063534Lh_12,TYcc24lo12N4K3N0010101N000O20;D1OO1O1N3M2N3L8D]fT[1
20120930063534Lh_13,m`al06io12O0N2N2N2O10000O02O1N2N1000000000O100O10O1000001O1N1O3KZ_dQ3
20120930063534Lh_14,ifSe14ko13L5J4N2N2N2O1O1O1O1O1O1O001O1O1O10O1O1O0000001O01O1O2N1O1O4L6J1O002N1O001O1O4M000010O1O0O1O3M3M001N2L5G:J4K7^OfPN1SX^W2
20121024073354Uh_1,]^XY22mo12O000O1O001O01O100O1000O101N1N200000000000O10O1000000000000O1000000001O0000000000000000O100O100O100000001O001O1O1O0000000001O2N3M1O1N2Lja]b1
20121024073354Uh_2,^c`[15jo12N2O1N2N2O1N2aPNCXo1d0O1O00000001O001N2O000O1O1O2O01O3M2N1O2N1O1O1004L1OO11O3M00000013NN00001O00000000000000000000O1O5K1O10030NO00O:H;D0000085bQN[Ngm1d1VRN`Nim1`1VRNaNjm1k11O0dNQRNe0Pn1YORRNg0nm1WOSRNj0gn1K000000XQNQObn1V1O1OO02O09G0O002N1O1O1N2M3O1N1O1O1O1O1O2J5N3N3MeXo]2
20121024073354Uh_3,ieXi23lo1101O3M3M1O0001O2N01O0001O0002N1O001O001O001O1O000O2N2F:N2O1O1O4L1O1O0000001000000000005K00O04L6J1000000O1O00O1N2O2O0O3F9M3N2N2N2M3N2N2H9H8LhYYR1
20121024073354Uh_4,]QaX11lo14N2L3G9O2O0N2K6N2N2N1L4O1O100OO1000O2N01[OfQNEZn19iQNFWn1:kQNDom1a0h0000O1G[OXQNd0in1^OTQN`0on19L3O01O1000L22O11O0G82H70O1L32O00M3jNU11O1000OO3O00001G9O1WNSRN^1om1`NSRN^1nn1iNQQN0Qo1LTQN0on1NSQN1nn1MTQN1TQac2
20121024073354Uh_5,UoVP38go1;F1O10014K00O112M1N001N`Pon0
20121024073354Uh_6,XPil13lo12O0N200O1000000000000000000O0100N2000O1O010O10000000O1N200O100OQPUQ2
20121024073354Uh_7,mRig12mo12O002N5K1O10O100000O00000001O1O1O1O01O0000001O001O00O1O100O1000000000O10000O1N3O0O001OO100001N2O10OM3G901O000L40O10^OVOoQNi0gm1g0601OO11kNT101O2N6CVolS2
20121024073354Uh_8,aXYZ22mo12O1O3M7I1O00O1O1O100000001O1N5J\gdd1
20121024073354Uh_9,nZQl01no12N2O1O1O001O000000000000000000000000000000000000000001O1O2MQePR3
20121024073354Uh_10,Q\S]22mo1101N1O1O1O1JIbPN8\o1LaPN6]o17O2N2O1O01O1O0000001N1N2000000O101O1O1O00O1O1O100000N2O10000O100000000000001O1O1O00000000000000O1N2O1O1O1O1000000O1000000N2O2O0000001O1N1O2L3N2O1O1O1O100000N2O101O001N11O1O100O0002O0O00001N10001N2N2N2O00000O100000000O100L4N2O2O3KbdT[1
20121024073354Uh_11,\`Qc25jo13M1O2N100O1O1O1O1O1O1OO100001OO101O10AFXQN:gn1HXQN8gn1JWQN7hn1KVQN5fn1d0000000cMoN\UNa1ej1`NYUN`1gj1aNXUN_1hj1fNTUNY1\j1_N[TN`0T1Q1bj1`NYTNb0R1g0lj1iNPTNb0R1e0nj1KnTN5Rk12oSN:]l1H`SN9al1H^SN7dl1a13M4J4N2M9]MQSNe1im1L2N1O8H9G2N8I=B5K2Mea`Y1
20121024073354Uh_12,g]gT34eo18O0O1N1M21M31O00O100000L40000000000001O1O001O00001O000000001O1O1O1O0010N2O1000O1O1O1O0100000000O100001N1O1O2N100000001Ndc^g0
20121024073354Uh_13,m]S\15jo11K4K501O1O1O00O11O1O001000O1O1O1O100O1N200O2N3L2O3MdbVb2
20121024073354Uh_14,`bam03ko13N1O10000000000O10000O1O10100O100O000001O01O001O1N1O1N3N100000000000O2M200O2O1O1N1O0001O10O10AFWQN;hn1GWQN9in1HVQN7kn1JPQN9Qo1:100O100000001N2N2N2N101O000000O10000O1O1O1O100000000000000O1O000000001O1O10O1O1O100O100O1N200O1000O00O1M31O00000001O100000O1O0O11O0001OO101000000O01O000000001O1O1O1O1E;O1O10O0O200OO2N2OVOSQNc0ln1^OTQNb0ln181O1O1O2O0NHXO\QNg0dn1[O[QNe0en1:01O1O10O1N201N101N1O2N11000O1O0O1L5N1O001O1O1OO1001O000000000001L4N2N2K4M2110O2N3M1O2N2O1N2M3O000O100O1O1O10O01OO1001OO2M3N11O0001O0101N3IXa\d2
20121125063154Uh_1,To^W33lo15L1O10004MOO100O6KO0100100N[I@k]N`0Sb1Bl]N?Sb1Bn]N=Qb1CT^N9ka1HU^N8ja1IU^N8ja1IV^N7ha1JX^N7ga1JY^N5ha1KX^N4ha1MX^N2ha1OW^N1ia1OW^N1ia1OQ^NH`I:_h1NP^N8Pb1Ho]N9Qb1Go]N9Qb1GP^N8Pb1HQ^N7oa1IS^N5ma1LR^N4oa1LQ^N3Pb1MQ^N1Pb1OP^N0Qb10n]N1Qb10n]N0Rb11m]NOSb12m]NNSb12l]NOTb11l]NOTb11l]NNTb13l]NLUb14j]NLWb14g]NMZb14^]N2cb1NZ]N4gb1KW]N7ib1KR]N8ob1Ho\N9Rc1Gm\N9Tc1Gj\N:Wc1Ie\N7]c1L^\N4cc1L\\N4ec1LY\N5hc1KT\N8mc1Io[N9Rd1Gl[N:Ud1Ek[N;Vd1Gg[N8[d11[[NNgd12X[NMjd13T[NMnd13P[NNQe13hZN2Ze1MdZN4]e1KbZN6_e1JUZNQO_LV1]i1HPZNe0Sf1ZOlYN=dLeNai1o0hYN<cf1EZYN<mf1BiXN<oLgN[j1m0dXN;dg1EZXN;hg1EVXN<mg1hNXUNl0a2<_h1D_WN9fh1GYWN8ih1ITWN8nh1J`UNPO?V1Uj1HZUNUO>T1Yj1GWUNWO>S1\j1FRUN\O>o0gj1d0nTN@Uk1`0jTN]OZk1c0dTN]O^k1c0^TN@kk1V22M101O5K3M2N1Od0\O3M1O006@`RNRNcm1k1;O1M;bNcQN;jn1@]QN2KLkn10\QN2KLkn11[QN0gQaa0
20121125063154Uh_2,Qnnl24ko17J1N2O5K5L0O1001?CMO100O2OSO]QN;cn1E^QN;cn1C^QN=bn1BaQN<`n1BeQN:[n1EfQN:\n1CgQN;Ro1M2N104M00N1O01M]PWQ1
20121125063154Uh_3,YnnV33lo18I1O1004M0O0O2M^Q_h0
20121125063154Uh_4,USa]2i0Vo12N2L4XOi0M2N1O0E;001O2N4G9I5N3M=kNUQN8Vo1_OQQN;[o1I`PNMbo11WmVa1
20121125063154Uh_5,ZWQh22mo14L1OO@`0101O2N\i^W1
20121125063154Uh_6,mW]f22no10O2O000000000O1O1O1O01O1O100O10O0O010101N\hVX1
20121125063154Uh_7,mXQV22mo1101O0O10000O1O1O10000000000001O001O1O001O00000000001N10SgTh1
20121125063154Uh_8,Z]_k15ko13L20001N5K1000003M000013L00000004L00O1O1O2N101O2N0000O1O1O1O01O1O1O1O001O2N000000001O00000001O1O1O1O0002N1O00001O0001O1O1O1O0000000000000000000000001O1O1O1O01O1O1O1O000000000000000000000001O000000001O1O1N100O1O100O01000000001O00O100N200O0100000000001O0O1O1O100O100000O1O000001O100000O1O0O11O00000000000000001O10O10000O1N11O0001O1O10O100000000O1O1O1O010000O1O1O100O1O1O1O100001M2O10O01000O100O1O1O10O1O1O0000O11O1O10000000000O1O0001O1O1O001O00O11O0L3100000C=1O00M3N21O00N2K41M30100N2M200O1N2M30000N2O1000LO501O001O0O10N2O11O01O00M3O2O100N2O1O100000O1O000001O1O1O1O0000O11O0001OO100001L21000000L4000001N1O1000001N11O00100O001O1O1000O1O1O001000000000000000O1N200000O1O1O100O100000000000O100O1O10O01000O1010000O00000010O001010N0000000010O1O1O1O0002N1O01O00100O1OO101O000001N11O002MRfT\1
20121125063154Uh_9,\[io17ho12N2K4N2O1O1O00O2O10000O10O10O1O0001O001O1O1O00L5O00M3L22N3O01O00O20O01N101O00O11O000000000001O1O1O10O0O11O01O1O1O1O1O1O1O1O1O2MYfTl1
20121125063154Uh_10,[ZUd24jo13N100000000000000000001O0000001O1O001O00000000000001O001O1O001O000O1O1O100O101NdeXY1
20121125063154Uh_11,l[Qm24lo11O002N1O000000000O10000O100O1O10001O1O1O1O000001O1O001O0000001O0000000000O1O1O1O10001O00000001O1N2O000O100O1O100000000O10O1O000000010O100000O2Gbd\n0
20121125063154Uh_12,m_a_26io12O0O1O1O010O01O10O001O1O1000000000000O01N20O1N20O01O000000001O0000001K5O010O01O0O2O1O1O100OO2N2O1O100000O10000O010O01N20O010O1N1O10O1O2O1O001O1O10000000000000000O1O1O1O1O100O1O1O010OO200O10000000N1001O001O1O1O1O2\OiPN<Yo1BiPN8bo1O1O2N2Lna\Y1
20121125063154Uh_13,n`oU11no12N1O2N2M4M1O1O0001O00LEdPN<Zo1600O1O000001O1000O100O1N02O00K6D:101OO2O00000000O101O100O1N11O1N20O01M3M1101N2O1M3N2O100N2O1O1O1O1O1O1O1O1O1O1O1O1O1O1O1O1O1O1O1O1O1O100N2O1O2NTafd2
20121125063154Uh_14,Tbmf13jo14N1O1O1O1O100O1001M2O01O001O100O10O1O1OO2O1O10000000000K5000O010O001O010OO2O100000O0100O1O2O0O1000O1O1O1000000O100000001O2N0001O01O01O1O0000000000001OO1O1O10000001O1O1O110O0O000001O000O1O1O10000000000O1000001O5K1O1O1N\^VR2
20121125063154Uh_15,daQo13lo12O0010O01O001O1O0001O100O0011N001O00000001O001N2O2NS^Xo1
20121125063154Uh_16,ebcd12mo110000000000O1O10O_]hZ2
20121203063334Lh_1,QddQ16jo12M3N1N101O2M2N1O1N3N1O2M3L4M201N2O2N001O1O100O01O1O001O00;E2N1O1O1O2N1O1N5K7I2N2N][gk2
20121203063334Lh_2,ddXe26io12O1O2N1O1O1O1O1O1O000001O01O1O1000000O1O100O1O5K1O1004M1N1N132MO0O002OS1nNN1O1O2N1O0O1O`0@2N1O10b0^O1O0O1NhX_W1
20121203063334Lh_3,^fPV25jo12N111O000O100000000O1O100O10O11O000O115J000010O1O00100O0000001O2M100O010O011O1O1O0001O100N1013MO1OO101N1O1O2MfW_f1
20121203063334Lh_4,mhPm0f0Yo12O1N2M6K2O1N6J7I2N2M2N3M3N1H7M301O0O2I60O202N3M4K2O1O5oMQRN83n0gn1^OYQN_Ojn1<[QNBgn1:]QNDcUQQ3
20121203063334Lh_5,ahfh12no11O1O1O2O00O01O2O0O1O1000O100O020O0O0100O2N0010O1000000O1O1O1O1N3N2NgVSU2
20121203063334Lh_6,Qi`Y26io12O1M4E:N2O00000000O2O2L2O2N100000001O1O1O00000000O1O1O10001O1O1O10O1O1O010O0O3N1O1O1NPWgc1
20121203063334Lh_7,Yk`h13mo13M01000O100O1O001O01000000O100O2OO01O3MXTUV2
20121203063334Lh_8,mXYc02mo12N102M3N0O2O1N2O1O0O1000000O2O0O1001O10O000001O0O10000O10000000000000000000000000000000O1000000O100O1O100O100000000O1O1N1O2M10O2L50N1M3O1O0011N1000EYO\QNg0\n1?3002M2O2O1O01O0M301O2O1O001O1O4K3L3O2N1O0O2O1O1N2M3O000O10001N3M2N2N2O3L`hdU3
20121203063334Lh_9,cWc?5jo12N4L3N1O10O100O0100O1O000100O1O01O1O1O00000000000010O00001O1O1O10O11N10O01O010O1O1O001O1O1Nkg^]3
20121203063334Lh_10,][iU33lo12@7fPNJVo1a0J6O002L20M401O1O1N2M4N1O1N2O1O101O001O0000001N101M201N2O1O2M`eRh0
20121203063334Lh_11,f_SR31no12N6K3M001iLIcVN8Zi10`VN4\i1McVN4[i1LfVN4Yi1LhVN3Wi1OhVN1Xi10hVN0Wi11iVNOVi13hVNNWi14fVNNYi14fVNK[i16cVNK]i1;\VNFdi1>SVNGmi1:QVNGPj18oUNJPj17eTNUO;e0Pk17bTN^O4=Zk16`TN_O4=[k15^TNA5<\k14UTNJ;7^k1m2N1O00O2\MbTNd0_k1XOgTN?`k1_ObTN?_k1@cTN=_k1_OPUN3Sk1GWUN3kj1KXUN3ij1K[UN2fj1JbUN@Pk1=[2O2N1K5N3N2Ngcnj0
20121203063334Lh_12,a^Ye17ho12N1O3M2N100000000000000000000000000000000O10O000001N2O1O010000O1O1O10O10O10O0O11O0001O1O0000001O0100O1N200O10000000000O1O1O1O1O1O1O101O1O1N10001O0O2NTbnU2
20121203063334Lh_13,Y^Qb22lo14M20O0000001Mja^]1
20121203063334Lh_14,n`g\27go14M2N1N2N3N1O100O1O1O1O3N4K2O0N3L4K5M2M200010OO1001O01M3M201O1O0O011O0N3N2O10000000001O1O1O1O0010O1O00O2N2O0000O1O1O01O0O1000001O01O1O2N2N2N2N102N1O0O2O0000000O1O1O1O100O1O1O100O1O1O1O1H8UOZQN;hn1CZQN<gn1B[QN<Vo1N2N2O1O1O2N0O2NP`f\1
20121203063334Lh_15,ecao1;do1101N2O2M2N1O3M3N0O2N2N2O1N1O4XQNoNYn1_1N0O1O1N200O1L4J6O10000000000002N1O001O00000O2N2N2O1N100O1N200O1000O00000010000000O101O001O1O0O1O1O1O100000O1O000001ON2M31O011N101O001N2M2O2O1O1O1N2O0O100O101O1O1N1000001OO010000O10O0O20O100O1O1O1O100O1FkPNFWo1:800O0O20O1O010O10O1N2O2N100N3MY]Rh1
20121203063334Lh_16,^fk`15jo12N3N2N1N2O2N0O2O0O3M2N100000001O0O2N2N2O01O001O001O0O1O2GkPNDVo1a02M3O10O10O100O1O00001O0100O10000O100O1O10000000000000000000O010000O1O100O100000O100O00100O100O100O100O01N2O100O100O010O10N2O01000O10O1H8N2O0100O1O1000O1_OZOgQNh0Wn1[OfQNf0Yn1\OeQNf0Wn1b0N3O1000O1000001N2O1O1O01O01O1O2N2N1O1O001O2N000O101O00001N3N0O2N10001N2O1N1O2GkPNDWo1:lPNBWo1=7O1N2O2MfZ\U2
20121206063154Uh_1,YZnd248MWo1b0M101N2O2M3M1O1N1001O0O2O100O1O1L4K50000O10O100N1001O100O1000O01N200O100000001O001O1O1O1O1O1O2MQfoW1
20121206063154Uh_2,Pd`U24lo11N2O1O1O001O0N4N1N1000001O000100O10O1O2N5LO0001O0000O1N2O1O2N2L5K4Mm[Yh1
20121206063154Uh_3,^fVd08go13N0O2O1O1O1N100N2O100O1N2O100000000O1000000O1O0001O100O0O2O1O01O0001O10000O100O1O1O010O10O0000010000000000000000O100001O0000000000001O1O1O001O001O1O1O00000O10000O10O2N1O1O2O000O100O1O10000O1000000000000000000N2O10O1000O10O1N11O1O1000O11N100N3IaZST3
20121206063154Uh_4,mf^h27ho13N1O001O010O01001OO010O1O1O1O001O1O001O01O001O0010O000000000000000001O00100O10O10O010O1O1O001001O000O1O1O1O001O2N1O1NXXiS1
20121206063154Uh_5,]hPS29fo12N2N3M2N2O1O1N6K1O1N2M5M1N3M3L3O1O00000O110O11O2N1O014K0O1O100O2N001O2N0O2O0O3M2M2O1N2K5M3O2O0N2O1O100N2O1O10TW_i1
20121206063154Uh_6,[h^R14ko13N1O10O01O00000001O01O002N1O01O100O10O1O1O001O002O00O1O001O001O1O1O1O1O1O1O1O1NTWoj2
20121206063154Uh_7,]jX\3>ao12N2N1K5O100010O10O101N4M0O10O1O100O13M=C000O113L000004L1O001O:2HL00004M0N010001O000011N2OOO2L9G5K3N2O^S_`0
20121206063154Uh_8,iQSS22mo12M2O1O1O2O0N4M2O000000000001O1O1O0000001O00000000001O0O2O1N1O2O0O2NXnfj1
20121206063154Uh_9,RWii05jo12N1N101O00001M2O2O10O0O20O001O100O1N2M3O1O1N1L4000001OO1010000O10O1O1O1O1000000O11O001O001O1N1O1O2O0000000000000000001O1O10O1O1O01OO10001O0O1N3O1N2N1N2000000000001N2O1O1O000001O01O11O00O0010O000002N3M1O1O1O1O1O1O00000O100N01hNlQNe0Un1ZOlQNe0Vn1YOlQNf0Ro1_O7L4M5KVifn2
20121206063154Uh_10,iWU_12mo12N1O1O2O1O2N00102N4L1N101O0000O00001O1O1O00001O000000010000000O1O1O1O1O01O000000001O001O000000001O0001O1O1O0010O02N10O1O010O0000000000000000001OO1000000000010O010000O0O100O100001O1O0000000000010O000001O1O1O0000000000000000000000001O00001O000000O100O1O1N20000000O001O1O1000O1O1O0001O0010O1O10O10O00O11O1O100O1O1O1O100N3NhghV2
20121206063154Uh_11,]\gj22no11N100O1N2O100000O100O1O1O101NhcXT1
20121206063154Uh_12,f^_g02mo13M100000O10O1O1O1O100000O100000000000O1000000O1N200O10OO100100O1000O1O1O1O1O10O000000100000O1O00O11O000O11O00O1M21N201OO0101O2Ndb^T3
20121206063154Uh_13,U^Yf26io12N1O1O1O100O1000000O1O1O100001O0000O100000000000O100O1O10O01O1O1O001O3KWb\W1
20121206063154Uh_14,kc_S18bo17M3N2N2N1O2O0O100O11O001O001O000000010O11O00O02O0O10O1O0010O01O2N001O000000001O2N1O001N2O1O0001O0O1O100O10000O1000000O1O1O1O1O0@\OeQNd0Xn1DcQN<]n1FaQN;]n1I^QN9bn1c0O10O2O001O001O001O001O2N001O001O2N1O00100O0000O1O2O0000O10O10000000OO10O2M300O0100000000O0101N1O2N10000O100000O0100OK5N3O10O010O1N2000001N2O001N1O1O1O00O1O101O10O10000O1O0001N2O10OJ7I6001OO1O02O000000000001O1O100000O1O1O1000000O10001N1O2O1N101N100000000O1O1O100O010000O01O1N110N101O1O001O01O1M3N200D[O\QNf0cn1]OXQNf0fn1;00O10O100O100O2N101N2O00001O1O6I5L0O100O2O0000000O10001O1O1O00O100O100O10001O1O1O1O0O1000000001O00000O1O1O1O10000000000000000000000O1O001O10O00O110O10000000O1000000N2O1O1O1O10O001001O1O000001O100O0000000001N2O1O0O10001N101O1O1O00000000000001O10O011N10O100O1000000O1O1O1O5K1O1O002N100O002N1O1O0000000O2O2N1Nm]RU2
20121216154954Bh_1,Q_ZT12no11N3N2N1O1O1O1O0000000000000000001N1000000000000O10O1000O100O10000O10000O1O1O100000O1O1O1O100000000O101N2N101O00000000000001O100O00000O10000000000001O0000000001OO1000000001N1000001O1O1O000O1O1O101N100O1O1O10001O001O001O000000001O001O1O001O001O0001N101O1O0O101M2E;O1O100N2O101O1N2O1O1NTagb2
20121216154954Bh_2,Q_b_13mo12M2O1O0O101O00001N2N101O000O100001O00001O010O000001O1O1O000000000O1O1O1000O1O1O2N102N001O001N3L3N2Nl`W]2
20121216154954Bh_3,Q`dU23ko15L2N2N2O1O1N100O1O1O1O2N1L4O1O1N3N2N1O2N1O1O101N2O1O1N1O2N2O1O1O0000001O002N001O0000001O001O1N2O0O1O100O01O001O01OO1O2O100N200O1000000O101N3M1000O101N101N2O000000000000000000000000O100O1O100002N1O0000000000001O00001O1O1O001O00000100000O0001O0000000000000001O00001O10O1O10O001O01O0001O000002M2O1O0001O0QRNXNfm1j1VRNYNjm1R2M3MO10O1O2N001O001O001O1O01O01O1O1O1O1O010O001N2O000010O10O100O1001OO1O1O2O0O100000000O11O00000O`0[MbRNh1mm1OO10O=D1N1O1N2M2O2O1N2M3O1N102L3F901O000000001O1O1O0000001O00000000000000001N2O1O0000001O0O101N1OP^cZ1
20121216154954Bh_4,afZU12no11N5L3M1N100000001O00000001O000O100000000000000001O001O1O1O0000001001OO1000001O00002N1O000O110OO01O101N2N10001O000O001O1O1000O1O10O1O2N0100001N01O1O1O100O000001O0100O1O1O100O1O11N11O0000O11O000O02N3N00000O100O0102M3M10005K3MO1001O000O002N1O10O1O1O1000O11N10O1O100O1O11O00O1O002N1O10O1O1O1O01O2N001O1O1O100N2NXVo`2
20121216154954Bh_5,lfT[22lo16K3N00100O100O0001O00001O100O00000100O001O000010001O0O010001O0O1NhXgb1
20121216154954Bh_6,ii`U11no12O1O2N2N01001O00O100O1000O10O2N1O1N10kUWi2
20121216154954Bh_7,jk``35ho14N2N4L4M1O102N=C00003M2N0000010O01O02N?B0O004OO3J1000100N01006K1N0O122NOOO112O1N0O006J6KOO10131LOO1012N00OO105K7I3M2M<E4K101N5K4M2M2L7HnoT;
20121216154954Bh_8,ilXc26io12O1O1O7ePN3Un1OgQN4Xn1MfQN5Zn1i0000O1O002N1O1O1O1O1O1O1N3K4L5L3M5GhRU[1
20121216154954Bh_9,Yo^R13ko15L2O1N101O1O10O1O0001O1O100O0O2O1O1O10O0001O0103N0O0O11O1O001N2O4MOO1O010O10O102M2N001O000O101N2O1N2O1N2O1O1N2Nhoni2
20121216154954Bh_10,f\_[31no12O0O2OO01N2O1O001O1N2O0O02O0N2O1000001000O10O000001O0O2I6000000000010O00O1001O0000000O2L301O0O100001O1O1O1O001O1O0O2O00001O1O1O1N2O1O1O1N2N2OYeP`0
20121216154954Bh_11,`]Qd04ko13M2N1O2O000O10000O1O1O1000000000000O1000000O1O1O1O1O1O1O1O1N2N1000001000O01O00O101O1O1L4O0001N01000O2M11000N3OO1O11M1D=0O102N1O1N3M2N3M3N2N100O101O00000O1000001O001O1O0O2O0O1O1000000O100000000000000000000000000000000000000000O1000000O1O0001O100001O001O001O0000000000000000001O01O001O0000001O01O1O0001N1O101O0O10001O00001O000O100O101O0O2N2NO3M2O1O101O00000O100O10001N2O001O000001O1O000010O011N10O1O010O001000000O002N1O1N2Nlcfn2
20121216154954Bh_12,Z]m_21PP23L1O1O100O10O00010O010O00001O0O10000O1000001N100O`b^^1
20121216154954Bh_13,nakQ2740Xo1?K4G8N3M2N001001O1N2L4^OVQNIon15?01N3N1N2Nd^nl1
20121216154954Bh_14,\e_P24io16L2O001O1O1N1O2L3O1N3M2N3O1N2M2O10001N2O1O1O1O1N2N2N2O001O1O10O100000004L<C2O002N2M10O101N01O00010O000100O10O1O00010O00010O100O3M4L1O01O01O001O2N001O011N1O01O1O100O002N1O001O100000O01O000001O01000O1N100O2O1O100O1O0000001O1N4L4LmXZh1
20121220110614Th_1,e_Tk21io1:D=I3N1N2O1O1000O1C<01O00O11M3O1O10000O10000O1O100O1000O101O1O1O0001O001NTa_R1
20121220110614Th_2,RfP`35jo12O101O2M1000011N2fPNCkn1>SQNDmn1=PQNEUo18hPN1Qo1a0N01YORQN7Ro1EnYm>
20121220110614Th_3,dfXd23ko13N1M3O1O10O1O1O10O001O1O100000000000O1O1O1O100000000000000000O100000001O00010O1O1O000000001O1O2OO1000O2N01O002N1O1O003K_YmW1
20121220110614Th_4,aghi22mo12N110O00001O1O1O0010O2N0100O0100O1O1NYXoT1
20121220110614Th_5,ih^k22mo12O0000000000001O0000001O1O1O0001O2N001O001N10SWQS1
20121220110614Th_6,PnVd22ko18J2O011O12M00O100O01O1O1O1O001NhQgZ1
20121220110614Th_7,iTa^22mo12O1O1O1O1N100N2O100000000000000000001O000O1O3M2N10000000001O1O2N1O001O2N001O2O01N001O2O0O1O1O2N4K10000N2O2O000O10000O1O1O1O2NPk^]1
20121220110614Th_8,lZYU1?`o12O1M<Eb0_O1N2N2K5M3N2D=JiNdRN5Ym1IoRN2ol1NTSN1gl12[SNNbl14_SNM^l14bSNM]l12eSNM[l13fSN0Ul11oSNNnk12VTNJjk16WTNJhk16XTNKgk15YTNMek13ZTNNfk12[TNNek11\TNNdk11eTNHZk18nTNAQk1>QUNBnj1<UUNCkj16]UNIcj1IdSNGn1`0\j1IhSNEn1a0Zj1HkSNEm1c0Vj1G\VN4ci1K`VN5_i1JcVN5]i1JdVN5^i1GeVN8bl100O2N2N3L3NPchg2
20121220110614Th_9,i[[P22mo12N10001N10O100000O10000O100O1O1O0O1O101O1O0O2O100O1N20O001O01O10O10O1001_OePN<`o1O02N10O0000000O2O1N2N2O00001N2O1O001O000000000000001O0O`d`k1
20121220110614Th_10,Y`ak01lo14O000O10001O0O100001O1O1N2O001O0000O2M2M3N3L3O2N100O101O000000O10000O2O00000O1O1O1000001O00001N10000000O1000000000001N101O001O0000000000000O101O000O2N2N2O0000001O01O2N1N200O1O1O000001N1001O0O1000001O2M100000000000O1O1O10000O100000001O0O1O010O1000000O2O002N1O00001O010O3M:F10001O10O001O7I2M10002M4L0000000O10000O2O0O010N2O1O10000O010000O2N10000O011O00000000001O01O001O1O00000O1000000000000O2N1O1000000000O10001O0N3N10001N10000001N3N1N101N10000O10000000000000000O1N20O001O1O100000000000000000000000O000001O10O100000000000000000000000000000000O1O1O01O1N200O1O1O001000O1O1O01O1K5N2O1O1O1O1O001O100O010O00000O2K5O1O10O000001N10N2M4O001C=M20000N3O0001O00O11O1N20O01O1N20000000000O1000O0O02O1N1010O00O101O001OO101O1O001O1O00O11O001OO01M40O0O2O01O00000O10O2N200O0O2L4N2O1N10O1N201O0O2O0000O11O1O1O001O1O10N200O1000O10001O1O1O1O0000000O1O100000000000000000000100000O1O00000000000000000O1O1O0100O1O01000O1001O011N001O00000O10000000O10O000010O100O10O01N02O1O1000O100O1O1O01O100O010O01N02O0001O0001O100000O0100000O1O1O100000O1N200O100000O1O1O000100O10O10O10O00O1101O1O1N1O1O1O0100N2O1O10O01O1O10O0O1001OO1001O0001N2O100N100001O100O1O2O0O100000002N1O0O10000000000000O100O01O1O2N4L`dlo1
20121220110614Th_11,l\WY13jo14N101O1O1N2O000001O000O1O1O10000000000000O010M3M3O1O100O1O1001O1N1O101N1000000001O0000001O0O100000O02N101N1000O1N2O100N2O010O2O0N2O1O100000O0100O100O1O2O1Ndcja2
20121220110614Th_12,nbQo26ho14M1O1O1O10001O1N100000O1O1O100O2O0O1O1N102M2OY]^o0
20121229085414Th_1,eh`Q22mo12O001O001O0010O010O1N3NWWem1
20121229085414Th_2,mV[f01oo11O010SPN3fo14M2L4O100O1O0H8000000LL800000OM4000000L5N2O2NTjnW3
20121229085414Th_3,iXii26io12O1O2O3M000001ObPNFUo1:iPNIVo17hPNKWo1`01N1O001N1O1N2O1O1O10O001K5O100000000O1O0O100100O01000O000M4O0001M11001M3N110O1O0fN\OUSNh0jl1ZOUSNe0ml1\ORSNd0ol1_OkRNb0Wm1n05O2N2N2L4H8O1N2O1M3N1O1L5L4N101I6O2N1O1K5O1O2NhhVQ1
20121229085414Th_4,]WWe06go14N1O1N10N201L5MmhVZ3
20121229085414Th_5,`\ia28ho1001O0000001`PNNPo1a00O10000O001O1O00O11O0001N200O1N1000000N3N01010104L000O000000001O1O1O00O1O0001O1O1N2O00L5O0001O1O001O1OO1000O20L3M21000O2N2O1000O1O1N10000O1O1001O1O1O000O10O201N2]OgPN;bo1N1N2Nkd^X1
20121229085414Th_6,i^eo02ko13K6N1O1O000000000L4001O1O1O1O000000000001N11O00DDSQN?ln1;0O01N1OM401O000L401O1O1O1O1O100O1O1O10000O01O00000001OO1O1O110O01O0001O1O001OO011O01BGQQN=nn1;00O11N1O1O101O5J2O10O002N1O01O5K1O1O1N6I5KYcbj2
20121229085414Th_7,U^ai11oo11O0O2O00001O001O1N10OO100101N1MRb\U2
20121229085414Th_8,Rbm_21no12N3YPNN\o1<N01IdPNI^o1570000O2NP^\_1
20130104104234Ch_1,hd`P14ko12M3L6POS1I2N2N2M8I101K5K\N[SN7bl1HbSN7]l1HeSN7\l1GfSN8[l1BnSN:Sl1@STN>im1O1O1O1O1O004JfZmm2
20130104104234Ch_2,]d\Z23ko14L4M100N2O1O1O10O0000001000000000OO2O10O1O00100000O1N2000001N11N101O1O1O000000000000000000000O1O1O1O001O0L4010O1000O100001O00001O5K1O1O000000010O1O1O10O00O10001O1O1O1N11O000001N4Lm[m_1
20130104104234Ch_3,ic`V17ho1101O2N2N1000O10O01O1O1O1O10O1O2O00O0101N000001O00010000000O1O1O1O1N2Nd[Wg2
20130104104234Ch_4,feVZ2<[o1j0^O2O001O001O1O10O2N1O2N4L1O100040NN000000O10O2N3M1O10O1O2O00O119F00000202NN00O12O2M0O0OeXob1
20130104104234Ch_5,Tg^o23ko15L2N200O2N10O10O1O100O110O0O0O3M7I2N100O1O011005UOkPN`0[o1000017LL00003M4MOO10O2N2N1003L7I2OO0O1O101N2O1M2O2N103M4L010O200O1N1O3M3NnVcl0
20130104104234Ch_6,`iZS34io16K4L4M2000O5L3M0O1O2N1O1NXVik0
20130104104234Ch_7,VjXf0?^o14O03@aPN6\UaY3
20130104104234Ch_8,lQY[1c0Vn1_OmRNd0Pm1_OnRNc0ol1AnRNl0el1VOZSNQ1^l1QO`SNQ1_l1PO_SNR1al1ROWSNR1nl1n02M100029E000O03_NiRN2\m1HgRN7Ym1HiRN7Xm1GiRN7[m1FhRNZOGb0em13QSNGRm17oRNBXOIkm1c0oRNBYm1<W1N2N2O1M4M2N2N[nfb2
20130104104234Ch_9,eVgR36fo15N100N1O1001OM3B>1O00O1L32L30N2LL8N11O1K32O1ON3L04N2001OC=N3O00OK5O3O3Kjknj0
20130104104234Ch_10,iUgU22jo1`0C2N1O2N1O2N1OO0L5M4O2Mfj^i1
20130104104234Ch_11,QW[m12mo12N2N2N2N101O00000000000000000000000000000O1000001N2N2N2O1O1014J100001OO1000000000O1O1O1O1O1O1O1O1O1001OO1003M2N0O011N1O1000000O10O11O00O01O0000001O100O1O02N4L1O1O1O1N2O100O1O1O000000O1001O00000000000O100O1O101O11YOQQN:Po1^OZQN?So101O0000100004K10O000001O01O1O2N00113L1N100O110O0O1O001O1O2Mbfni1
20130104104234Ch_12,eXmR32go1O\PN8Wo1>N1O2N2ZOg0M2N1O00_Oa0000000O1N3O1Omhnk0
20130104104234Ch_13,][Yl22mo13M3I8K4N0O2N1O2N2O01M2M4N1O2N1O1O00N2O1001O1O1O1O0001O0001O1000O10O01N200O1O000001O001O1O1OO1001O1O100N2O01O1N200O2O1M3N100001O1OO1N2N2O10O10OM4N2O1O1K5M3O2MRffn0
20130104104234Ch_14,]]aj24ko13M2N5J9I1O1O1O9G1O1O1O1O1O1O1O1N2O00QO_QN`0`n1]OoQN7Qn1HTRN4mm1JTRN6mm1HTRN:hn110O010O11O00O000000010003M000O20O1O0O1N<@TadR1
20130104104234Ch_15,o_gk1483So10iPN4Uo1NiPN4Vo1;O1M3N2O2L3O2N2N2N2N3M2O00001O0001O2N1N101O5K1N2O010O2N00N2O100001O1O3M1O1O000O10O0O1100O100000O1000000000O1N200O10001O00000000000O1O1O2O01O1O1O0O10O10O000O11N1001N2000000000O10O100001N1O2L5L200O101O001N2O1N2O0O10000O10001N10S`Pm1
20130104104234Ch_16,ZcWY13ko15L1O2N2N2O1O1O101O00O01O2N01O00101N0001O1O1O00000001O00O10000O0O10001L3K4100001O01O001O1O1N2O100N101O2O0N3N01O0L5O00002L3N2O1N1KN8O00O2O00O11O01O002N2N2M2O1O01K4010O100O10O10O100O0000010O1O00000000O1O1010O100N101O01OO2N1001O00001O1O1O100000O10000O1O001002M2N2O01001OO01O001O1O1O2N5K1O00000000O1O3J5N100O2O000000000000001O1O1O0000000000001O000001O000000O1001O1O1O1O00000000000001O1N1O2N101O002N1O001O000O101O1O1O1O000000001O1O1N1O101N1O2O0O\^nX2
20130104104234Ch_17,mc]_21lo14N100000O2LY\T`1
20130110085614Th_1,iXXU22mo12O1O0O10000O1O2N101O1TQNFPn1:oQNHPn19nQNIQn17bQNE25[n1T1O1O00001O00000O01O1K40O1N1101OO2O0000010000O011N1N200O0000001O01O1O10O1O2N2O0O2N3TORQN`0Zo1L3N3M^gof1
20130110085614Th_2,[`fT25]n1i0iQN2L\O[m1d0gRN`0Wm1BgRN`0Wm1V1J6N2N2N2I<`SNiLjk1X3UTNjLjk1W3TTNkLgk1j3LfMdTNYN<R1nj16VVNGhi1:YVNFbi1=_VND_i13QWNLih14YWNLfh15ZWNKdh17\WNIch1BSUNK]2@fMh0hj1LWUNKi25ng10[UNJh26kg10^UNJg29gg1EkUN2c2>Xg1_OWVN2c2>Tg1@ZVN2c2>Rg1_O]VN2a2`0of1_ObVN0e2<gf1DeVN0e2<ef1ChVN0d2<cf1DjVN0c2<cf1BlVN2b2;af1BPWN2a2:_f1CRWN2_2<_f1_OUWN4]2=jg1BWXN>hg1BYXN>gg1AZXN?fg1_O\XNa0ck1O00O100O1O1O01O1O1O1O1O1O1O1O1O100O1O1001OO1000000000O1O1O1O01O1O1O0000001O001NT\Wf1
20130110085614Th_3,iaP`2?`o12N2O1O1N200024K2M0000002N0O101N2O0N3M_]g^1
20130110085614Th_4,`cPR3?ao11N2N3K7K2N2N2O9G1N1O1E<N1O1O3NVOTRNDhm19_RND`m1;bRND^m1;cRNE]m1MRSN2nl1MTSN2ll1MUSN4jl1LXSN3gl1GWRNJZ1:]l1KjSN5Tl1KnSN5Ql1KPTN6nk1JTTN6jk1JZTN3dk1N\TN3bk1N_TN2_k1OeTNM[k13hTNKWk15jTNJVk16kTNHVk18Y20010O100000O000000000000000000000001O1O1O10O1O2N0001O1O1O10O0000001O1O1O0010001OO10O1O2N1O011O00O10O02N1000O10O2O0O02000OO1013MO00O001O1O10001O00O10O02N10O1O1O010O1O10000O0000100N4L`[oe0
20130110085614Th_5,bcn`27ho13M2O1O1O1O1O1000000000001OO1002N2N000O1O10\OiPN>]o100008H00O11O000000040L0000032LO0001O01O00110N000O1O1O1O1O1O1O1O1O1O1O1O10O1O2N001031MO0000008H0000040L0000040MO00005ONN00O117H000004MOO10008IOO1O1O5L0O1O002O5KO01NlW_X1
20130110085614Th_6,Wjnm06hn1:dQNNYn15dQNMZn15dQNMim1B]RNd0GLim1g1G2N2O2M2O1N2N2JQN]SNOD1ml10aSNKF5hl1OdSNJF7el1NgSNFI<`l1LeTN4[k1JgTN6Yk1HiTN8Wk1FkTN:Vk1CPUN9Pk1ERUN;mj1ETUN;lj1ETUN;kj1FYUN7ej1J[UN6dj1J]UN5cj1K^UN7_j1IbUN:Zj1FhUN9Wj1GjUN9Uj1FnUN;oi1DUVN;ji1CXVN=gi1B[VN>di1B]VN>bi1B_VN>_i1CbVN=]i1BeVN>[i1@gVN`0Xi1]OlVNd0Xl1O100001OO10O11O00O0010O000002N1O0001O1O1O1O1@ePN9do1M1O10O1O1O1O00000001O001O1O00O1N200000O1O1O0001O1O100O01O001O2O00000000001OO1O1O1O1O1O000000001N0101OO2O10O01O1N2O1000O100O10000O2O000O1N20O0100000O1O0001O1O1O1O001O100N2O01O1O10O1000O01O2N2MeTog2
20130110085614Th_7,]Pmb11mo13M2O1O001O001O010O100O1O1O0000001000O1000000000000000O1O1N200O1O1N200O1O0O02N1O10O02N11L3OM400000L4000000C_OWQNb0mn1_OSQN`0nn1APQN?Po18O11O1O2N2N2N1OSN@gRN7T19Ul16dSNK]l16aSNJ`l17^SNJcl16XSNNil12PSN4Rm1KfRN=Ym1DeRN=\m1CaRN>mm19URN^Nom1`1:N2N:E3K5O1NdRoW2
20130110085614Th_8,QRWW12mo12O00001O0000001O2N00001O00001O1O1O0001O1O1O10O0100000O0000010O001O1O001O00001001OO100O1O1O1O0001O1O1O01O01O00001N2O1O00000001O00001O100O010O01004K01O000N200000000O2O1O1O001O00O10010O01O2OO1O1O01O00000000001O1O1O0000O1000O4Lllfa2
20130110085614Th_9,b\]d21no14L4M1N3N2M2N2O1N2O1O1O1O1O2N2N2N5WQNmN[n1^1N0O2N2N2NhNlQNg0Rn1YOPRNf0om1ZOSRNe0lm1\OVRNb0im1^OZRN`0fm1_O\RN`0bm1A`RN>_m1BcRN=\m1BfRN>Zm1AhRN?Wm1@kRN`0Tm1_OQSN>ol1_OVSN?jl1_OXSN`0jl1]OYSNa0Un1N1O1O1O<BQblX1
20130110085614Th_10,a]ic12mo12O00OOO21O1O1N2O010N1L3100000L31O2O1O1N2N2O2MYcfZ2
20130110085614Th_11,Pdam18_o1LfPN5Wo1NgPN4Wo1>M2M2O1N101N2O01O10O01O1O1O1O1N1O1O1000001O1O1O0000001O0000000O10000O1O100O100O10000000O10N2O01O010O0100O1O10O001N2N2L4O1O100O100000O10O0O1100O1000000O100N101O00N20O11O2N1O100O100O010000001O0O2O0O2O1O01O000O001O00100O1N2O1O100O2N101O00010O0O2O1N2O1O1O2N000O2O0O100001O00100O00001N1N2O1N2N2O1O1O2N2N101N1O1N2O1O1L5N1O1001001O00O1N2O2M101N3M101O00>C000O01O00000O101O00000O2N2O0O00010N2N2J7O1O01N2N1O2O0000000000000000000O1O1O100000001O2N3N0O2N1O10O001O00000O100O101O010O1O1N1O10000O1O00001O0O2O100N3N2N2O0001O2N001010O00O1001O1O0O200O000O11O000O01O000001O2N2OO0O100O2O01N9H3M1N106I4FR\R`1
20130110085614Th_12,Qdgi22jo16L3M2M2B?O1N2N2L4N20O01N2O0101N6J3N1N01000001O1O1O1O100002N0O1O1O010O103M000O101N3M1O2M:G1O1O1Nl[VS1
20130206063154Uh_1,V\`e16jo11O2O1N2O0O0101N02OO1O6J2N[ccY2
20130206063154Uh_2,aaRQ12mo12N3M8H3N1O200N001O01N10000001O000000O1000000000100004K100008KM00001O00000004L00000040L0000004NN0O1117GO10O2O3M00O010O0XOoPNa0Ro1\OPQNd0Wo110O0O10O100000O1O2N2O0O2N3M1O001001N01000O2N100O11OnPNKXn14gQNNYn12eQN0Zn11dQN2\n1N`QN=Xn1BhQN?Xn1AfQNa0Zn1_OaQNf0_n1a0M00UOeQN0Zn1OhQN0Xn1NlQN0Un1NmQN1Tn1MnQN3Rn1KPRN5Rn1FURN6kn100O1O1O1O1O000000001O1O1O10O1O1O1O10000000O1O1O1O10O1O1O1O0000000000000000000000001O100000O001O00001O2N0010O1001OO0100O2O0O1MYY_d2
20130206063154Uh_3,ea\n12ko14N2N2O1O3M5K1O1O3M2N1O10O1O1O1O000O1O1001O1O0001O1O1O10O0000001O1O1O000001O1O00O100O1010000000O001O2N001O2O0O1O01O1000O1O01O01O12N6J000O11O00O1000=C0000101^QNVOim1j0URNXOkm1h0RRN[Omm1`1MR1PON1O12N0O00000001O0O2N;E1dMgRNo1Zm1oMhRNP2Ym1oMhRNP2Un1_O1O1O10h0WO1O1O122NN0000006kPNXOen1R10O02Ne0\O000024L1M00005OL00000<D000hN`QNo0`n1oNcQNP1on1H2N0000lQNXOWm1`0fRNITm17jRNKVm14jRNMUm14fRN5DAnl18[SN>[O0ml1AhSN_1Xl1`NgSNa1Yl1aNaSNg1[l1[N]SNQ2^l1oM`SNS2_l1nM_SNS2bl1g0O1N10000000O1O1N2ZNcSNfN66Yl1n0bTNoN`k1o0bTNPO^k1n0eTNPO\k1a0Y2N2O2N2L4L4N2O2KPWUg1
20130206063154Uh_4,]cj`11no13N2N2N1O0110OO01O010O1O10O1O1O000O1O1O1000O1O1O0001O1O1O1O000001O010N2O01L301O1O1O00L4000100N1000N3OO100001OO101O2N4I`]][2
20130206063154Uh_5,Tfhg22lo1300O1O00100O1O0010O1000O010O0001O010O1000O1O01O2N1O1N`Y_V1
20130206063154Uh_6,PgPj23io16M203N4J10O133L0M10013ONO00O150LOO01311K0000044KM0O1143IO001230LN00123M0M00O24LOO1002N2OOO1004MO00O1N8GbUeR1
20130206063154Uh_7,fhnn0740Uo1c0L2O100100O00112N1L1003M3N0O0010O0000O15K000O1O5K100O000O1000002N1O00001O01O01001OO10O11O000O000000010010N010O101O00O02N10O00000001N1O2N3M101N2O1O1O0O1O10001O100OVOSQNb0mn1\OTQNd0nn1YOSQNg0So101O01O1O1O10O1O<D1O10O0000001O001O0000O1O100O0100001O0O3M3L3NhTii2
20130206063154Uh_8,YjhY15io14M1O1O101O00O1000000O001O1O01N2O10OO2O01O0010O00O20O1000O1000000O100O1O100000000O10000000000O1O002N1OYVob2
20130206063154Uh_9,ijbW12mo12O0O1O1O10000O100001O00001N[U_g2
20130206063154Uh_10,^WQd11no15K1N2O100O1N2O1O10O10O10000N10100O1O001O01O100O10001O1O1O1O001O1N2O000O1O2N2Nlh^Y2
20130206063154Uh_11,YX[`21lo13N10001N3N1GGhPN=Uo19O00O1O010O1O1O1N200O1L3O20O1O10O1000000000O10000000000O1001N100O2N1O2Lbhl\1
20130206063154Uh_12,mXW^23lo13M3N0O1O1O1000000000O1O1O10O010O0010O1N3M\g\`1
20130206063154Uh_13,m]_b23jo16L1O2O0O100O1N2O1O1O1O1000000O01N2M20000O2O001000O1O10O001O000000000001K5O1O1O0K1401OO1O10000N2H71N2000M21000O1H8000000YOlN]RNZ1cm1iNXRNY1hm1?O2G9OI`RNoMam1P2aRNoM]m1e1_RNdNim1R1g0N2000O02N11O0L22M31O00G901O1O1O1O00000N2N21O00O101O1O1O1O1O1O2N2N2N3M4KbflV1
20130206063154Uh_14,]^UU12ko13O2N1O10O0O11O010000000O01O1O10O1O1O10O1000000000000000000001N100000000N2O10001O00000000001O0000O1O100O100000000O1O1O0001O1O1O10O1O001O100N3N1O3MXbVf2
20130206063154Uh_15,k`Qm24jo13N1N2I7N3O00101N1O100O1O10O01O1O001O00000001O1O1O10O1O4L1O1O0001O001O1O1O001O2N1O1O2N1O1O1O00001O000O1O1O01O1O100O2N2M3O0O100O100001N101N1O2N5J5L1O2Nl^Vn0
20130208063134Lh_1,a``c13lo110000O100O1O1O101O00002N001O000000000000000O10000O1O1O1000000000000000000010001OO10O1O1O1O001O000001000000O0O1O1O101O1O1N20O1O1O1O10006J000O3M1O1O1000000000000000O1O1O1O10001O3MO100000000001O0000004L00000000000O100O1O1000000O100001OO10O1O1O1O01O1O1O10O108H00O00000001O001O002N2N100O10001OO100010OO0100OZOSQN>in1\O`QNa0Po10001O000O1O100O1O1001OO10O1O5K1O1000000000007I00001O1OO1002000N00O1001OO1007I2N000O11O00O11O00000O1O1O1O01O1O1O10O002N0001O1M3O1N100O1N2011OO100O1O1O1O10O1O1O1O0000000010000000O000000001O1O1O10O002N1O0002N1O0000001O01O100000O01O00100O1O1O1000000O2OO102M3N0O002N1O1N2NXY_j1
20130208063134Lh_2,UbXe26io11O20O000000000000001O1O2M2Og]iY1
20130208063134Lh_3,ab\f21oo11N1O1O100O1000000000000O100000001N100001O00dPNKmn15RQNMmn13RQNNon11PQN1Po1NoPN3Ro1LnPN4So1KmPN5So1MjPN5Uo1LjPN5Uo1LjPN5Vo1JjPN6Wo1IiPN7Xo1IgPN7Zo1HfPN7\o17O01O1OO1O1O10001O1O1O1N101N1O1O110O1O10O1O00001O1O1O1O10O0001O011O2N^QN[Ohm1e0WRN\Oim1c0TRN@lm1c0lQNERn1>fQN62QO`m1i0\RN82ROam1f0[RN;1QOdm1S26K0O1O0O3M2O0001OPOPRN2om1LVRN0jm1OXRN1gm1NZRN3fm1K]RN9IYOUm1;USN;E\OWm16VSN>A]O[m12USNS1ll1gNWSNZ1jl1bNXSN^1il1`NXSNa1hl1]NZSNc1bm101OO1002b0^ON1N1O8H1O10O2O3NOO100100N100120M000O:F1000O1O2N`TNSNoh1j1QWNWNPi1i1dVNQNXN8Sk1g1dVNRNXN;Tk1`1cVNVNXN=1Eij1d1mVN[NXN>0Ekj1b1kVN]NXN>1Dmj1`1jVN^NVNm0Sk1b0fVNH[i15fVNKZi15dVNL^i13^VN2fi1JQVN>oi1APVN`0Qj1@mUNa0Tj1@fUNd0`j1_ORUNf0Qk1XOmTNj0Sk1UOlTNl0Uk1YOdTNi0]k1n1O00002:FNO100_NQTNRORl1:_TNFak11gTNNYk10iTNOXk1OiTN3ek1bNhSN8j0U1lk1hN_TNP1ak1nNaTNR1_k1lNcTNT1Vm13MO0O115K2M0001`0AOO0O201N00000022NN00O13N1N0O113MO000O11N1O10O11O000O002N2N001NTRol0
20130208063134Lh_4,echX22no11N1000000O10000O100001O01O0O10O01O1000000O1O1O1O100O1N2O100N100000001L21000O2G61N4O3M9^Oa]]d1
20130208063134Lh_5,ehnn01ko16M1000000000000000001O001O1O1O01O2N01O00100O1O0001O1000O1O1000O1O1000O001O001O11O00O100O1O1O10005K1O1O3M2N000O1O100O11Na0@2I\PN0ao1NaPN1`o1LZVol2
20130208063134Lh_6,UiV^35ho1<F2O10019G0O00300OM10112N1MO10097@000O117H000008NK0O07J9F2N00O11O0000003M1O00O11O000O010O2N01O1O10O0000000000000000000O1O1O1O2NlSg=
20130208063134Lh_7,aibk13mo12N10O010O0001O01O04L?A001O1O2N1O002N1O0O10001O00000000XOTQN;nn1CTQN<mn1BUQN=]o1J001O00000000000000001O1O1O1O000000000000000000000000000000O2O1O1N2N100O10000000000000001O0001001OO100O10000O0O1O10O001O1O1O10O00001O01000000002N1O0000001O00000000001N2M3O1N1OaUol1
20130208063134Lh_8,`PQP27ho12O1O1N8I1O102M1O100O1O1O1O01O1O1O1O0O3M2N2N102M4E[oZn1
20130208063134Lh_9,RQcU2152bo16100O000001O00000000000001001OO01O100O1O0101OO10O010O1O0100O1O10O001O1O10O1O100O10000000O002N1O00000O1O2O0O1O2NTnjf1
20130208063134Lh_10,dZaP37ho12N1O1O100O1O1O0000000O1001OM3O0100001N0101OO100001OO1001O00000000000000001O100N2O100000O010O1N200O1O1N3O0O1N1O2O1O1O00H80O1O10N2N21O001O1O1O1O001O1O00001O1O0000K6O1O1O1N11O00O11O0000000001O00001O001O1O1O100000O1O1OO1010000O10O1O000001O100N2O01O0N3O1001N1O1O1O1000O101N101O1O10O2N2N100O1010N1O1O100O0000000001O1N2O1N2MYh^e0
20130208063134Lh_11,U^ed12no10O2O000000000O10000O1O1O1000000000000O1O1O1O100O10000O1O1O10000000000000000000000000000001O1O00000000001O0000000000000000001O000000000000000000000000O1O0000010000O10O1O1O1O100000000O100O1O1O1000000O1O1O1O1000O1O1O1O100N2O1O1O1N200O01000000N2O100000O1O1O0001O1O1O1O000000001O1O001O0L401O001J51N10N1L23000O1SMVO`VNk0di1WOZVNi0gi1WOYVNh0hi1XOUVNj0li1VOQVNl0Pj1TOoUNl0Rj1UOlUNk0Uj1VOiUNj0Xj1WOeUNf0aj1ZO^UNd0dj1]OZUNd0fj1]OXUNc0ij1BUTN4ZO5hl1HlSN5ZO1ml1KgSNP1[l1PObSNR1_l1Q17N2N1O2J6N2N3N7I3M1O0O=YN]RN6fcno1
20130208063134Lh_12,a[iR12mo12N1N2O2O0O1O1O1O100000O0100O1N02O01O1N10100K5K5O100O01N200O1O1O1O1O1000001O00001O003LYe^j2
20130208063134Lh_13,o]aT38fo13O0O10000O10OO11O0010O100O1M2[Od011O000O1001OHlNbQNX1\n152G9O1O1N1N3O00ON4L3000L13001O1K5O2N1O1O001O1O0H80O1000NN311O010N2O00O1LL9M2O2O1E;L4O100N2O2N1O1O1O1O102LXedf0
20130208063134Lh_14,\^_o0;Po13VQNOhn16SQNLkn1e0O01O001ON10M4M3O1N2N3O00010N2O1O1O1G9N3N2Libnn2
20130208063134Lh_15,aaik06io12N2M3E;M3N2N2N3N1N3N3M1O1N1000O1O00O1J51000O2N01O11M2OM4O1000G910O1N2NCVRNhNim1V1[RNiNdm1W1^RNgNbm1Y1_RNgNam1V1dRNgN]m1W1f00000E;0001O0O1M40O01L4M2001OO101O1O2N2N2N2Ni`VP3
20130208063134Lh_16,]cgW22lo13O0O2N2N2O1O0O1000000N2O1000000000000000000001O2N001O001O2N000000000000000000O1O1O100000000000001O00001O1O1O0000001O01O1O1O01O1O1O00001O0001001O00000O02O0O1O0000000O100O1O10000000000002N001O00000O1000000O1O1O100000O1O1O1O10000000000O1N2000000O010O001O0001000O100O1O10000O1000000000000000000000000000000000000000000O101Nd\V^1
20130213063454Uh_1,U^`^16io12N2O5K3M1O1O001O001O0000001O3M2N100O1O2N2N102N4L000O0101OO1O01O00001O2N001O001O1O1O1O1O1O1O00001O001O1O1O1O1O1O2N1O2N1N3M2N2O1O2N0O2Ne`W]2
20130213063454Uh_2,QgPj02ko14N100O1000O010O1O100OVYWU3
20130213063454Uh_3,egTl23mo100000O2O000000000000000O1000O10000000001O1N\X]R1
20130213063454Uh_4,UYSa11mo12N0D1gPN3Wo11ePN0[o1;N2K40010N0002M2000O02N1O1O0N4N1001N1010OO10001O001OO1010O0001O1O1O2N1O2N2N3N3K]hR\2
20130213063454Uh_5,eZYT22mo12O1N2N2N2O0O1000000O1000000N2O01O0001O1O10O10000O01O000010O100000O1O000001O01000000N2O001O0N2O2O10OO100000001O1O1O1O0L4000001N200O1O000001O1O1O1O001O001O002O0N2O1O2O0N2O1OO20O001O1000O0100O001O001O1N2I8I`gXe1
20130310063154Uh_1,TX`P23lo12N1O2N101N1O1N200O1O5J3N2O1N2N2N2O1WQNRO^n1o0_QNTO`n1W1O2N00001O0000O1K5O1O1O2J6F:N1O1O1O2O0O1N2O1O100000001O1O1O1O000000000O1O1N3NThik1
20130310063154Uh_2,j_TV15io13M2O1O1N2O1O000000N201O1O001O1O00O11O0001O1O100000O1N20000000O010O1O0010000O100O0O20O1001O001O001O000O1O1O1O1001O1N2N2O1N2O1O1O01O2N0010000000000000000O1O1O1O00010kPNBgn1=XQNEhn1:XQNFin1:TQNImn17oPNKRo15lPNLUo1?00001O1O1O0O101O002N1O0000001O01O1XSNDli1?nUNCRj1=lUNDUj1<iUNFVj1;gUNG[j1a0TTNXO2>jk19STN[O1>lk17QTN]O1>nk18aSNVOO6a0?ok1]1cSNiNZl1T1fSNmNZl1S1dSNPOZl1^2OOjSNdLgk1\3WTNfLik1Y3VTNhLkk1f32N3^LlSNR3Vl1kLkSNU3Wl1gLlSNW3ml1QNiSNSO^l1i0gSNQO^l1m0dSNQO^l1l0eSNROkZia2
20130310063154Uh_3,ab^e06io12N100O2M2IEhPN=Vo1FhPN;Uo1=I5M1O2M3J6H7011O01O1N1O3N0OnNmQN8Sn1EoQN;Rn1CPRN=Pn1@SRN?6SOVm1;gRNa01WOWm17jRNa0M[OYm12kRNf0G[OWn1\1L0O101O2N000O1O2N1O002NXOZRNWOem1h0]RNXObm1g0`RNXO`m1g0aRNXO`m1f0bRNYO_m1c0eRN\O\m1d0dRN\O\m1c0eRN\O\m16RSNJnl14TSNKml14TSNKml14TSNLll13VSNLjl14VSNLjl13XSNLhl14XSNKil15WSNKil15WSNKil15WSNJjl15XSNJil13[SNJfl15c1OX]aV3
20130310063154Uh_4,ec`d04ko13M1O0K50010L3O01N20000N2O2O1O1O1N2O2NP]WZ3
20130310063154Uh_5,ecXV14jo18J02O5J1O1OS\Yi2
20130310063154Uh_6,kffm25io14M3N2N2N1O1O1O1O00001O3N;E0000232J0O001O<D000007MNN1O00?ENN0000<HL0000052LMO10O2N1O10003M1O00003M1OO01O1O1O1O004L1O1O02N2N00000001O001O000010O010O1000O00001O00000000001NdUml0
20130310063154Uh_7,ej\S32no1019F4MO3IZUWl0
20130310063154Uh_8,]ln[32mo12O000000000O100N2O1000001O00001O1O1O0000000001O001O1O1O1N2O2N`SQb0
20130310063154Uh_9,bP_Z15jo12N2N1O000000001O1O0010000O00100O010O10O01O1O10O1O1O0000000O110O0O10001O001O1O1O1O1N3O1NXPgb2
20130310063154Uh_10,XPol22ko14N2O0O1000000000000000000001O00000000O01N200O10O0100MQPYQ1
20130310063154Uh_11,eSYS12mo12N2O0N3N2O00O1O100O100000000000000000000000O10000O00000100000O01000O1N200O1O1N20001O02O4K010O0001O0O010O0104J4MalTi2
20130310063154Uh_12,U[[V12mo12N1O1O1O1000000O1000000O1O2N100O001N02O0001N2O1000O1K5O2N100N3L^ebg2
20130310063154Uh_13,o[Wo07fo15N0O2L4L4N2N1F[OXQNf0gn1:00000000000O1O1K5L5O1O1O0O2O000E;0O101O1N2N10O001O100O1000000O1N200O02O00000O2M3O1O0O01O1O10N2O001000O1O2L3O1O1O1O1O2MQe^l2
20130310063154Uh_14,i[Qd12mo13N1O1O1O000000000O1O1O1O101O1O4L1O1O000000001O01O1O11N1O010O1O1O1O1O1O7I2N1O2N1O1O000000mN[QNk0en1TO]QNl0cn1RO^QNo0hn12O1O10O5MO00O1O100O1000001O0O121NO000O00000010O1\OoPN8Ro1EPQN;on1DSQN<mn1BUQN=Xo1O1O100000000O000000010000000O002N1O001O00000000000001O1O1O1O000000000000000O1O1O1O10000000000000000000000000000000000000000O1O1N2O1O1O1O10001O00001O00O10000O100000O1O1N200O1O1O1O10000000O1O001N2N11M3J6O001O0000O10000N2K5001K13M3O10KN7J7O2M3FXddo1
20130310063154Uh_15,m\Y]16io12O00000O100N2L3010O1O1N2N201N2J_cda2
20130315063154Uh_1,YYPj14ko13M3J6K5M2N2L4N1O1001O1O0010O0001O1OO10000O1000O01000000001O010O5K10001O0O10O002N10O11O0O1000001OO100001O00O100000000002N000O2YQNWOUn1h0fQN]OZn1d0cQN^O\n1c0aQN@_n1Q1O1O00hNbQNo0^n1mNfQNR1fn1O1OO10O1O100O02N1O010O1O1O1O1O1N2O1O0000001O00000000000000000O1000O101O00001O0001O0001001OO0001O01O0000000000000000001O4L2N0100O1O0001O1O1O10O1O1O1O01O100O1O03O1N0O00101N1O0020O00O1O3M8I0O012N2oQNnNRm1P1kRNROUm1l11O1O2N000O1N2L5O001N2O1O1N3J5L4N2N2M3M3O10000O10O001000O102M100O0106J1O001O1OO10O1N3N1O1O3M2N100O01O001O1O8H3M1O2N6J2M2O1O3M2N001N2N3M1001O1O1O01O100O1O1100hQNXOUm1g0jRN[OVm1e0hRN]OWm1d0gRN@Xm1?gRNHSm17mRNJSm16lRNKTm14lRNMTm12lRN0Sm10mRNOSm12kRN0Tm12hRN1Wm1:[RNJcm18[RNJcm1[1N2N6J2O001O0001O0000001O1N2M3N2N1O2N2N2N2N4L4L2O1013L000O1O2OO1000O5K1000001O00O02O01N010SNVRNb1Zn1J3N0O0O;F1FZQNWOhn1g0ZQNWOhn1g0:O1N2O02N10O010004K10O1001O00O0000000000001YOPQN;Qo1CRQN;Zo1N3L4Ml^c`1
20130315063154Uh_2,o^hl28go12N2N2O1O1O1N2O1O1O0O1000000001O0001O100O1O01O1O1O10O1O1O1O0000000001O1O1O1O002N1O01O1O1O1O10O02N1O001O100O100O2O0O1O1O2N001O1O2OO010008H00O100O100O010O100O00000010O1001OO1O1O5L0O100001OO1003M2N00002N1OO10O2O00000O1O3N0O13N1OOO2O2O3MO000031aQNgNom1X1oQNjNQn1V1mQNkNTn1c117GO00003NOO1O1O1O1O100O1aNkQNQ1Wn1jNPRNR1Pn1nNPRNS1Pn1kNRRNW1dn1I1L10006M0MO1013OON1O0114kPN\Oan1f0[QN\Oen1P10O2O00000O3M3M100O9H2N000O4M2N0O104K2N001NdZWh0
20130315063154Uh_3,l`na13jo13O2O000O10000O100O1001O001O0001O0001O01O1O1O002N1O100O11O00000000000O1O1O010O1001OO10O1O1000O100O2N1O02O00O1000O2OO001O1O10OO2O3KW^mY2
20130315063154Uh_4,acR]22mo12N2M3N2N2N1G9N200O100B\O_QNe0^n1@_QNa0`n1?O100010O10000000000RO]QN?cn1@^QN`0bn1?0O2M202M2L5UO[QNOPo1LR^i`1
20130315063154Uh_5,cdPa06go14N2J5O1O2O0000001O00000000001O1O000000000000O1O1O1O1O1O100O100000O1000O1O10N1N3O1O01000O100O1O1O100O1N2O10000O100001O00000000O10000O1O1O10001O1O3M100000O10O00001O00O1O100O1O1L4O2N2N2N1O2O000O10000O1M3M3O1O1O1N2O2NT\WX3
20130315063154Uh_6,YgXk12lo13N1O1O100000001O00001O2N001O100000O01O100O00O1O1000000O101O001O1O01O1O2O0O004L3M1O00O101N2N2N10001N10000000011N1O0002O0O000000000001O1O100O0001O1O10O1O1O0000001O01O001O1O0100O1O01O1O2N00100O5K1O01O2O1N2N102O2L001O5I]Wmm1
20130315063154Uh_7,_gne18fo17J2000213JO10012OO0O003M3N2M1O12N0O001O210M00014K1O00003NO0000204LN0O020O0O10O1101M102N4L000000000000O1O1O1000000O100O1O1O1O10O2N101O01O10O0O110O00000001OO100N3N4L1O0OmTgT2
20130315063154Uh_8,Qkll14ko13N1O0010001OO0100O100O01O10O01O1001OO1O00000001000000O01O00000000000001O1O1O1N10000O1O10001N1000O1000000O1N20O001OO100001N200O1O0C=O1O1O2ZOf000O1N1M12N21O00M3N2001LN41O1000L5M200O1G901O1O0B?M3O10OK501O001O1O1O100N2N3OWWYl1
20130315063154Uh_9,mjdV22no11O3M1N101O0010O0O2M4MQUch1
20130315063154Uh_10,o\oT36ho15L3N1N3Nc0]O001M3N3N1O1O3M6I2O0O3M6J2O1NZOWRNXOhm1g0aRNTO\m1l0hRNROVm1m0lRNSOTm1k0nRNUO\m1GVRN=d0Hbm15aRNJ_m14cRNL]m13cRNLln1M1NTaRi0
20130328063154Uh_1,Q\nn05io13N2N1O10000O2N2N2N2O00001O0O101O1O1N10001O00001O1O1N100O1000O010N11O0010O1O0010O1O10O010000O1O1O1O010O100000OO20O010000000O10000000000000000000000001O0000001O100O00000001O000O001O1000000O1000001O0O1O2N100000001O000O2O2N001O0O2N2O1N10001O001O2N00000O2O01O1O1O1O1O010O10000O100O101O1OO01O2N4L10O000000001O1N2N1O1O1O1O1O1000001N100O2O1N3Lnc_f2
20130328063154Uh_2,`eVe045M]o1c0I3M2N5K6K1N1O3K4M2O2M2M4M3N2N1O1N200N1OB?J7OO10M4L3000ON3N20M3M21N20O1O01M4OO2O0001OO01O2M2000000001O0O11O01N1M3001O01O0001O001N2O0000O02N1000O10O20N1010O01O0OM5N11O0OM4000O1N11N2000O10O11O000001O1O0O1010O01000O1O2N1O1000O10000O1O1O1000O10001O0N2O1O1O1N100K42O001N2O002O000000000001O0000O10O1O1O1O001O00O10001OOO201O1O001N1000001O100O001O101N100O1O100O1000000000000O100000000O1O1O100000O001O2N1000002N0010O100O0000010O01O001O0001O1O1O01O1O100O000000001O02N10O1O010O0001O1O1O1O1O1O1O10O011O00O00000010O1O1O1O0100O1000O11N1O10O02N10000O4L2N1O10010OO1O001O1O00100O01001N3N0O1O0010O01000O01O010001OO1O0010O00011O000O01O010O1000O10O01O1O2N1O11O0O010dPNFQo19mPNKTo12jPN1Yo1:0O6J2N1OO1O1O1O11O00001O010O1O1O010O001O001O1N2O00000000001N2N_\]d2
20130328063154Uh_3,ed`T31ko15N2O2M2O1N2O0O2N2O1N1000001O002N0010O00100O10O1O10O00001O1O1O1O1O1O1O1N3N2M2MU[oh0
20130328063154Uh_4,hePa14ko13M2N1O10O10O10O10O100O10O101O1O1O0O2N\Zg]2
20130328063154Uh_5,QZSe13lo13L6oNP1L2N2ZOaNhRNa1Sm1h0O101O1O1O1O01O1O001O000iN^RN0cm1KeRN0]m1NeRN0\m10fRNM\m10kRN\OCNdm1e0Z1O1O2F9O1O1O3KeglX2
20130521063134Lh_1,Z`X\21no12N2O100O001O00010O11O00O1O1N2O1N10000O1O1O10O1000000010O00000O10000001O0000000000O102NKdPNG[o18fPNIYo16hPNJWo17jPNHVo18jPNHVo18jPNHVo19jPNEUo1`032O000O1000O10O10O010O100O010O1O1O1O0000N20O101O0N3O100O1000001O1N2O001O0O1001O001O0O1O1N2O1O1M3N2O1O1O1O1O1O1O000001O0100000O1O1H8N3N1O2L4Kj`S\1
20130521063134Lh_2,meh\22mo12O0O101N1O1N2O1O1O0100O1O1O1000000O02O00000N2O101O0000O10O1O1O1O1O100O1O100O10O10O1000N3N1O100J6O1O100N2O1O2NhZg_1
20130521063134Lh_3,oelX34jo13O2M2O11O01O0000102NO000022OM0O1N`Yoe0
20130521063134Lh_4,UjP\22no10O2O0000000000000O10000O1O1O1O1O1O1O100O01O00O20O01O00L401O100000O10OO11O0100000O01O1O00O200O1N2O1O2NdVg`1
20130521063134Lh_5,hjhg23mo11N2N2N2N2O1O1O2N0O2O0O1O1O000O0110O010000001O1O1O10001O000000000000000000000004L000O1O1O1O1O00001O1002O1N000M?B[TeT1
20130521063134Lh_6,ej`k26io12O0aPNJRo19lPNHSo19kPNITo18iPNKWo1?01O00001O1O2N001O11O3M00001O1O001O2OO00O14L4VRNYORl1g0lSN[OTl1e0jSN]OVl1c0hSN^OYl1b0TSN]OB4Ym1?TSN^OA5[m1=RSN@A4^m1<oRN4Tm1Y15M1N2O6J1O1O1N2M3N1O1O1L4O1O1O2L3M210O000O201O1N101O0O7H3O1N110O2N001O2M2O1O1O1O2N000O1O1O2N1O\SWo0
20130521063134Lh_7,aYUT13jo15H7M3N1N0001O10N2B95O10000H8M40O01N2O1O00000O2O2NlgVj2
20130521063134Lh_8,YZQm28go13M1O2M2O101K4J6O100N1L13N201O1N101O000M3O2OO10M4K402OAHVQN6kn1LTQN3ln1ORQN2mn10RQN0mn16mPNJSo1b0000]OnPN8Ro1HoPN6Ro1JnPN5Ro1KoPN4Ro1LoPN2Ro1NSQNMmn13VQNIkn17`0N1O1O0100O1O10O100Mbgdo0
20130521063134Lh_9,eYa]26io12O00000O1001O00000000000000O10000O1O1O100000O1O1O0001O0000001O1O010000000O10O00000010000000000000000000000000000000000000000000000000000000000000O1O1O1O01O1O10000O100000000000000O2N3Lofd\1
20130521063134Lh_10,dYaf17ho12N2K4N4N1N1001O00001O1O1O1O00000000000000000000000000000000O10O1N20N2O010O10O1N11O010OO2O1O102Gmf\V2
20130521063134Lh_11,mYe\25ko10O100000O100O101NTffb1
20130521063134Lh_12,m^iV12mo12N2N2M7K1O1O1O:F001002N2NO10O1O2OO1001N1O100000000O001O2N0000001O0000001O00100O010O01O1O001O001O1O1N1000000N2O100O100N2O2O010O19G0O002N1O1O0000000000000000000001O002N1O1N102M2N101N2O1O0010O1O1O00001O0000000000O1O1O1O1000O1O1M3O1O10000O100000O1O000001O100000000O1O1O101O1O1O1O1O1O1N2O000000001N2N2N2N10P`f_2
20130526063134Lh_1,faf`25jo1101O0001N2O0000000O3NW^a^1
20130526063134Lh_2,]bXc01no12H0]PN1co10[PN2do16N3N1O2N1O1O0100O1OoPNC`n1=]QNEcn1l010O0000O10000O2N2O1N11O011N0100O1O1O001O10O0000010O001013MO00O1O100O0010101OO00000O10011O0O00O11OO015K0O02N001O1O2N1O001O1O1O1O1O2N0010O1O001O00000010O1O1O1O000001O0100O5K10O0000001O0000000000000000001N2O001000O100000000O10O2O0TOQQNe0Po1YORQNf0on1XORQNh0So10001N100N200O101O1O001O000000O1O1O101O001000O10O00010O001O1O1O00001O000O0100000O1O2O00001UQNWO]n1k0_QNXO`n1i0]QNYObn1S10000000000000000000O100O1O10O100O1O0010000000000000000000000O10000O10O001L301O100J6N2O1O1O100O1O1M3M300O10000000000000000000000000000000000O100O1O100O100000001O1O1O1O0000000000000000000001O00100O10O001O0001O001O1O1N3L3O1O1N101O1N1O2N100010000000O1O1O1O10O11O00O01O001O010O1O0101N2N1O1O01N2N2N100000000O1001O00O1000001O0O1O1O1O1O1O1O1O10000000000O1N2000000O10000000000O1O0O2N2O100O101NQ[_e2
20130526063134Lh_3,Wch_1;do12O1O2O0O100O1O2OO011O12NO000O5K2N1O1O2N1O1NS\i^2
20130526063134Lh_4,^dha11no12N3N4L2N1O001O1O001O000000000000000001O1O001O000001O00100O1O0000000000000000000000000000000001O1O1OO1OO1010000O10000O1O1O0001O1O100000N2O01000O01O100O2O0000O100000001O001O1O00001O0000O10000N2O10O2N4Jg[mW2
20130526063134Lh_5,aifc12no11N1O1O1O1O1O10O00000010000000000000O1O1O0001O1000000O01000000O000001O100000001O000O10oVaY2
20130526063134Lh_6,ii^W11lo15M1010000O001N1O1O10000000001O1O1O1O1O002N1O0001O1O10001O2N0O1O00001O000000001O1O1O10O1O1O1O0000000000000000000000000000O1N2000000O010000O1O1O10000000000000000000001O1O1O1O1O1O1O1O01O2N00100001OO100000000O002N1O1O0O2N`Uea2
20130526063134Lh_7,]kX]17ho1101O1O2N001O00001O1O2O1O00O00001O00000000000000000000001O001O1O00000000000000000000000OKFgPN7[o1IdPN8[o17000O10001O1O00001O00O1O1OO2O10000O10O1O000001O100000O1O000001O010000O1O0001O0001M20000O2N2O0100O1O1O0001OO101000000O1000OO2O1O01N02O0000000000100N101O2O0N3LkUkZ2
20130526063134Lh_8,clfQ25Yo1g0_QN^OXm1f0eRN\OZm1e0dRN]OYm1g0dRN[Ool1CfRNW2Xm1:O10]MjRN[2am16HOO101O00hMgRNh1Ym1VNiRNi1Wm1VNkRNh1Vm1VNjSNi0Xl1WOmSN9`l1EbSN9_l1FcSN7Vn1F^Rml1
20130526063134Lh_9,aPUR15ho14N2N1O1O1K5O1O1O0000000K_OlPNb0So160O1O0010000OO1N02J61N1O02N10O1E92O20000O10O1O000001O10O01O1O00O01N20N10M4O100000000001N200O1O0O10001O001000000000000000000O1O1O1O100000000000000000O2N2N2O1N100000000O1O1O100O10O11O002N1O001O000O100O1O100O100000000O1O1O1O01000000O1O1O100001O1N2O1MRRWe2
20130526063134Lh_10,mUWV22no12N2M102N2N1O10N2O1L5LQjPi1
20130526063134Lh_11,hW_i13jo14N2N1O0O2O1O1L3L311O001O001O00001O1O01O1GiPNE[o1:5000001O000000001O100O1O1O01000O10000N3M201M]ifS2
20130526063134Lh_12,TWiX26jo11O001O000000001O00001O1O1O00000000100O1000O00001O010000000O010O1000001N100O0010001N1LZh^d1
20130526063134Lh_13,aX[h24jo15YONVQN5an1j0O1O1OONI:O1000OJ701O1O1K5O1O1O3DTi\V1
20130526063134Lh_14,iWmR12ko16K4M2N1O=jPNYOZn1h1_O1N3M5K8H2N101O0fRNdMol1]2PSNeMnl1\2QSNfMml1\2RSNeMml1h2OROTSNjNjl1T1YSNlNel1S1_SNZNJ7cl1\1nSNRNBc0_l1Z1VTNgNik1X1YTNgNgk1X1ZTNhNfk1W1\TNhNck1U1bTNjN^k1U1dTNkN\k1T1eTNlN[k1S1gTNlNYk1B`SN[1Y1SO]k1k0dTNTO]k1j0dTNWO\k1g0eTNYO[k1f0fTN[OZk1c0hTN]OVk1d0kTN[OUk1OiSNET1<Rk1NfUN0Zj1OhUN1Xj1MjUN3Uj1LmUN4Sj1IPVN7oi1GTVN8mi1FUVN;gl11O100O11O0000O1O5K1O010010O0O1O1O001O00001O1O001O001O0O2N2N2O01O1O010O02N1O00001O00O10000000000000010N101O1O1O0001O000000000000O10000O1N201O001O1O1O00000000000O10001N1N4N1O0001YOoPN=Ro1_ORQN`0Xo1O000000001O1O1O1O0000000000000000O01O1O10N2O100O1O1M2O2O1N2O1O1000O1O1O1O101O000O001O100O1O1O1O0001O1O1000O1O1O0000L40O2OO10001O000N2001O1O1O1O2N1000001O0O1O1O1O1000000000O1000010O00000011O0O1O00000O2N2M\eV^2
20130526063134Lh_15,^Ygn21mo14N0O100O1O0010000O10O00O110O001O00O11O001O10O001O1O10N1001O1O100000O10O1N200O2O001NXgbn0
20130526063134Lh_16,UZil22no10O2N1N101000O1O1O100OQf^R1
20130526063134Lh_17,Y_[o23lo13M2N2N10000O1000000HGiPN9Uo1JjPN6Uo1LiPN5Wo1:O10000000O1O10O3N2N1N2L3N2O10O1O1O2O1N2O3M1O1O0000000O1O1O100O10000IfPNHZo18hPNEYo1;600000O1000O10M2J60000N3M3O10000000000001O2N1O007I4L0000001N1O1O3N2M2NXaXk0
20130526063134Lh_18,h_Qi23mo11N2N2N2gPNMcn14[QNNdn13ZQNNfn13XQNNin14QQNOPo1`00O10001O001O1O1O1O01O0000011O02M1O1O2N2OO0000O2O000000000000010O0O2O1O1H_PNNco107O2Ob_lS1
20130530133654Bh_1,QZPb13lo12N3N1M3N2O1001N00100O1O1O001O00000001O1N2O0000001N1O00100000O1O1O1O01000000000000001O0000O1000000O1O101N10001O1O1O0001O01O0O010O1000000001O1O1O1O1O1O1O1O10O110OO01O100O1O000000000000000001O100O000O2O0000000000000000000000000001O00001O1000O1O0000001O0000000000O2O0000000O10O101O00001O1O1O1O1O002N1O1O1NXe_T2
20130530133654Bh_2,k]d_13mo11O001O00001O001N4L3M2N2O1M7J2N2M3L8I3M3L4M7J2O1M3N2N2O01N2J6N2N2O1O1O1O001N3M1001O10O00011N1O0002O0O0010O4L2N10O11O0000O2N1O10O0O2O1O000101N00102N20N0000O5L00O1O4L2N1O2N3M1O1O1O101N1O1211L00O002M2O1N102N4K2N2N3N1O0O100000000000001O01O01O1O2MY`gX2
20130530133654Bh_3,\_`i1;eo11O001O1O1O0011N1O01O1O2M1O2O1N3N2N1O2N3L20O111N2NQQNSOjn1m0SQNWO<Nom1d1N01N01N2N2O1N2O1O2M3N1O3N0O1O000O100010O00000O2O1O1N2O100O2N1O1O1O010O01O2OO001O0001OO2O0000000O0L400010O10000O1O1O10O2O1N2N2O0O2N3L201O001O1O10O1O10O002N1O1O000O1O1O200O1000O2N1O1O1O1O1O1O0001N1O2N2O2lN`QNc0Ro1M1N1O1O101N1001O0001010OO01O1O1O10O1O1O1O010000000O00010O1O02O0O1O011000O0O1O:Fh]mk1
20130530133654Bh_4,icPW26io12O1O1O1N2O1O1O5J2jPN\Omn1f0QQN\Okn1n0J601N1O1N1100000000000000000000O100N200O100N2O10000O100O1N2O101O1N2N2N102N1O1O0001O1O0101N00100002N001O1O5KO100O3M7JO01Mj[_d1
20130530133654Bh_5,UdPQ32mo12O1M3N2N2O000000000000000000000000000000001O1O1O1O01O1O1O10O11O0000O1O1O1O1O0010O01000O001000001OO1000000O0O1O1O1001N`[Wk0
20130530133654Bh_6,Ue``23lo12O1M4M2N100O1O1N2O0O2O01O01O0H9O1O001O1O100000000O2N2M3O1O1O001N2O01@^QN@bn1>cQN_O]n1`0eQN_O[n1`0gQN_OZn1?hQN_OZn1?e0N100O2O0000001O001O1O00001O1O1O1O1O1O1O1O1O1N\[_[1
20130530133654Bh_7,adTR13jo18Hb0_O3O022000NN0105J1O10008H0000000000000004L00000001O0006J3M0O0O2O1N2O0001O001O001O2N00O1O1O10000000000O10000000O1[OTQN5mn1JVQN3kn1LWQN3jn1KXQN5Zo10O100O100O10000O1O100O002O00O1O000010O11O00O100O2N00100100N1O2N2N1O1O1O3M3M1O0OeX_g2
20130530133654Bh_8,\jhY17ho12N2N6J3N001O1O2nPN[Oen1e0ZQN^Odn1c0ZQN^Ofn1P1N1O0bQNmNom1T1oQNmNQn1W1hQNmNWn1^10000011cNlQNj0Vn1nNTRNn0mm1POTRNQ1]n13L3M20O0010O0000O1N3N1O2N2N2N2N2O2N1N1001O00001O11O0000O1O5K1O1000?A000O1OlNbQNh0\n1TOjQNk0Un1UOlQNk0Tn1SOnQNm0fn1M1O00002O0N10O260KN0O002N1O000000O1O1O1N2O1000000O11O1O1O001O1O1O1O1O000001O001O4L1O10O1O1O1O0O1O1O101O1N2O10O002N1O01N2O1O1N1O1O10000000000000000000010O2N0000001N11O1O1O1O10O10000O01O0000000000000002N1O01O100O1O1O1O2N1O102N5K00O01O1O1O001O00000000001O001010N01O0001O01O11O0O01O1O1O1O1N1N3N101O1O01O001N6ZOWQNHmn15ZQNAln1==MiQ_X2
20130530133654Bh_9,doPi26io12O1O1O2N10O00000000000O0O20O001O10ON3L4O1O1O0L401O0000000001OO1001O010N1001N2N2O100N2O00100O01N2M3O10001N101N2N2N2N100000O10OO1001O1000000000000000000000000O1O1O0010O1O1O10O1O1O1O100000O1O1N200O1O1N200O10000O1O100O10000000000O10O1O0000010N2O1O010M3M3O00O02O1O001N2M3O2N2M]R]n0
20130530133654Bh_10,_R_d1:[o1j0A2M1O0O_O^QNGbn19cQNC]n1<eQNB]n1<eQNA]n1;g0M3N2NnmfZ2
20130530133654Bh_11,]Yih22mo12N2G9M4M2N1O1N200O1O2N1O1O1O2H8N1O2N2dKhNnYN^1ke1dNTZN]1je1eNZVNH`3f1Sf1POiYNT1Rf1POgYN[1le1kMkVNk0X3\1ie1nMmVNg0X3\1je1QORZNo0oe1VOmVNdN`2]2df1WOZYNi0hf1WOVYNi0lf1ZOUWNYNW1^2gg1mMoVNZ1G^Ng0R2^OPN[i1LQWNl147Xj1IfUN8[j1K`UN4fj1Y2:L2O1O0QLdTNX24hMbk1OaTNT20iMak11bTNT2OjMak1NcTNV2NjMPm1S1V1N2N2NdiVT1
20130530133654Bh_12,hSQZ16ho14N104K:G0O012N2N00001=IKN00O110O000O4M1RQN[O_n1d0_QN^O`n1c0^QN_Obn1Q10O0O10O04L;E1O001OTQNYO`n1f0_QN\Oan1c0^QN_Oan1a0_QNA`n1OWQN89N\n1FcQN803gn1NWQN4hn1c0O2N1O010102MO01N3M2M3O13M1O00O108H000001O0000000020N00011N000000000000O2O01OO0105J1O1O1O5K1N2O1O30M1O1O001O01OkgP`2
20130530133654Bh_13,aWiY36io12O001N10000O1N2000O100000000O1O1O1002N1O000000001O001N3N1O002N1N2O1020O1N00001O1OO1001O3M0O1O3M4L001O001O002N2Mdgdb0
20130530133654Bh_14,lWiR1??:im1HTRN;km1FTRN;km1FRRN=nm1T1F1O11201MOO100<JJgNXRN9hm1FXRN;hm1DYRN;hm1DYRN;hm1E^RN5bm1K^RN4bm1M^RN2bm1OeRNI\m16eRNJ[m15fRNJ\m13fRNM`m1IeRN7en1L0100O20N10O1O1O1000O1O100000000000000O1O10O002N1O01O1O1O1O001O1O10O1O1O100O1O1O1O01O1O1O1O0000000001O0000010000O10O00000100000O10O0000010O1N2O001O00000O2O1O3LTddf2
20130530133654Bh_15,QXWT33mo1000O1O1O1O1000000000O101KVhlj0
20130530133654Bh_16,V`ce15Uo1O[QN3bn15TQNOln1b010O101O1N2O01N1N200O2N1O1N2O1O1L4O0001M20000O101OO10O2N200O0O10L401O2NnMK[TN0ik12WTNLjk15TTNKmk18XSNAI9ol1Q21O0001ROPNjSNR2Ul1PNjSNo1Vl1SNhSNn1Vl1XNdSNi1^k1hMRUNQ3Rk1QMlTNo2Uk1RMhTNo2Zk1QMbTNQ3`k1YO_1K5O1N2E;N2N2NXe^V2
20130530133654Bh_17,l_aP13lo12N2N2N3N1O1O3M2N1O000000001O001O1O1018GO10O1000000O010O2N00010O000011O00O100000000O0000001O1O1O1O00001O1O1O1NU_nk2
20130530133654Bh_18,YbQZ16io12N2N2M4M2O1K5M3N2O001O1O1O00001O001O4L5K1O01O1O1O1O1O2N001O0O1O1O1O1000001O001O1O000000000000O1O1O1N2N2O1O1O100O10000000O101N2N2O0O101O00O1O1E;O1O1M20O11O0O2D<O1O1O1O1O0101N2N3N1N2O5J4L1O1O0O2O00100000000O1K5O1O1000O10O00ON4O0001O1O1O1O00O101O001O100ON3E:0O11N1N1101O2O5K8H1O1O1N2O0O1O1000000O100000O1O1O1000O1N200O1O1K5O01O0L5O1001O001O1O2_OdPN9co1N2N2O1N[_nZ2
20130530133654Bh_19,Xeoh14ko14M1O000001O01O000O10001N2N2O0100O001O02N10O001O1O00000000O1O1O1000001O001O1O001O000001O1O1O1O000000001O1O1O10O000000002N1O000000000001O1O1O10O1O1O1O000000001O1O3M2O0N2O000000O1N2M3O1N2M3O1O10000O10000O10000000000000000O10000000000O2M]Zdo1
20130603063154Uh_1,YYZY22lo13N1O1O10O1O001O101N2Okfme1
20130603063154Uh_2,]^VP14ko13N1N101N3M2O0001O0010O1O3N1N1O2O1O000O4M8G1O100001O1O3M00O1O001O010O001O001O00O1M3M300O1M3O1O2N3M2O2M2O4Jk`]l2
20130603063154Uh_3,echV36go15L3L4N1O2OO10O1O0100O010O100O1O1O101O1O1O00001O0001000000O100O1O001O101OO10O0001O00O2O1O001O0O100O1000O100O2O1N100000000001O0000001O1O00001O1O2OO01O1O2N1O001O1O1O000000001O00001O0000O1000000O10000O1O1O1O1000000000000000000001O001O2N10000000O001O2N001O0O100O1O101O0O101O010O000001O010O1O00001O01O2OO1O01O0000000000000O1M4M2O2O2M3Lh[k>
20130603063154Uh_4,ccfV24jo13N2O0000000O10O1000O1O1O1000000000000O100000000O100001O00001O0001O0001O10000O0O100O101N`\_f1
20130603063154Uh_5,odhZ17go13N2N3M3M2O0O3N1O0100023LO06I7KO1N100N2O1O001N3I5O2N2N2N2M3O1N`ZWc2
20130603063154Uh_6,meV^22lo15L2N2O000O1010O1O0010O1O1O000001O0001O1O100O10000O10O001O2N0000001O0001O0000000000000000000000000000001O100O01O1O001O00000000000000001O2N001O1NdYW]1
20130603063154Uh_7,YhfY13lo13M2O1N1O100O101O000000001O0000O1O100O1N3N1N2NmWid2
20130603063154Uh_8,Y^QP22mo12O002N2M101O1O5K1O1M3N>C1O1O2N4L1N2O1O2N001O3MfNgQNQ1Un1nNoQNo0Qn1POQRNP1nm1POSRNQ1km1mNdRNj0Ym1TOiRNl0Vm1SOlRNm0Tm1ROmRNn0Tn10O00O15K0O01000000000XQNlNcn1Y13M2N0O100000O010000000O02N1O1O1O1O1O0000001N100N2M3O1O1O1K401O2N1O1O1O1O3Ki_lj1
20130603063154Uh_9,Uc[h25ko100O001000O1O2O0O100O1000000000000O1O1N2O1N3M2N3N2L3O100O10000O1O100O1000000000O1000O010000O10001O000000001N3N4L2N2N3M1O000001O000000000000000000O1000001O0O100O1O101O0O3N1NQ]VR1
20130606133454Bh_1,\_hf07ho12O1]OHUQN`0bn1i0I1O2O1M6K2OZOhQNEYn18jQNHVn1LZRN3bm1HcRN8^m1EdRN:bm1^OaRNb0_n1O2OO2O120NO00O203L00O1O5J2N2N2N`_WW3
20130606133454Bh_2,QcXg0>ao12N2N2N6J2O002N<D1N2N3IPOjQNa0Tn1]OQRNb0mm1^OURNb0jm1]OYRNb0dm1_O`RNe0Xm1[OjRNe0Um1ZOmRNf0Sm1XOoRNh0Qm1nN]SNn0mm1M2N1N7F5L4N2Og[oV3
20130606133454Bh_3,id^m21ko16M101O0001O001O1O000O100000000000000001O0000002N1O0001O00000000000001O10000O01O00001O00000000000000000000001O1O2MQ[mn0
20130606133454Bh_4,QeZ`22mo12M3M4M2N1O1O0100O1O10O1001O000001O000100O1O00010O000000010O10000O01O0000000000000000000010000000O0001O0001010N01O00000001O100000O00001O010004L000000000000007I000013L1O0O1O4L1O1O1O1O2N1O2MbYgY1
20130606133454Bh_5,ieXW32no1001O2N10000O1O1O100O020O00O002O1N001NlY_g0
20130606133454Bh_6,meX`39fo13N01NTZ_?
20130606133454Bh_7,e]id0;do13N1N1N3N100N2oMR2N1O1O1K6N2O0N0YOf0200000LlMbTNO^k10eTNN\k11fTNM[k12gTNMYk1OmTNPOIFZk1Z1QUNjNPl1U1RTNiNmk1X1UTNfNhk1m0m1M30000O100001G71H9O1O1O1O1O2O2N001O000000000O3M2N1000O001O1000N2O01O0O2000000001O00O10000O1O1K3101O100N2O0000000000000000000000000000N2O1N2M3O11O1O1O1O1O1O100000000O1O1O101000000O000000001Nhg^S3
20130606133454Bh_8,hYQ]3]13nNQn1b1O002N1O100O0R1POO00O1O5K1O1N2N2N3N1O1O5J4M1O1O1N\d\a0
20130606133454Bh_9,Q\YZ1>ao12O01O1O1O001N1O1O1O10000000O1000000N2O100O2O000O1O100O101O01O1O1N20O1O1O0001O1O1O1O00001O00O100000O1O1O100O100000O1O1J6N2O0000M300000001N1OO3N1010O1O1O1O01O001O1000O1O1O001O1O0000N2O11O0001G7100001NL6O0000O01M3001MM5M4O2Nkef^2
20130606133454Bh_10,b_YZ17ho13M2O000O2OO1O001O01F:N2O1001N3N001O0O1O1O100100000O00010O0002N4L001O00000O1O1O2N1O1O1O2N2N2O000O110O104L00O1O2N100O1N7J1N2O0O1O10001O10000O0O1O100O2N2N2N1O00O1001OO1001O0001OO100001OO1001000O01O100OO2O10000O1000001O1O001N4Kh`d^2
20130606133454Bh_11,e`_o25jo16J2O1ZOCcQNb0[n1d0M2hQNiNem1W1ZRNkNem1Y1VRNiNim1Z1QRNjNnm1W1PRNkNnm1e1O000O1O2L4F:N2O1O1O:E101F=J7KcMjSNQ1Tl1oNnSNQ1Ql1nNPTNR1Ql1hNTTNY1kk1fNWTNY1ik1fNXTNZ1ik1dNYTNZ1kk1mMmTNj0POIhm1KPRNB?>em1NcRN0^m10cRNMam10Y1O1O1O2N2N1N4LP_fm0
20130606133454Bh_12,U_cU12no11O3N0O100O1O10O0010000000O0000001O1O5K1O1O1O2N000100O1O1O01O1O1O000000000001O1O10O00001O1O2N2N10O002N1O1O001O2N001O00001N2O1N101N01000O101O00001N4Ml_fe2
20130609133454Bh_1,jXbk11no12N4M1N2O1O1O1O001O0001O01O1O1O0001O1O1O00001O0001O01O100O1O1O2N1O0O2N1OlfSR2
20130609133454Bh_2,Z_Xm25jo12N100000001M2O2N101N2O0O1O2O1O1O1N100O1O1O100O100001O1O1O1O001O1O1O00001O001O1O1O1N1O1O100O2O2Lg`eo0
20130609133454Bh_3,Y_Z[12mo12M3M4M2O0000O100001O001O002O0O0001O101N1O1001N0100O1O1000O0100O1O00010O001001OO10O1O2N0010O1000000O1O1O10O110OO0100O1O10O1O1O001O100O1O1O0O2Oc_U`2
20130609133454Bh_4,j`Pe25jo12N1O2N1O1010000O000010O00001001OO1001O3M00O020O0000011O1NO1O1O01O01O1001OO000001O010001OO10O1O2N000001O1O011N2N1O1O011O00O00010O00001O2N0100004K100O103M000O0001O010004L000O11O00O0001O0000002N1N100O101N1100000O1O1O1O1O100O11O00O1O1O1O1O002N1O001O0000001O1Ng\mR1
20130609133454Bh_5,acVX386LWo1`0O000100O1O10O1O1O001001OO10O1O1O1O1O00000000100O1O1O1001OO1O000000010000000O00000001O1O1O1O1O1O100O1000000000O1000O10O1O1O001O0000001O1O1O1O000001O001O1O1O1O1O1O1000001N001O1O2O0N102N1O0001O1O2N0100100N10013O0MO10010OO10O1001OO1O1O2M101O1N2O1O001O01QOSQNi0Ro11O1N2O00010O01O002O1O2M101N6I5L1O1O5K2MXYc>
20130609133454Bh_6,mcje12no11N5L3M1O10001OO100000000000001O0O102M2O0O1N`[gX2
20130609133454Bh_7,efXd09fo14M2N7I9G1000032MN0O115J1N10003M00000013OMO10017H00O1134H000044LMO0O1N9C6K5N2NTWWY3
20130609133454Bh_8,mmhQ1g0Xo13M2N3A>N3M1N0F92O11O0OO3K4O1OPNaN`UNg0Zk1\ObTNc0`k1^OlRNJ]1i0ek1FVTN=hk1GlSNc0Tl1^OkSNa0Vl1AhSN?Vl1DgSN>Tl1HfSN;\l1FcSN8`l1H_SN8`l13VSNNdl1\1[SN\Mhl1e290N3N02O00O2J32M31O01N2M3O1O1I7oMdRN]1]m1bNeRN\1]m1cNcRN\1_m1aNhRNg0mm1UO_RN>em1@]RN>en1NfUoj2
20130609133454Bh_9,ki`f0<co12O11002NO0O1O6IiUmX3
20130609133454Bh_10,miR^13mo1202L2O0O1O2N3M1O01100OO100302K00O1O100O1O13O3MN00O14M0N100040L0000004L0000000000O1O5K2N1O1NWTo^2
20130609133454Bh_11,YPYb07ho1101O1O2N001O1O2N0O2O1M4M1000000O101N1O1O10002N1N10100O1O1O0101N4L1O00000000000000O001N20O001O10O10O2O001O001O4L2N1O002N1O1O0OaofY3
20130609133454Bh_12,h^YZ13lo12O0L4J7N100O3N1O001O1O2OO00000000000000000000000000O100000000O1O1O1N2O100000O1O2N1O2O0N2O2N100000001O1O1O1O00000000000000O1O1O1O10001N1000000001O00000O10000O1O1O1O10O10000M2AFUQN=ln1<O000001O1O1O2N2N1OM4B?O1N2L3B?NBURNiNjm1X1WRNgNgm1Z1[RNdNem1S1h0000000O1YOhQND[n1=gQN@Yn1`0iQN_OVn1<i00000000000000000O1000ON301OO1001O0000N20000001O1O0001O1O1O1O00000000000001O010N2O1OM4N2O1O1O0NN4000N200000002F9O2O1N100000O1O1N2M4M2O10000O101O1O1O0O1O2N1O102N1O00O1O1O1000000000000000000000N2O10000O1000000000O1O000000001O1O1000O1O1O1O100000O1O000001O100000O1O000000001O1O1O1000O000010O1000O100000O1O1O1O1O0000001O001O1O100000000001N2N2N2N2O1O1O10O002N1O00O1N20O00000001O100000O1O0L4001O0100O1O1O01O1O1O100000000O1O1O0001O1O100000N2O100O1000O1O1O00O20O1000000N3N2O1O00O1O1O1000000O10000O1N11O1O1O001O1O1O1O1O000001O10OO2O1O00O11O0000M3000000O10O11O00O110O1O1O1O0001O1O1O1O1K3100001K3100001OM3N2001N02N1O11N1O1100O0FnPNCWo1::N2Oiinj1
20130609133454Bh_13,QWeV1243`o19M>C1O0101N10000001O000O00^OPQN4Po1KRQN4nn1KTQN4ln1LUQN2mn1K\iTh2
20130609133454Bh_14,U\U^22mo12O1O1O1O1O000O10000O1O100O10000O10O1N20L4N2O001O1O1O1O1O1O1O10000000001N2O1O1O000001O00000000000O1O1O1O10000000000N2O10000O1000000000O1O1O1O01O1O100O1O1O1L4O1O1O1O2L3Odd`\1
20130609133454Bh_15,i^ci03lo13N1O1O0O100000000000000000000001O000000O10000O1O2O0O101O1O001O00000000O001O0100O001000000000000100O10O0100N2N2O00O1O1O00100N2O100000N2O10000O10O1O000000001O1O10O1O1O100O1O1O1O1O102LhadP3
20130609133454Bh_16,j^Wa25io12O2N1O0010O010O10000O11O0000000000000000000O001O1000O100O1O10000000O010N2O100000000000000000000000000000000000000000000000000000O1O2N1O1Mfa\Z1
20130609133454Bh_17,S`iW2`0_o12N1000000001O1O001O001O2N0000001O00000001O0000000O100N3N2O001O000001O1O1O1O00000000002N1O1O00000000000000000000000001O000O2O1O1N2O0001O0O101O000000002N10OO10001O000O001O10000O101O0O1O1N3N`_Xb1
20130627063134Lh_1,]dlQ21mo15K4M2O0000000000000000000000000O1000000001O0001O00001O00O1000O10O01O1O10O1O1O1O01000001M2O1000000000O01O000001O1O1O1N100000010O100N2O10000O1000000O1O1O100O2NX\Si1
20130627063134Lh_2,Qe^R12mo12O001O00001O001O000O2O0O1O1O1000000O10O1N110O01O10001O1O1O1O1001OO10O1O1O1O1O000000001O1O1O10O001O1O1O0000000001O2N01O1O1O100O002N1O0010O2OO1023OL00O100O1000O2O10O0O1O1O10O00101N00103M1O0O10022OM0O100O1000O02N10O01N1O1O10000O1000000000001O1O1O1O0000000000000000001O1O1O001O1N10SYid2
20130627063134Lh_3,cePW35jo12N102M2O0001O2OO01O01O2N0000000000001O000001001OO1O01O0000011O00O10O1O1O1O0000001O001O2N001O100000000001O00004L1O000000O100O1O10000N2O2M2O103ON6J001O3M0000O104NN1O00O2N001O1O3M1O11O0O1O1O001@oPNKUo14>M^Xib0
20130627063134Lh_4,mkRP12mo12N3M2M3O01O1O1O01O002O0O0000000O001O1O0100O100O100O1O1O1O10O01N2000000O2O0OYT_m2
20130627063134Lh_5,]RYS22mo1101M2O1O1000001O0001O2N001O000O2Ndmbk1
20130627063134Lh_6,lUQ\14lo10O1O2M200O100000O01O1O10O1O100O10O01000O1O01O00100O100000000000O1000000000O1O1O100O2NajVa2
20130627063134Lh_7,mUce12no11O00002OO3M000001O001O2N11OO2O0O1O1O2N1000O10000O2N3MbidX2
20130627063134Lh_8,ZVih11no14M10O010O00001O00001Ndi^V2
20130627063134Lh_9,cVgi14ko12N101O1N2O1O000001OO0100O1O1000000O01O1N11N11O1O001000O1N2M3O1O2NhiTT2
20130627063134Lh_10,]WaP39fo12O1O0000001001OO1000005K00O01O000001O1N2O1O000O10000000O101O0N2O2O100O010O004M3L1N1N1O2O001O00K5M4O1N3H7N3N2Nahnk0
20130627063134Lh_11,bW_]23lo13M2O0000001O001O2N0100000O100O1O1O1O10000000O002N2O1M2O6Hmgd`1
20130627063134Lh_12,YXal13mo12M2OO1O010000O1O01000001N2Njg`R2
20130627063134Lh_13,PZiW2434\o1:N2L4Mb0_O2O1M4M;F1N2N4KcNfRN:Xm1DmRN:Qm1ERSN;ll1EVSN;dl1GaSN8]l1HeSN8Yl1HiSN8Ul1HmSN8Pl1\OcTN`0\k1@eTN`0Yk1@iTN`0Uk1AlTN?Qk1CTUN9kj1GVUN9ij1GXUN8gj1IZUN6fj1H]UN7cj1H_UN7aj1I`UN6_j1KaUN5]j1LdUN4\j1LdUN4[j1MeUN3Zj1NfUN2Yj1MiUN4Uj1LlUN4Tj1KmUN5Sj1KmUN6Rj1HPVN9oi1FRVN;mi1ESVN;mi1ESVN;mi1DTVN<li1DTVN<li1DSVN=li1DSVN=mi1CQVN?oi1AQVN?ni1BQVN?ni1ARVN`0mi1@SVNa0mi1^OSVNc0mi1]OSVNd0li1\OTVNd0li1[OUVNe0ki1[OUVNf0ji1ZOVVNf0ji1ZOVVNf0ji1ZOVVNe0ki1[OUVNe0ki1[OUVNe0ki1[OUVNe0ki1YOWVNg0ii1XOXVNg0ii1XOWVNi0ji1UOVVNl0^l11O100000000000O1O1O0001O1O1000000O100O000001O100O1O100O1000O001O1O000000001O00000010O100O1N200O1N2O0011N1O1O0O2OO100001N02O00000L401O2Nlef_1
20130627063134Lh_14,i[aV12mo12O000000001OO1000O1O1O1O100000000O1O0O11O0001O1O1O1O0000000100O001OO200O10OO2OO101OO2L3001O001N2O00N2O10O2O000000100O2Gjede2
20130627063134Lh_15,Ye[e13mo1200N1O100O1O000000000000001O0000002N1O0010001OO10O11O00O000001O000000000000000000000000000000000000000000000000001O1O1O00001O0000000O1O1O100000O1O1O1O10001O2M1000000001O00001O001O1O100N2OVZfT2
20130627063134Lh_16,eekm16jo10000O100O1O\ZfQ2
20130627063134Lh_17,QfQP22mo12O00001O00000O10000O001O010N100010002N1O00000000001O1O1O1O1O1O2N1O013O4LM01O1O100O01O100O1O01O1O1O000000000000000001O1O1O001O0000001O1O1O1O01O0000001O2N0O100O1O1O101O00DoPNIQo16PQNJQo15PQNJQo14PQNLUo1OkPN1Uo1NlPN2Uo1LmPN3To1JoPN5_o1O0000001O0O10PYfi1
20130627063134Lh_18,UfYk12mo12O0000000000000001N10kYnS2
20130702070714Th_1,YbXk04ko13M1O2M200O1O1N20000001O1O1O00000000O10N101000000O11N2O1O1O1O1O1O1O001O001O1O1O00001O1O1O1O000000000000O1N200001O1O00O1O100O2O1M3N101O000O100O1O1O101O1O1O1O02N1O000001O2N001O1O1O2Ma]Qo2
20130702070714Th_2,iehb16io12O1O1O1O1O0000000O100O100010O01O10O01O00000000000O10O1O1O1000000001M3N2O0000000000000000000O10000000O1N3L3O101O001N2O00000000001O01O0O2O001OO2N10000001O1O001O000000000000000000000000000000000000000000000000000000000000000000000000000000000000000000O100O1O10000000000001O1O1O000000000000000001O1O1O1O0000O1001O00000001O0000001O2N0000000000000000000000O100O1O10000O1000000000000001O1O1O1O0000000000O1O1O0100000100O1O000100O1O1O0010000O10O00000001NlYWo1
20130702070714Th_3,UfVQ26io12O0O2O00000000000000100O10O1O1O01O01O10000000O5K2N001O01O1O1O1O2N1O1O01O1O1O0000000000000000000000000001O2N0000001O01O001O1O0100O1O10O10000O010O00100O10O2N10O00001O00O100O101MmXWi1
20130702070714Th_4,diPf23lo12O1O1O100O01O1O1O00O1N20001O001O1O0101N001O00000001O1001OO1O1O100O000001O010000O10O00000001O0100000O0000010O001O1O01O1O1N2O01O1O0000000000000O1000000O1O1O100000000O01O1O1OL5K5O1000O0L5O2N1OYVoS1
20130702070714Th_5,eUid23lo12N3M4L7I1O1O1O1O1O1J[OPQNe0Po115O1IjPNCWo1<kPNBVo1=7O01O0L401O000H80000K5001O1O1000O11O001N2IPQN\OQo1b0QQN]OPo1a0:I6N2N1O1O1O1O10001N10_kPX1
20130702070714Th_6,]W_U33lo11O2O0M3M4N1O1O0N3N2O1N1O20O01NOON5000000L400000000000000000000000001O001O0000001O001OL4L31M40O1O1O0100O1O2M3O0O1L5M2O2N`jff0
20130702070714Th_7,TWYa23lo12N2M200O1^OH\QN8dn1JWQN8in1MoPN7Qo1<000O1O1O1O1O1L4N2O1O2J7L4M`iX]1
20130702070714Th_8,VYWf0:Uo1h0H2N2N5ROiNcRNd1Xm1]NfRNf1Wm1[NhRNh1Tm1^NdRNj1Vm1c0M3M2N7J3M2M2N1O2N100000jMnSNROJi0Wl12iTNKWk14kTNKUk14lTN0Pk10VUNLhj1ElSNC`1f0cj1FoSNC`1f0_j1GSTNA`1h0\j1EYVN8fi1E`VN9`i1EaVN<_i1BcVN>^i1^OdVNc0]i1XOfVNi0Yl1000132J0O1O5K100O1001OO10O1O1000O0101N100O1O2N1O004N1ON10002N1OO01O1O003N2N1O1O1BaPN8do1O2O000O2LacfT3
20130702070714Th_9,mYYT36io12N1O1J600O1N1M12N21O0L3100000K14000M4KM7N20CAZQN`0en1<2O1O1O3J5M2O100N2O2N100N2M3N4MkgVi0
20130702070714Th_10,UZig14ko12O1O1O00001O001O1O000000000000001O00000000000000000000000O1O000001000000O10O10N2O10O1N11000000000O1O00O11O0000000000000000001N200O1O0O11N100OOO2N4O3Mnf^S2
20130702070714Th_11,e^oP27Yo1OoPN6jn1OSQN4ln1MRQN5ln1a0O1XQNWO0Mjm1m0TRNXO0Nim1l0URNXO0Nim1l1L3M101O3M7I1O1O1OXNnRNk0il1TOYSNl0fl1TOZSNm0el1RO[SNP1dl1mN]SN@6m0[l1_OcSN@8Q1Sl1^OfSNA8Q1Rl1\OgSNB>n0ik1ZOQTNCd0j0[k1@_UN`0`j1]OdUNc0\j1ZOgUNf0jl100000O1O5L0O01O10O01O11:F1N0001O1O00O1O4L2N100004L0O11O30M00O01O01DePN2Zo1NfPN2\o1KfPN4co101O1O000O1O3N`]`j1
20130702070714Th_12,^a_m25jo12N1O1O1N2O100O0000001O1_Oa0O01000iNWOWSNg0jl1[OTSNe0ml1\ORSNc0nl1AmRNa0Sm1CeRN?]m1C`RN<cm1D[RN<fm1FWRN9mm1a0?K2N2N7I2N2N2N>B2N2N2Nh_VP1
20130702070714Th_13,jceT21ko19J3M2N2N2M4M2N1N2N2O1O1N3N1O1O1O1O1O1O1O0OK7L31O00G901O1O1K5N2N3N2N2N2N2NT]nh1
20130811121434Ch_1,fdfT25io13O00000000000000001O0000001O1O1O00000100O1O10O1O1O00010O01O1O01O2N001O100000000O100O1001OO100000000000000000O002O0O00110O000O02O00O001O00001O00000001O1O1O1O01O1O1O1O0000000000000000001N2N2N10001N101NPZod1
20130811121434Ch_2,]gP\22no10O2O1O2N1O1O1O2N0010001O00O13M2N001O1O10O000031L000O11O000O002N1O1O00001O010000O1O1O101N1O100000O10O110OO0100O2OO1O000000011N6LO00O011O0000O20O000O002N1O001O0000001O1O1O10O10000000O101OO1O000001O000000001NXV_]1
20130811121434Ch_3,QiTU32ho1=_Oc0F2O1O1O:[QNjNmm1V1PRNmNom1b111?@3M0000:G1N0O10<C1O1O1N:F_U]i0
20130811121434Ch_4,jiRa15ko111O12M1N0111OO0000001O00O1004L00O7H]Ug]2
20130811121434Ch_5,^k`V3;do12N2000O10OO2O`Toh0
20130811121434Ch_6,allV33lo16K6I2N2L4M3FYOXQNi0gn1XOWQNj0hn18O1O1000O8J0OO0104L000001O000000001O00000000O1O00001O10001O1O00O15LOO10003N0O00001O0O001O2M2L4O03N00O01O1O2N1O1O6J1O100O200O00O000010O00001N20O1]OnPN6bo1K2O1O1NTQgc0
20130811121434Ch_7,cTQk14jo13O01O010O0002N1O00000000001O002O0O000000000000000010O11O0O01O0001O001O2N000000000001O1O1O1O000001O01000000O00000001O000000000000O100000000000000000100O000002M2O0O11O000001O01O00001O01O10O011N1O00001O00000000000100000000O001O1O10O1O1O1O000000010O1O100O01N2O0000O1N201N10001O1O2MYjVl1
20130811121434Ch_8,iYib2j1Un12O1M2F;O1N1O0ORNdRNGQo15?O2Nhf^\1
20130811121434Ch_9,ibY_11no12N2M2O10001O001N2O1O00000O2O1N2O1N100000001O001O1O01O100O00001O00000000001O001O001O000O1O10000001O0N3O0O10000000001O00000O10O1O1N20O001O010000000000O1O1000000000O1O2N2N2O0000000001O1O1O1O000001O001O2N000000000O1O1O1O10O1O1O100O100001O00000001O1000O10O000000O1O1O1O100000000000000000000000000000O001O01M3O1O001000000000000O1O2N1O2O1000O1O1O100O1O1N100N2N101O00O20O101O00000O1O1O01N2B=10O11O000O10101N10O01O2N00000O0O100001H8N200O01O1O1O100N2O1O100O1N3O10000O01O0O10000O01O001O2O1N100O1000O1O1M2O11N10N3M3O1O001L4O2N0010O0O02N2K5O0100000000000O100O1O1O100O1M3L301O1L3M301001O9XNoQNP1Un1hNRRNT1om1iNSRNW1[n10001O000O10000O100O1N20000O10O1O1O1O001O0O110O001N11N11000O10O0N2N210O000O11O0001O1O00000F;O1O1O010O1O1O1O100O100000O2O0O2N3N2M2N2N1O1O01L4O1O2O0O1O2OO1O1N2O00001O0010O0O200O1L4N10O11O0H71000O1L41N110O1N110O2N1O1O2N2N2N2N2N100N2O1000000O10000000001N3M1O2N1O1O1O1O1O1O1O1O010000O1O001O000N2M21000O1O1001OO1OM3100O2N01000@eNYRN_1em1=2O1O1O1O1O1OO10_OoQNTOQn1i0URNTOlm1k0WRNROjm1n0WRNPOjm1n0e0M3N2O3[OQd\c1
20130811121434Ch_10,U`Qn07ho13M2]NORSN7bl1R2E2N2L7J7J2O100P1PO1TOZRN[Ofm1d0ZRN]Ofm1b0[RN]O]n1LhQNOZn1OlQNKTn15lQNJVn15jQNI[n14iQNC^n1;d0001O1O00O011O1O0O2O2M2N100MT_fo2
20130811121434Ch_11,m`oQ16io13M2O2N6I3N1O10N101O001O1O1O01O1O10O00000000000O1O1O0001O1O1000O1O0010O1O001O1O1O1O10O100O1O100000000O100N1010O1N2O1O1O1O10O01001N1N2000000O101N2N2N1O10001O00000000O1O0O11O01O1N2000001O1O1N1O1O1O100000O001O2O0000001N2N2M3N2Nh_nf2
20130811121434Ch_12,hcaQ1=`o14O10000O1O01O001O1O1N3N1N2O1N3JR\\m2
20130825141154Bh_1,Q]Va14ko13M3M1O1O0100000000000000000O1O0L40001FBQQN?nn19010000001O000000001O0O2N2N1O1000001O0O3I6M3N2Maco[2
20130825141154Bh_2,]aRh22no11N3M7J1O1O3N1O000000000000013MOO1O100O1O1O01O1000O1O010O013M5K00004O>@N10004M2L10001O1O001O8LNN00005OOM0O002O1N1O1N<\OT\UT1
20130825141154Bh_3,QiZi01no13I7G9L3N1M5L3O0O2O1M3N2O01N2M3M2O100O2OO1O3L3N1O2N2N3N1O01fNcQNQ1Uo1A3L10O113L000O1O2N001001OO1000001O000O11O0O00001N1O1O2O1O1O1N100N2O1O2O4GXV]R3
20130825141154Bh_4,Ukho12mo12O001O1O1O1O0000001O1O1O1O1O020O0O01O01O00100000O10O112M000O20O00000004MO001N3OO00O002N1O10O02N1O1O11O00O1O000000010O1O1O00001O00000O1000001N`Sgk1
20130825141154Bh_5,aWij22no10O2M2O1O1O1O1O1O1O1O1O1O1O0L40001O0BA\QN?]n1e00000N2O10O200O0L5N20VOPO`RNS1`m1b05O1O1O1K5O1O1O1K5O001O1G9O1O1O1M3M3O1O1K5O2N1OQkfQ1
20130825141154Bh_6,a\am23lo12O002N1N100O1N200O1O000000001K3100001K4000001jNE^RNd0bm1^O[RNb0em1@YRNa0dm1ETRN?bm1Q14J50000L4N2O010oN[RNGfm19^RNBcm1>`RN_O`m1a0bRN\O_m1<jQNCVo1=6000L4001OO100000000000O10000000100O1M2N30O0O02O1O010N2O1OO2O100000000000O1O1O100O1001O0O10000O100001O000002O0O001O001O1O101O03M00O01000O10O1O0000010O000000O100000O100O10001O010OO1000O101N1O2N2O1O00000000000000000O2NhfRi0
20130825141154Bh_7,cZ[\34lo1109F3M100012N0OO10015J0O10O2N2N2O0O2N1O1O100O2OO10O1O1O2N[dha0
20130825141154Bh_8,V_Wi04ko12O1O0010O0100O3N1O0O100O100O1O1O1O0000000001O001O00000O001O0001O1O1O1O1A>O10001N2O0100O1O1O001O00O1ZORO[RNn0dm1WOXRNi0gm1ZOTRNi0lm1YOPRNi0Pn1YOkQNj0Un1`00000^OZNkRNf1Sm1bNeRN`1Vm1JhRNoN\m1P1iRNlNXm1S1jRNkNWm1T1kRNkNUm1S1PSNgNTm1V1l001N:E6K2N2NQcVR3
20130825141154Bh_9,bfkQ17go13K4L4O1N2O1O100O1O2N1O1O1L4N110O0N2WOQO_RNQ1bm1QO\RNn0em1TOTRNKIQ1Sn1WOPRNo0Pn1`0010O1O1N2M3O2N1N3M10N2N02O010O0N3O101O1L301O1O1O0000O1K13100O1001N10M3O10001000000O1O01000O00001O001M2N2001O1O1K5O0010N2O10O1O1O10O01O1N2N2N200N2N20O001O1O01O0001O01O1O1O0010OO1000O2O1O1O001K5O001O0O110O01O1O10O0N2O100001O2N1O1O1O2N3M1O10001O00000O1O001OO0101O01N0101O01N0101OO2K5O100O1N10O20O1N101000O001O00N2O1001O1O1O1O1O1O1O1O1O1O1O2N1O3M3M3M1O2O00001O1N2N1O2N2Nl^Va2
20131027185354Bh_1,baR[21no1202M1O000010O0001O1O1O01O00000001O1O2OO010000O10O00000001O10000O0O100O10100O1O10O1O0000100000000O1O1O1O10O00001O1O1O000010O1000O00O2O0O1000000O100000000000000000000000000000001O002N000000N200O100000001O1O1O1O000O10010O010O11O1N2N0010O002N1O00000001O1O1N1O100100O000000000010002N0O2N2N100O1O1O2N001O001O1O00O1L4N3N2M3N1N3O12N4MO1O006J01OO0O2Oc\UZ1
20131027185354Bh_2,Qddg22mo18I5K1O1O104L000O104LXOQQN>Xo1100QQNC[n1Q10O001O0000001N2M3M3M3N2L4K5O11O00O10O1O2N001hPNAnn1?oPNCRo1e01O10O0001O002N3M1O001O000001O001O1O1O00000100000O100O117H0O01O0000001O1O1O10O1O8H2N103M1O000O1O2O00O1O01O10O0O2K6M1O01O1N2013M2OO00000000O100O101O000O4L1O1O001O2L20110N1O10O01000000O2N_QNKXm14gRNNXm13gRNNYm15kQNAc0;am1<lQN_O55om1=jQN@64Pn1f0oQN\OPn1\1O2M101N2N2O0O0111N2NO01N8D=F3N110mNgQN=Po1N2N1O5KlV]n0
20131027185354Bh_3,Udfb06io13N1O1O001O001O1O7I100000O010O000O10O10O1N200010001O001N10O1000001O1O0O;G0O0O010O2N1O011O00000O104MOO000001O00001O1O1O000000010O2PORQNk0So1OO0O2M2M4OO100O1N201O000O2O000O100O1O2O1O1O01O100O0000000000O1N20O001O1O10001OEnPNHRo17RQNHln17VQNJhn15YQNNfn1O[QN4cn1J^QN7bn1G_QN9bn1E`QN;Ro1001O100O001O0O7I2N1O2N3N3L3N011O8I0N0N01M4O00100O001O2N101N101O1O1O1O0O101N10O0100O01O00O101O1O1L4O1O1000000001O00001O1O1OAjPN4Vo1KkPN5Vo1KhPN6^o13001O0000O11O002N1O00001O0000000000001O2N001O000000000O3LdY]P3
20131027185354Bh_4,TePY33lo12O0N2O10001N2O1O1N1O1O100O100000001O1N2N2O11O23KO10O1O1000O1O000010O11O00O100O100O01O1O0010O11O1O00003NO00O13M5MN0O1N4K5L2N2M3L5KiYkb0
20131027185354Bh_5,Pg`]33ko1201O000011MQYQb0
20131027185354Bh_6,igd_3263\o10_PN4`o17O1ePN@To1a0hPNDWo1d0OO10O01O0000000001O2N0100O1O1O1O3L4M1O00010O1O3M2N1N3L`WY>
20131027185354Bh_7,ci`R372Kco1:O1O00001O0O1N20O101O2N2N1O1O00100002N1N1O1N2N2N2O10010OO100001N10000000O1000001O0O10001O0O100O2N1O1O3M5J2OSUQj0
20131027185354Bh_8,ckPa3a0]o13N2hNCZRNKNh0am1g1_O4N110O1OO00O1O_ORSNPNnl1P2VSNlMml1R2USNlMml1R2h0nM\RN6Jb0Qo1K2O0N^Tg=
20131027185354Bh_9,coX^24ko12N1N2O1O1O1O1N0101OO2O0000001N2N2O0001O0000000K6M20O1M30O20O01J6N111NbQ__1
20131027185354Bh_10,]QQ^32mo12O1O1O2N001O1O2N000O1000000N2O01N11O1N20O01O1N200O1O1N200O1M4K4O10ON3L20100N2GAh00O1I70@`001O1O2E;MaPk>
20131027185354Bh_11,aQWW22nn18fQNLWn16gQNLXn14gQNMYn14dQNO\n10^QN6bn1J]QN7dn1H[QN9fn1FZQN9gn1GWQN7mn1IRQN7on1IPQN7Po1=N11N11O1O1O100001N2O1O00001O000O1O1O100000000011O00O10O1O1O1O01O3XOlPN>[o10000O1O1O1O01OO101O100O1O1O1000000O0101O000001O00000OJJcPN7\o1KcPN5]o1KcPN5]o1LbPN4^o162J6N06K1O1O0N1OL501O1O1K6N1O`oPc1
20131027185354Bh_12,UUQP36io12N1O3mPNJWn18fQNKXn17fQNJYn18eQNIZn18cQNJ]n1l0000000N2ON30O1L31N2OM4MF=O2O2N2Be0D5NekXn0
20131027185354Bh_13,]U_\32mo12O000O1000001O1O2OO00O1000001O1O100O000000000000000O1O000000001O1O100O1O0001O01O10000000O1010O00001O10O010O1OO101O0O010OO101O5Lmj^?
20131027185354Bh_14,oX[g04ko11OOI702O0O0_O=40110InPN^ORo12d021N^hhW3
20131027185354Bh_15,UXab12mo12O0N2N3N100N1M2101O2NXhf\2
20131027185354Bh_16,aYU_12ko13N3O0O1O1O1O2OO100O100O1O10000O010000O0000010O001N2O1O1L3B;3O201N101O000O1O1N2N010N2O200N2N2M300Oigf]2
20131027185354Bh_17,m[[l23lo11N2N200O1N1N111O0O2O2N1O1O0O02O00KBiPN>To18000001OO1N2O10O02O001O0L4O11N1MO4000J6E;0O11N1M12O2O2NdffP1
20131027185354Bh_18,U\Y\1>ao12N1O1O00O1O1OL33O00N3M3O1O1O0OI9N101OON301O2NhdVb2
20131027185354Bh_19,Wa_g24jo15L2N2O0O1O1O1N4M8H2N2N2VOi0PRNWNhm1k1VRNXNhm1h1WRNYNim1Q2N1O0O1O2M201N1H6D;200001N110O000O02N20O01N200O2O0N3J6O1N101N10101N001O0000000000001O00O1000000002N1O01N1N4N1N1O1O2N1O1O1N11O00M4N101O001mMZMVUNNZ1i2_i1\MTUNM[1h2`i1fM_VN[2^i1hMaVNY2]i1gMXVNe2ii1ZMWVNe2ji1[MVVNf2gi1\MUVNWOWO]3aj1_MbUNA0W3^j1WMbUNGKS3bj1WMbUN]3^j1R10M3001O0O2OUK`UNX4`j1gKbUNX4]j1gKfUNW4Zj1gKkUNm2ElMbj1VOkUNi2JmM\j1YOkUNj2KjM\j1ZOkUNj2KjMXk1j1SUNTNoj1i1TUNUNnj1j1RUNnMXOCik1\2QUNmM`k1j1jTNkMZk1S2[1N2M3G9J6M2N2F;N1O2N2N1O1HlPNCVo1;lPNCWo18<J4O2NdbVP1
20131027185354Bh_20,RcWd15Qo16TQN5kn1LTQN5jn1MTQN4kn1b0M3O0O2N1O1O2N1O0O\Of0O00M3OM4N200O1K500000O11O00O1M21M40O01N2O00M300001O1O1O1L4O102M3MQ_jX2
20131027185354Bh_21,ebaf23lo12O0N2O1O10001O3bPNEQo1=lPNERo1=lPNESo1e0M4M10UORQNd0nn1[OSQNd0nn1\ORQNc0Po1[OQQNd0Vo1001O100O1O11]OiPN:_o100O1O1O1O1OO1000000N2O100000000000000000000O1000001O01DcPN3]o1KhPN2Xo1NiPN0Yo1NhPN2W\PV1
20131027185354Bh_22,acSk22mo12O2M2O1N2N1O100O1O1O1O1O1O5G;I2O1M3J6N2O0000001O01Oe0\O000O0O1O100O10000_OlPN6Uo1HmPN7To1EoPN;[o10000000001O1O1O00001O0O2N2LQ\bQ1
20131027223034Lh_1,eb\c21oo11N2O000000001N10001O1O000000O100O100O2O001N\]U[1
20131027223034Lh_2,ibXe22mo12O001O1O1O1O001O1O01O2N0O2O0001O01N2MT]_Y1
20131027223034Lh_3,adlc05io15L3M2O1N101O1O01O001O001O0O101O01O10O002O001O1N2N3M4LoZ[Z3
20131027223034Lh_4,ad`i2:eo12O1O1O=C1O10000000O00000000001O1HkPNCVo1<kPNCUo1=mPN@To1?8O01000000000000000O001O001000O1O100O1001OO000001O01O002N1O0001O1O10O101N0100001N0100001O000O1O001O011O5K00O18H2N0O1O1O0O1O100O100000000001O1O1O001O1O2O3L2N1O4L1O1O1O5K1N2O002N1O1O101N4L1O0OQYWo0
20131027223034Lh_5,ddbY33mo11O1O2N1O01100O0O100000O001O000000001O1O001N2OP[md0
20131027223034Lh_6,iedf03lo13N1O1O1O0000001O1O1O0O2N2N5K4M1N3N4L1UQNoNen1W1N1O1O10O100C^QNZOcn1g0;O10000O100O1O100O10001N10000000000000000O1O100O100O1K5O1O100000000O1O1O101O1N3N1O[ZQU3
20131027223034Lh_7,QfXk02mo12N2M6K3M2O1O001O1O1O0001O01O104L00003kPN[Oln1l000N000O010O1O0O2N2O100O010001O0N2O2N100N2M3O1O1M3M3O1O1000001O2O2N001N1O1O1O00000001O1O1O1O00000000000000001O00000000O2NdYeo2
20131027223034Lh_8,]ghW22mo12N10001N10011N1O01O00000001O002N1N10000O1001O00001O00000000000000000001O01O1001N010OO2O1O1O0000010O10000000O002O00O1N2O2MSX[d1
20131027223034Lh_9,iinb26io15L1O0100O1O01O1O10O00000000001O1O1O10O0000001O1O10O001O1O001O00000000000000010O1O1O10O2N10O010O1O1O000O1O101N10cU_Y1
20131027223034Lh_10,im`a26io12O0000000O1O1O1O100000000O1O000001O10000000000000O1O1N2O1O1O1O01O1O1O1N2O100O1000000O1O1N3MiRa[1
20131027223034Lh_11,aPaV22mo12O002N1O1O0000000000000000001O0000001O1O0010O1O1O00001O00000000000000000000000000000O1OfPNLjn14UQN0hn1OXQN3gn1MVQN7in1ITQN:ln1FSQN;ln1GRQN:en1B[QNk0cn1:O1000000001O1O1O1O1O1O1O1O1O1O1O1O1O1O1O1N2O1N2N2O1O0O10000001O000000000000O100N2O1O1000000000000000000000O100O1O1O100000O1O1O100O101N2N3L3NToha1
20131027223034Lh_12,YQe_32lo13N2N2O0100O2N2Nenh?
20131027223034Lh_13,YU[^32lo13M2O2O001O1O1O000000O1O1O100000O010O1O1O10000000O001O100O01O1O10001O001O001O10O001O1O1O001O1N3M2Nlj`>
20131027223034Lh_14,]Ym`19fo12O000O1O0O1100O10000000O1000000O1N200O10O0000010O10O100N1M3001OO1I70O10O10N2O1010OO1N20000N20002O0N2O1O2O2L3M3N1Okg^[2
20131027223034Lh_15,`ZYk03ko13O1O1N2O1O1O011N1O010O0010O00000O1000000O10000000001O1N2M3N]ehR3
20131027223034Lh_16,bZkm01no1100O2O0O1N2O10000000O100O100O2NdeRQ3
20131027223034Lh_17,e[[n21no12M2N201N1N1010O01O0N3N101O0OO2O101O1J5O2OSeXP1
20131027223034Lh_18,e\m]12ho18H7N1O2N001O1O000O11N10M4F63N3OO2OO10001OO1001O1O1C=N201NhdV`2
20131027223034Lh_19,Sa_i26eo17M2N2M3J6N2N2SO[OYRNj0Xm1W1N2O001O00001O1N2O001M2O1O1O1L4N200O1O1O100001O1O2N1O1O1O001O1O1O001O00000000000000000001O1O1O001O0000001O0O001N02N11O0N11000N3OO100001O1O1O000VNXM\VNf2fi1]MXVN`2ki1aMUVN^2li1bMRVN_2ni1bMnTN66X2mj1cMlTN74W1FRO[k1AiTN75V1IPOZk1DdTN?2m02nNYk1^2WUNmLWk1R3m0N1O1K5M4]ORSNQNol1n1USNnMll1P2c0O1O2O1M3N2N2O8H2N1O1N2M3N2O1N2K5M3N100M3L4O2Ogbnn0
20131027223034Lh_20,f_Ul01no13M3N1O1Oa0^O5L1O1O00000010O2N2OO0104K100O1O5K1O1O001O2N0000001O000000001O1O1O001O001O2N001O1N\_lP3
20131027223034Lh_21,ibae13lo12N3M2I8N2M2K8mPNXOan1X1M2N1N2O1O1O1O1N101O1O1OBnQNnNTn1f0h0O2N0N3M4O1O1J5N4N1O4J\^\X2
20131027223034Lh_22,abQh26io12O1O1ZPNM]o1`0K1O0011O000O011N1O100O101O000O1O001O001O1O1O0000O100O1O100000O1O1O1000000O1000000001O01O2N0000001O00002N1N2O1Nh\VT1
20131027223034Lh_23,]cUl22no100000O2O1O0XPNNbo19O1O1O2N0O2N2L5M2N2L6E:M2N11O0000011N1O2N1O1O>B1O1O102M3M1O1O1N2O0000000O1000000000O1O0010O1O101O0O2N1O2N2N2NT\no0
20131110185354Bh_1,laPT23lo12aPNMnn14QQNNmn14PQN0mn11QQN2nn1OQQN2nn1OPQN2Po1?0000000O1O1O1O1O001O1O01O1O10000O10000N10O2L31O00O101O100N2O100O1000O1O1O1O100000000O2N2N2N2N1O1O1O1O10O1O001O001O1O1O10O0100O1O10000O010000000O1O1O1O01N200O1O000000010O1O1O10O1O1O100O1000000O1O1O10000O10O100000O01O1O2O00000000001O1O1O1O1N2O1O1N2N2N2O1O0000O1O1O1O1F:O1O10O01O1O10000O100O1O1O1000001N1001O0000001O1O1O0000000001O1O1O1O00000001O001O1000O1O001O00000000000000001O1O1O1O002N1O0100O1O1O100000000O1O4ePN_Oon1k0N002O000O1O1N2O1O10O02O0O01O2M5L1N2O2N1N2000000O100311K000O113L000004L000000003M00003M2NO1O1O3M2OO010O1O10O011N1O01O1O1O10O002N1O01O101N00100O1O1O0O1M3O1O101O1O1O00010O00000000001001OO1O01O0001O1O2Ma\]X1
20131110185354Bh_2,Ui`V36io12N1O1O1O100000000O1O1O00O200OEHPQN6Ro1JnPN5Ro1MlPN3Uo10gPN1Qn1NlRN>Rm1EmRN:Tm1GjRN:Um1KfRN7Ym17YRNIgm18XRNIfm19XRNHhm1;TRNFlm1V110O1O0001O1O1O1G:N1O001K5O00JgNfQNY1Xn180O10\OcNfRN]1Ym1jN`RNT1dm1mN[RNR1em1POYRNP1hm1c0000O2O001L]OTNZSNk1fl1XNWSNh1hl1[NVSNe1il1_NSSNb1nl1^NRSN`1ol1bNoRN]1Rm1eNjRN]1Um1g010O000ON4M20000N2O2O1O0I8O1O01N02O00100N2K5O000L5M3O1O1O2O0O1O1DbQNTO_n1k0=N1N4I7K7K2O][ob0
20131110185354Bh_3,Ul`g2;do12O00O3FRTUX1
20131110185354Bh_4,ZQii2e0Zo12N2M6Gc0A2N2N4L4L3M1OONbNa1M310O1K5N2O2M]onT1
20131110185354Bh_5,UWme22lo13M3N101O1N2O000N2O0001OO2N2N110O01O1O00000L401O100N2O01O1O1O010000000O1O1O1O100000N2O01O001O0100O1O100O1O1O2L3Oli`V1
20131110185354Bh_6,YXYb11lo14N1M2L40010N10O110O1O1L3O2O01O1O101O00000O100N1010001N100O1O3M2O001O02O000O104K1O1O00000000002O0O000100O1O00000000000000000000001O001O2N001O101OO1O101N1O1O1O1O100O1N2N4LdgZX2
20131110185354Bh_7,mX]c02oo15K4K1O1022ONO00O11000O0000O10O010101M1O0000001O100O1O1O01O2N1N100000000O1N20O100000000000000000O10O1N20L4N101O1O0N111N1O1J60O10N2_O>3O010O0K511O001E9N4O4LQhfW3
20131110185354Bh_8,]XWk12mo12O00000000001O00001O01OcgnS2
20131110185354Bh_9,aYY_1;do12N2N2FCkPNb0Ro17O2M2O1N20O3MRgn_2
20131110185354Bh_10,d[_j04io16L2O0O1000000N2O10000000O100O1O1N2N110O10O1O1O100O1O1O1O01O0001N1001OO10000000001O1O000001O0001N02O100O100000100002NO00O1000000000O101O000000001O2N0000001O0000000000000000O1O1G9O1O1N2O10O00N1N12N3OM3OL5000000H801O1O0L5O2N2N\f^n2
20131110185354Bh_11,RcWV1`0^o17J2O1M3N2O1N100001O00000000001O6J4L001O2N1O1O0000000000000000000000O10O0000010O1000O1O1K5O100000000O1O1OO1000000L4O1000O11O01M2NN400001O00000000O100000@>2N3OO2G9O000000O1O1001OM3J6001NL5O20L3K05M3001oN\O`RNd0em1^OYRNb0gm1@WRN`0jm1EjQNa0Un1a0401O1O1K5O2N2O8H1O00O0G54000I8WNgN^TNf1ak1\N]TNe1bk1]N\TNd1ck1]NdSN13c1Wl1_NbSN\2^l1dM`SN^2_l1b0O1gNk0kTNQLTk1m3PUNRLoj1e3kTNYL82kj1e3oTNVL85hj1e2XUNfM;C\j1f2bUN^M5LWj1f2fUN]M3MVj1g2hUNZM4Nki1o0_UNe0h1[Nih1n0fUNb0b1`Ngh1n0iUNoNHX1i1jNfh1o0TVN5X1jNdh1o0YVN4kk1LXTN1hk1OYTN0gk10[TNO_k16bTNJ^k1I^SNAV1e0[k1K_SN_OW1f0Xk1LcSN\OX1f0Qk1LdUN]OTN8Wl1;RVNDni1;TVNDmi1;TVNDRj15PVNHVj13lUNKVj13lUNKUj15lUNIWj14l2O1N2NTef_2
20131110185354Bh_12,S\_W24fo17N1O1O1K3ZODkQN<Vn1LaQN4hn1HSQN9mn1<1O2N1O2I6O1O2N2Hnd\g1
20131110185354Bh_13,Q_ik1:eo12O0O10000000000001O0000000000000O01O00001O010O1O1O1000000000O1O1O001000000O00O1100O100000O1O1M200O2N1L5O1O010N0101O1O1N2L400O1N2O0010O1O0010O1O10O01O000000100000O1O00000000000000001O1O001O00001O0000000000000001O1O1O1O0001O001O00001O10O1O1O1O0001O1O100000000000O1N200O1000000000000000000N2O1000000O01O1O1O1000000000O1O1O10O1O1O001O1O0O11O0000L4O11O2N2M2M4N100O2O001Nmcfh1
20131110185354Bh_14,n`am21no12N1O2O2M2N10O1N3O0O010O1N20O2O1O0O1O1O1O10O100O10O0O2L4O1O000J601N1O2N01001M3N2O001O1C<00001OOO2M401N2N2M2OO2OO2N100000000000D<00010O1L4N200000001N10000O1O00100O1O100N200001O1O1O0O1O2O0O101O0O100O001O0100O1O1O100O1000000O1O1O1O010N2O00M4O1O10O1O1O1N2O1O1O1O100O1O100O1O1O1O1O100O010O1000000O1O1O1O10O1O2N101O00000000O100O1O11O00001O00001O000000000O3N2N1O00001O10O01O001O001O2OO00O100000000000000000000000001O000000O10001O1O1O001O1O1O1ON2O1O1001O1O2N001O3M4L00001O0000O2M2N3O10O10O01O1O1N3N1N3L6Gdalb0
20131110185354Bh_15,i^_k22mo12N2N20O0000000O100O01O010O01O2M]a^S1
20131110185354Bh_16,PaYU23lo12N2L3J6O2O000O1000O100000001O0O10000000000O1O1O100O100000000000O1000O1O1O0010O100002M^_ng1
20131217192134Ch_1,faXm09fo12N2O002N1N1O1O1O10O1O00100O01O1O100000O1O100O10O10O01O1O100000O1O1O2O1O1O0O100000001O000000001O2N01O002O0O001O0O200O1O1O0000000001N101M3N1O2O\^Wn2
20131217192134Ch_2,Ybjd24lo12M2O000O2O1M4N0O101O000O1O2M2O2O00N2M3O2N100N2O100000000O10000001O01O1O1O02N1O010O002N1O000000001O1O1O1O0002N1O00001O0000000000000000000001O0000002N1O0100001N010O1O1O1O001O00001O1O10O00O01O1O101O2OO100N1000001N2N2O1N2O1O1O1O0100O1O01O3M2O0O0010O2OO1001N1O1O1O1O1O1O1N2N2N2N1000000001O00000100000O000O1O10100O5L0O100001OO10O2O1O0001O1O0O011O1O000O02UORQNa0Po1YOWQNc0To1O0N4J6L4M3Nd[go0
20131217192134Ch_3,ebR^12mo12L6L3N1O1O1O00001N2O2N0O2N2N3N000002N1O1O0O2N3M1O10000010O1O1O1O001O00000O3N1O001O1O2N001O00000000O101O001N2N2N2O1O10000O100O1O10O002N1O0001O1O1O01O0001O03M3M1O1O1O2N1O013M1O00000000000O104MOO1O101N10O002OO0000O1O1N3O0O3N1N2O1O1N2M2O01O1O101O1O1OFnPNGQo19oPNHQo1g0M1O00O1O2N4L001O2O3L4L10O2OO01O1O=C1O002O01OO1006J2N000O4M2N000O1O1O1O00000001O02N1000O200O000O1O1O10O1O1O001O00000000001O1O1O01O0001O02O01N01O3M3N0O100001OO01O5K1O10O1001OO000001O01O11O00O100O1O1O01O2N3M10O1O100O0001O010O1001N0100O10O100O02N1N1001O01O000000000001O0000001001OO001O01O0001O1O1O01O1O2N1N`XaP2
20131217192134Ch_4,mbfR14jo14N1O102N2N00O1O010O1000O1O10O00000O2O1O1O001O001O1O1O1Ne\_k2
20131217192134Ch_5,ZeTa23lo13M3N1O1O0O2O001O1O2N0O1O1O10000000N2O1O2O1O1O00000O2O000001O0000000000000000000001O001O1O000010O00000000000000001O1O1O01O1O3N1N01000O0002N2N1O011O0O100001OO10000000000O1001OO1O002O0O011O00000000000000008H00O1O1O1O1O1O1O1O1O1NXYgW1
20131217192134Ch_6,WiRi23lo1210N3M10001O0O010O20O01O0O110O000O11O000000001OO01O2O1N1O1N3MlUmT1
20131217192134Ch_7,gih_2=bo12N2N5K5L1O1013L2N00007ML00O02O5KO100325FO1000001OO0104K1O1O1001OO10004MOO100136F000013OM000031NOO00003M00000O5L0000004MO00O1O1O1O10O0101OO1O0001O01O1001OO1O1O1O1O0001O000100010N100O4M00O010O000010O100000O000001O1O1O00100000000O0000000000000001O001O1O1O00000O1O1O1O10O1O1O10O001N200O1O0000O2O1O2M3M3N2NYRgV1
20131217192134Ch_8,mjhS26io12O1hRNIej1:kTN6Rk1OfTNb0mj1_OPUNd0oj1[OPUNf0Qk1ZOmTNf0Uk1YOfTNl0\k1SObTNn0_k1QO`TNo0bk1SOZTNm0ik1_16N1O1O1K5O2N2N3M4L2N2NaTgj1
20131217192134Ch_9,\onl12ko15M101O1O1O1O000000001O1O1O1O0100O1O10O1O1000O110O1N001O1O2N001NYPoP2
20131217192134Ch_10,QR_k12ko14N1O2M2O001O10O00001O010O0O20O1O1O010O10000O1M3N2O1O100J5N30O1O01000O2O6J2M1O2O2M3N1N1OenfQ2
20131217192134Ch_11,iUie17ho12N100N2O1O1O001O1000O1O1O1000000O10010O1O001O0001O00O100001O1O1O010O1O1O10001O3M0O1003N0NnPNAdn1?[QNAen1`0YQNAin1?UQNBkn1>TQNBmn1=RQNDnn1i04K2N00001O2N1O002N00000006cPN]OPo1k0O1O00O100O1N6K1N2O1Ndh^U2
20131217192134Ch_12,m]QS32mo12N1M3M3O1O1O1K5O1O1O0L13O11N2H8L3M5L4nMJSTNa0fk1AXTNa0fk1AWTNa0fk1FSTN=jk1n1O001O0MPOS1L41N6KXNjSNJSl12VTNKhk15ZTNJek15^TNJ]k18PUN^Ooj1b0SUN]Olj1c0VUN[Ojj1f0WUNXOgj19iSNA]n1`0jQNYOVn1g0`01H71N2000OL6O00000L40001OOI801O100000O1000O1O0001O10O010O1O001O2N3KfgTh0
20131230192154Bh_1,]\dl13eo1<K4L2N1O1O2O000O100000OO2O01N20000O1000O10O1O1001O1O0O100O100001N2M2N3O010O2N001O1O2N001O010O1N2O00001O011N10O1O100O1O101O10OO0101N10000O4KWcmn1
20131230192154Bh_2,i\nR21fo1<L2O1OO1OaPNFZo19gPNHYo17gPNJXo1`0O1O1O00O1N200O2N2N2N1O00000010000O100000000000001O1O1O0O1O1O1000O1O011N2O1O1O0000000000001O000000000000001O0001O1O1O001N1O2N2L]cah1
20131230192154Bh_3,\^\`23jo14N100O1O1N200O1O1O1O10O1O1O100O1O1O1O1O100O1N2O2NPbo]1
20131230192154Bh_4,Pe`[24ko13N1O1O010O002N1O001O00100O10O1O1O100000O10O01O01O1O11N1O010O1O1O1O000000001O0101N01001O4LO2O1N1O100000000O10O3O1NO001O100O0011N1O00010O0000000000001001OO1O0000000000000000000000001O2OO01O01O2N001O002N1O01O1O2N1O1N[Yg]1
20131230192154Bh_5,Vk\Q11no15K2O0O1O1O1O100O1000000N2O100O1O00N2N21O1O00100000N2O010OO2O1000000000O1O1O2O1O001O0010O1O1O0001O1O1O1O01O00001O1000O10O002N10O001O1O10O1O100O1O1O5K1O1O2N1O1O002O00O10O1O2N010O02O0000O2O[OnPN;So1ASQN<mn1CTQN=ln1AUQN`0Wo10O000022NNO10O113L00O110O3MO1O00100O101O000000003M00001O4NN000022L1O0N9H3M2O1N6LO0O10O10oNdQNi0Pn1TOTRNk0lm1SOVRNm0jm1QOXRNo0im1nN^RNQ1^m1nNcRNR1]m1lNeRNT1[m1jNgRNU1Vn1NO0`QNmNRn1R1lQNnNWn1S1eQNnN_n1X18G2O2N7H2O1O1N2O3L2O1O1O2N1O2M\Poc2
20131230192154Bh_6,XRiU1;do12N1N3N1N2O1N3N2N2N1O00O11O000LH<000000000000000001O2N2N2N2N01000000O0O11O0001O1O100O100O0001O10O10O3N1O001O000000O1O1O1O100000N2O10000O10O1O1O00O200000O0100000001O000000000O1O1O1O2OSo^d2
20131230192154Bh_7,^UiV22lo15MO0OJ512O0O1M21001O0OM4O1O2N1M301O`kPh1
20131230192154Bh_8,iVke12mo12O0000000000000O1O1O1O1O1O1N2O1O1M2O1001O100000000O1N2O100O1N20000002N1O00000000000000000000000O2N1O2N2O0000N2M3O1O1N2O0001O1O100000000000O1O1O1O100000O1O1N200000000000O1O1O10O001O1O10O1O1O10O001O1O1O1O000001O100000O100000000O01K401O001O1O0010N200O10O1O1O100O2NhjlQ2
20131230192154Bh_9,WVYV2471Xo11fPN2Wo10gPN1Vo1=K6O0101M4_OajTi1
20131230192154Bh_10,eVio12mo12O0O1N2O10O100O1O1002N1O0O1O000001O010000O1O0001O001O00001O1O1O0O3NliPn1
20131230192154Bh_11,aXim2:eo12N2N2N2N2N1O2J5O1O001MH:N20N2I61000O2K6N1O1O0K6O100L3OI801O100N3N1O2O1J5N20O0O200O1O1O0001O001J6M3O2M2N3N2N2N3KZidn0
20131230192154Bh_12,eXY_22mo12O001N101O0O001O1000O10000000000000O01O1O0001O00O20O1N20O01O1N11N11O00O1O201NPhV^1
20131230192154Bh_13,R[YP35jo12O00001O00001O2N0001O1O001O002N1O0000O100O1O1000O1O100O10O1O2M3O1O0O01O1O01O1O010O1O000001O1O001O1O01N11O0010000O01O0001O1O10000O01O0O0101O0O1O2N20gePk0
20131230192154Bh_14,U\if03]o1OPQN4mn1NRQN3gn1:QQNJjn1:TQNKgn1h0N2N1La0B2N201N1ORNXRNe1hm1XN[RNh1om1001OO100010NaNkQNS1Vn1kNlQNU1Tn1iNmQNX1^n107I2N2O06JOO100001OO1O100O1O100001O000004L000O1O100O1O100O1O1O1O2N1O1N2O1kSNSNWN6ak1h1VVNVNUN5dk1f1UVNbNki1^1PVNgNPj1Y1kUNQOoi1P1oUNSOPj1l0oUNVOPj1j0oUNZOPj1d0oUN_OPj1`0PVNAPj1?oUNBPj1>PVNBRj1<oUNDQj1<nUNDSj1<lUNETj1<kUNCZj1;dUND^j1:cUNE]j1<cUNC^j1`0_UN_Ojj1[OUTN9n0:oj1ZOTTN=P15lj1\OWTN?l05nj1YOXTNd0g04hk16cSN6\l1J_SN;`l1G]SN;bl1b1N3O1N001N11\MeSNc1[l1\NhSNa1Yl1^NlSN]1Ul1bNPTNY1Ql1fNTTNU1mk1jNTTNU1nk1iNTTNU1ok1[NaTNa1Sm1J4M3hN_QNm0So1D:G7K3Mj^^R3
20131230192154Bh_15,[`_f14fo17N2O000000000O100000OM4N010000000000001N2O1O1O0OM40001O0O2O01O0C94000M3000000000L400000L04O2O1O1O10O0100O00001O0O2O010O1O0000001N2O0001O00000000O100001G71010N1L4000000K50O11L4N110O02N1H8O1O2N3M1O2N1000000O2I]cnR2
20140118180214Mh_1,bXTX21no13M2N2O00001N100O3N6I2O2M1N3N100000000O10000000O0101N10O1O1O2M2O1O1N2N200O1O1O1O2O0O10001O0000001N3N2N00cgad1
20140118180214Mh_2,]a`m23lo12N2N2M3O0O100O1O1O1000O000001O100000000000001O1O1O0001O2N0000001O0000000000000000000000000000000000000000001O2N001O01O0001O1O1O1N101O4Ja^Un0
20140118180214Mh_3,le`a2`09E24Rn18kQNF14Sn17jQNG14Rn1h0kQNYORn1\1O1010000URNVNK=ol1^1SSNXNL<Qm1\1PSNoNPm1Q2<D000O1O6eM\RNn1lm1O10O11VN[RNd0FEom1E^RN536_m1C`RN537^m1B`RN648ln1O2N2N10O2OO1O1O1O001O1O1O1O1O1NTWo[1
20140118180214Mh_4,PobS13ko14M5K3N1O1O1O1O1O100000000003N0N10O110OO1O1O1O1O1O100O1O1O000000001O1O1O1O00001N1OXPii2
20140118180214Mh_5,ooVo2;co14M1001O2N1O1O1O001O01N1O1O101O1O1O1O002N2O0O01N2O001O0O100O101Mmofn0
20140118180214Mh_6,aPcT11mo14L8J1N2O01O1O1O01O1O2O1N1O5L2M10O0000010O0000001O1O1O3L?B2Mhn^i2
20140118180214Mh_7,fSgn27go18I2O0O1N2N2N2XO^OgQNMOf0Yn1f01001N1K^Of0010L4nNQ110100N2D<N2N2O2G>F6M3Mjn^o0
20140118180214Mh_8,mT]\32no10O1N2O1000N110O2NXknb0
20140118180214Mh_9,ZXa_15io13O1M3M3O1N2O0N3N2O1O1O2N10O1O1O001O000N2O100O1000O000N2O2O0O1C=001OM4N2O01O100O2O1N2N4L2N2N2O4L2N1O1O1O1O1O0000000000000000000000001N2J6N2N1OUhn[2
20140118180214Mh_10,lWYi03lo13M2N6K;D2O110Of0oPN_NWn1e1000110OO00114MOM101N:F1O1N2Ne0[O4L2MYfPU3
20140118180214Mh_11,]\_S3:co14N1O1O1O1O1O10O1O1O1000000O1000000000000O10O000L401O01M2L400001N2O1000O0100O1O00M3O11J5O2O1O1N1ON3O2OO2O100O00KmPN^OSo1c04010000O10O00001O1O1O1N20O01M3L400O0L4L1300001OO100010OOI63N1O2H8N2O1O1O1N201Ndf^f0
20140118180214Mh_12,nZWg01no13N2N10N10000OSeXX3
20140118180214Mh_13,Q]S_14lo11O1N101O000000000001O2N001N2Okbl_2
20140118180214Mh_14,m_[S32no11N3N1N2O001N2O0O2O0O2O00000O010O1M2N2O2O0O2J6O10O00O1O200N1010000000O1N201O1N2O000O00001O010N2O0001N02N2O1O1N2N2O1O2M2O2O1O00010O01O001N10000O1O10O000100K6J5O2O0M3K5N20001N1001O001O001O002M2O1O1N3M3M10O1000O1000000O100O1O1O2O1N2N1O2N100O2M202M3L]ald0
20140309170314Mh_1,]e`Q22mo12N2O2N3M1O1O2N1O1O100O5K10O1102NO000O2N1O1O1O1N5L1M3MRZgl1
20140309170314Mh_2,Yo^W36io12O0O2O0O1O1O10001O1O1N1000000N2O100O100O100M3N1001O101O1O1O1O100000mPN^Ogn1a0XQN@hn1`0VQNCkn1;SQNGnn19PQNHPo18PQNHPo1d01O00001N2O1O1O1O1N2N2O0O100001O1O1O000000000000O1O1O10000000000101OO1O00001O01O001O1O1O000J]OnPNd0Po1_OoPNb0nn19O1O100000000000000000O1000000000000000000000001O001O0O2N1O101OO1000O1000001OO1000O1N2000O1000O2O1O1O1O1N1O2N2O1N2O1O1N2LaPW?
20140309170314Mh_3,RQa^1e0Zo12N1000000000O3L3L4M2Nnnf`2
20140309170314Mh_4,aQo_13mo12M2O001O01O000010O000O1O100000000000001O00001O001O00000O100000O001O0001000000O01O1O1O01N200000000001O1O1O0010O0000001O1O1O000100O1O1O02N1O000002O0O1O01O1O10O1N3K[nlZ2
20140309170314Mh_5,oQ_h06go1Q1RO1N2N2M7J2O1M3N5`WNZN]b1i1`]NXN`b1h1`]NXN`b19oWNm0\5mNeb12^XN^1R4cN`c1McXN^1k3fNbc1KfXN^1g3gNdc1HhXNb1b3fNPe1V1nZNjNTe1U1jZNlNWe1T1hZNlNYe1U1dZNlN]e1V1_ZNkNae1W1\ZNjNee1V1^VNXNg3c0le1\1oYNeNTf1]1^YNlNef1[OVVN\1R3[Oif1WOWVN^1o2[Okf1SOZVNb1e2_Olg1c0^VNaNXOY1_j13WVNfNXOW1bj13VVNgNWOU1ej15RVNhNSOV1Sk1MhUNa0aj1\O^UNa0ej1@ZUN>ij1E_TNbN8j1`k1Z1k0N2N2N3M5K1O1O1O2M2O2N4A?L1O2NW1iN3M2N2NWinS3
20140309170314Mh_6,gSgi14io14O0O1O1N2N2O1M20O1O1000M12000O1ON4N1001M11000O1O1001O001K5O002NbmVT2
20140309170314Mh_7,kY_W25io13N1O1O1O1O1O00000001O100000O1lIK]\N5ac15W\NKhc17W\NIic18U\NIkc18S\NHmc1:Q\NEQd1<n[NDRd1=m[NBTd1?k[NAUd1`0j[N@Vd1a0i[N_OXd1a0f[N@Zd1`0f[N@\d1?c[NAfd17Y[NIhd17V[NJkd17R[NJod16oZNKRe15mZNKTe14lZNLTe14lZNLVe12jZNNWe11iZNOXe11gZNOYe11gZNO[e10dZN0^e1OaZN1`e1O_ZN1be10\ZN0ee11YZNOge11YZNOhe11WZNOie13UZNMke16RZNJne17QZNIoe18PZNGRf1:kYNFWf1:gYNF[f1:cYNF_f1:`YNFaf1:]YNFff19YYNFjf19UYNFnf19PYNGRg19lXNHVg1:dXNH]g18aXNI`g17_XNIbg18[XNHkg15RXNKPh14PXNKRh15lWNKVh17gWNH_h16^WNIdh17[WNHgh18XWNGjh19UWNFmh1:SWNDPi1;oVNDSi1<kVNDWi1<eVNF]i1>ZVNDhi1=VVNDki1<SVNDoi1<oUNERj1>iUNCYj1<eUNE\j1;bUNF_j1:_UNGej17UUNLmj14QUNKRk14mTNMTk13kTNLWk13iTNK[k14dTNK^k15`TNKbk17ZTNJjk13STNMPl13oSNLSl14kSNLVl15hSNLZl17\SNLgl14WSNLkl14SSNLnl15cRN\OL?bm1a11O1O2N3M2M201N2J6N2N2N5J4M2N1O9C8H6M2Omhn`1
20140309170314Mh_8,mVm]32jo14O1O2O0O1O100000O1O00100000000000000O010000O100O10000001O1O000000001OO100N3N10001O1O1O01O001O1O00001O01O00001O000O1000000O10O0100O10O100O0O2N2N3N2Kci\=
20140309170314Mh_9,eWQV32mo12O0N2O1O101OO100000O100000O00000100000O10001O001O1N2O`hVh0
20140309170314Mh_10,]WYY34ko12O1O3M5K1O0002N1O10O011N10O1O1O00100O1O1O010O010O1O0O3KVhld0
20140309170314Mh_11,]ZiU24ko13M1O0O10000001O00100O2M2O1OleXi1
20140309170314Mh_12,U[Qi13lo11O2N2N2N2O0O3N1O1O1M2O1000000000O10000O1N110O1N2O011O00000000000000000O1010O001O1O1O2N1O1O1O1O1O1O0000000000O3M2N1O101O000000000000O10O10O001O0100O10000000000000O2N2N2N2O001O000O1O1O1O1O1O1O1O10O2O1O1O1O1O5K1O1O000O100O1O10000O100000000001N1001O0O10000000000O1O1O100O100000O100O1O1O10O1O1O1O0100000O01N020O0100000O1O1O100000000O1001N1O1O10002M2O1O002M[elk1
20140309170314Mh_13,\[Yg27io11N1O2N1O10000O10O1000000001N100O2O01000O001O01O01O001O01O0O100O00101N1N2M4N2NfdVV1
20140309170314Mh_14,Y]YR3:eo12N1O1M3J600N2O1O1001N2N1O100101N001O1O1O1N10O1O0001O010O1O1O1O010O1O2N1O1O10000O2N1O10O10O1000O0O11O1000O01O0O11O0001O00O11O0N3N2O01O1O0010O0O02POfQN:Yn1FiQN8Wn1IiQN6Wn1EoQN:Qn1EQRN:Pn1FPRN9Rn1EoQN;ln1O1O1N2N4Fec\h0
20140309170314Mh_15,Y]aa16io12N1O1O1O1O1000000O1O1O1000000O10000001O0O0001N10100M2N3O1O1N1N111O01O001O01O0N3O1O1O0O1001O1O1O001O10000000O1O1O100000000001O1O1O00O1N20000000000001N2L5L3N3M4K3L4N2MicVY2
20140322200714Mh_1,mch_22lo13N101mNLXRN5fm1MXRN5fm1MZRN3dm1O[RN1dm11\RNNdm13\RNLdm15[RNKem16\RNHfm17ZRNHgm18fQNJ3MWn1:dQN1NE^n1P1bQNQO^n1o0aQNQO_n1o0aQNRO^n1o0aQNRO^n1W110001O1N2O001O01O2N000000ROdQN8\n1FgQN9Yn1GhQN9Xn1EjQN;Vn1BmQN>Un1]OnQNc0hn1O1N3M4L2N2OP\_]1
20140322200714Mh_2,XdX\14ko1100N2O1000000000000000000000000000000000001O1O1O1O01O1O1O0100O1O1O01O1O1O10O1O1O1O10O11O00O001O2N010010O00O04M4L1OO1O2N100O002N2N1O2MjZ__2
20140322200714Mh_3,TfPV34lo10O200O2N001O1O1O1O10000000O0001O00001O2N0001O1O1O10O001O1O10O1O1O10O1O2OO011O2N000O00010O1O10O2N010O001O1O100001O000001N10O1O100O1O12N1O0000100O00O22O1M000O21O2MO10O3M4L1O1NhW_d0
20140322200714Mh_4,mjfU13lo14M001O1O2_PNGWo1:gPNIVo19hPNJVo1b0N2N1O1O1O1O1N1O1O10000000FYQNYOhn1g09O100N2L4O2NYU_h2
20140322200714Mh_5,]PQW26io12N1O1O1O1O100O1O1O1000000O1O2N1O10004L3M1O1O00001OO1O1N2N1001OO101O100000000000000000000000O10O1O2N102N1N2O0O1O1O0001O1O1000O0O200O01N110O000O200O00000001O100000000O2N1O1O10O10000000000O10001O0O1O1O1000O010N2O0000001O1O100N2O1O100000000000O100000000000O1O1O101N2NhPe`1
20140322200714Mh_6,]oZV12no11N6K:F1O103L=D2M105M8F00O1N6I3O1N2O5K1O1O1O5K2M101Meong2
20140322200714Mh_7,SRge16^1Mgl1b0XRN6em1LYRN6fm1KXRN6im1LSRN5Tn1g02N2N2N7[Oc0K1O2N]m^Y2
20140322200714Mh_8,dRim13jo14O1O0O2O1O00000000001O00000O10O100O00O200O001OO10001000O1O10O001O1O1000000000000000000000jVNEgb1<W]NFhb1;V]NHjb17T]NLkb14S]NMmb13Q]NOob11o\N1Qc10e\N9\c1Fc\N;]c1Eb\N<_c1E_\N:cc1IY\N6ic1JV\N5lc1JT\N5nc1Lm[N6Ud1Jg[N8[d1Hc[N8_d1G`[N9bd1G\[N9fd1FU[N>md1AR[N?Pe1@P[N?Re1BlZN=Ve1CiZN<Ye1CgZN;\e1EcZN:_e1F`ZN9be1G]ZN5he1KWZN4ke1LSZN4ne1LQZN5oe1MjYN8Vf1IhYN8Xf1HgYN9Zf1G^YN`0cf1_ORYNl0of1SOPYNn0Pg1SOnXNn0Sg1TOoWNEoMY1Sj1UOhWNa1]h1`NaWN`1`h1aN^WN_1ch1cNZWN]1gh1fNUWNZ1lh1gNRWNX1Pi1hNoVNX1Si1fNmVN[1Ui1aN`VN?jNIgj1@fVNg0gNEej1CcVNh0jNDcj1DbVNh0mNBbj1E]VNi0Uk1WOjTNi0Wk1XOgTNh0[k1XOcTNh0_k1XOWTNP1kk1POSTNn0Ql1ROmSNn0Tl1SOjSNm0Wl1TO_SNQ1el1POYSNm0kl1TOSSNl0ol1TOoRNm0Rm1b0?N2N2O1L5J5N3M6B<L2N10`0_Oekdj1
20140322200714Mh_9,RUQh2a0^o12O101O3M0O01O8G8I1N\jXW1
20140322200714Mh_10,]XiP36io12O001O000O2O1O1O0010O0001O1O00001OO001O100OO2O10000000000O1O1N200O001L4O1O1O1O1O1O10O1O011N104L3M1O001O1O1O0000001N001O100O100000O1O1O100O1O1OO1001O1O0010000O10000N10N3N1001O0000000000000000001O000L40001O0L311O000N11N2010O1000OO2O1O1O1O00L40000000000000N2000000O1000010O01N20N10O10100O10001O1O1O1O1O0000000000000000010O1O1O000O101O0O1O1O1O010N2O10O1O00100000000O10O010O010O10001O1O000O1000O1O1O100000000000000000000000000000000000O100O100O10000100O1O01O1O0000000000O1O1O10000000O1N11O1O1O010O1N200000O3M2N2N3N]jV?
20140322200714Mh_11,VZae2:eo11O2O1O2N000O1000000O1N20001O1O1O1O01O1O1O1O0000000001O0000O100O1N1100N2O010N2N200O2O1O1O1O0001O00100O1O0010000O100OO0100O1O01N2O10OM4L4O1O1O01N20O001O1O1O000N2O101N10@^QNDan1:eQNC[n1;hQNCZn1<hQNAZn1=g0M1O2NhffT1
20140322200714Mh_12,iZmn12mo14M1N2O1O001O1O1O01O0000001O2N0001O00000000001O1N1O2N1001O001O00O10N2O100101N01O01O0001O0000000001O2N001O1O2N000011N1O10O11O2M100O00100001O2M010003N0N1O1O2N3L4MSdPl1
20140322200714Mh_13,h\Q]13lo13M1oPNJXn18aQNN]n14^QN1an1O^QN2bn1O\QN3dn10TQN4mn1>10001O0000001O1O2N1O1N2N1O2OO100000010O1O1O01N2N2N2O000000000110OO00001O0000000000O100O1O1O2O0000001O1O2M101N3M1O2O0001N10001N2M201N1000000001O01O001N2N1N3N10hb^]2
20140403081714Th_1,XaXe2=bo13N1O2N1O100O11O0000004L0000O1001OO10013L000004L00000000000000000000000000000004L0000044H000000=C0WQNnNcn1X1013L0000008H1O0O103L1O1O124L0NO00100O1O10O1O1O10002N2N00O11O000000000000O11O000O000000010O11O00O002O0O1O020O0O10O11O0000O1O1O1O10040L0000001OO1002N7I0000220L00O1N5H;F4N\YYR1
20140403081714Th_2,lald13ko13N1O2O0000000000O10000001O0000002N4L1O01O1O1O1O1O1O1O10O1001OO1O1O1O1O0001O00010000000O000000001O1O1O1O0001O00001O2N00000000000100O1O1O02N1O000001O1O1O0000001O00000001O1O1O1O00000000100000000O00001O1O001O01O1O1N101N1O1000O01000O100001O000000000010O1O1O1O1O1O1O1O1O110OO010001OO10O011O00O1Nj\oQ2
20140403081714Th_3,Yd`R32mo12O103N0N1O1O100O1O1O1O5L0O1M3M3N2O1O1O1O1O10005LOO102O0O0000008G100O02N1O1O003M4K20O0101OO10O2N1O10O11O0000O113L000O108H000001?@000O003URNTN\m1Z2N102YSN`MPl1V30O0O005J3N1O0O7E6N2N2N2E<_Oa0cN`QNU1gn1N8C6N3N2N2N4M1O1N2N2LbX[g0
20140403081714Th_4,]dnm12mo15K2O002N100O01O1O1O10O10000O100O1O10O00000001O1O1O1O0O1000001O0001O0000000O101O2N4L0000001O000000000000000000000000O1O1O1O1O10O0000001O1O1O0001N20O000001O01O1O00100O2O2Ld[el1
20140403081714Th_5,Yg`j0:eo12N2N2J:J2N2N2N:F2N2N2JPOVRN6gm1G^RN8bm1H_RN8`m1GbRN9^m1APSN8\n100O100O2N001MiWoS3
20140403081714Th_6,YnjV13lo12O3M7I1O10002N00002N4L000004M0N10025;^O1OO1M3M4K3O2NhP_g2
20140403081714Th_7,eoVj12ko17K2N2M3M3O1N1N2O100O11O0000000O2N3M2O1N2N2N1O01N20O010O1O001O2N1O1O2N1OeP_S2
20140403081714Th_8,XPoS32io16M3O0000000010O1O1O0001O2N0O2N2F:N2N1O001O000000O1O100000001O1FnPNDUo17<L5N3MaPgi0
20140403081714Th_9,mPY`21lo14N1O01N1100N10O200O1O]on^1
20140403081714Th_10,]SgZ23do1=L0bNAZSNa0al1IURNJk0`0Zl1V2M2O01N6]OjRNRNXm1i1QSNPNQm1n1b0ERRN`NQn15c1K4N3NhnVd1
20140403081714Th_11,WZWW24bo1<M3M000H8001N00AZOfQN?bn1C\QN9hn1IVQN7kn1>1O0O200O1L3O2ON3L2O2O1I7L400002N1O1N2N2O100O10O0N11001N1OM4010O1O3M2N1O1O1O1O0O1HL<N2000K33M202N1YOh0I]ijd1
20140403081714Th_12,U[mS32no10O2O0O1O1O1O2O000O100O1M3N2O10O010000000O1O1O1O1000O1O1M3K5N110O01O10001O0001O00000000O2O1O2M10N2O10O010O01O0010000O010O1N200O2N2M3O1N1O1O1O1O10OO1001O10O01N20L4N2O1O1O0L40O1001G53N2001N02O0001K3100001M11000N2A?00001O1N2M2000K4101OM3K50O100OMN601O1O1J7K8K2N2J5N201N3I6N2N1O3M3M1O2N2M3E:O2N2Mehlb0
20140403081714Th_13,]_ad23lo12N3M1G:N100002N1O00N2O0100O1O100O1000000001O000O101N001O100N2G[OUQNg0jn1\OSQNe0ln17M4H8O1001O0N2O2O0001O1O0100O1O1O0O1O1O100O100O1O1O100O100O1O1O01O2F:N2O0O10O10O0N2N03O00O2L3001O2O1N2N1OO1D:111O001O001OO2VOh02O00O2M11O10M3M310O0D<00]OQMVTNo2jk1SMUTNl2jk1VMTTNk2lk1VMSTNj2mk1XMQTNh2Pl1XMoSNh2Rl1\MiSNd2Xl1?3I6000H4401OO1000O11ORO_SN^Nal1T1oSNZNBGjl1S1XSNC<Abl1l0TSNA<Aal1o0RSN^O`0A^l1T1b12N1NK2220001OOO2O2O1O1J6N3M3N2L3O1O01O1O1O1O00N2O10000O101O1O1O1O1O2NTgnP1
20140403081714Th_14,d]og02jo16N0O2N1O1O100000000001O1N2O0000000000O1O2N1000001O1O0010O1OO1N2N2O1002O3L1O1O01O1O001O00000000O1O1O1000000O100O1O1O0001O1O1O1O000000001N11O0000L3101O100000O1O000001O100000O1O1O1O001O1N2O1O1O00O2N2O1000000O1O1O1O0001O00O110000O001O10O1O01O0O2O10OO2O2O0000000000000001O00O2O1O1O00000000000000001O000000001O1O1O01O1O1O1O1O1O1O1O0O1N200O1000000O100O1O1000000O100000000000000O1O0010000OO2OO2O1000000O01O000001O100000O1O1O00O11O1H8N1010OO11O1O2O1O001O002N1O0000001O0000000000000000O1O000000001O1O1000O1O001O2O0000000O1O1O0010O1O100O01N2N2O1N2N2N201Nldnf2
20140410195814Mh_1,QcZk12mo12N100O1O100O100000001O00001O1O1O001O000001O1O1O1O0001O010000O010O01O2N000000O1O1001O1O001O1O2N001O1O1O1O0000O1O1O2Mm\oP2
20140410195814Mh_2,mihV22mo12N1M3M3O1O1L3K5000000O1001O1O0J7M3O2O1M2N3NlVig1
20140410195814Mh_3,]j`a05jo110000O10001N1O1O2O0O0010O00O2O001O01N3M2L4NQVQ]3
20140410195814Mh_4,gjfU24ko12O0O1OOO1110O2N`Ugi1
20140410195814Mh_5,]Qg]32no13M3M1001N1O3L]nha0
20140410195814Mh_6,YVYg02lo15L1N3M2O1O10O0001O0010N1001O00100O1O1G80O11O1G9O010N2ROZOXRNP1hm1QOVRNP1cl1cN]TN>POo0al1jNWTNm1dk1X11000N3DVMSTNX2mk1gMVTNV2kk1kMUTNU2jk1nMSTNT2gk15]TNdMak1[2bTNeM]k1Y2fTNfM[k1X2gTNgMZk1T2VUN`Mkj1\2]UN_Mcj1`2`UN^M`j1a2`1]NfRN>\m1]OkRN`0Wm1^OkRNa0Um1^OnRN`0Tm1RO[SN;UOHam1I`SN9TOM\m1HcSN8SOO[m1FgSN7PO1YkXU3
20140410195814Mh_7,QRkc13lo13L6J5M2M3N9G2OO01O3N20N1O1Ob0^O2N00O104K100003ON1O0013L00000005KO10022OMO10013OM000O113L000004L00000040L000O113L000O1O3M2N10Oa0@0O1O002N1O1N2N`jfW2
20140410195814Mh_8,]Zag02mo12N1N2O100O100O2N1O1000O1000000000000000000000000000O10O1O1O01N2000O10eLKkVN5Ti1MkVN3Ti10iVN1Ti15iVNKTi1:jVNEVi1=iVNAYi1`0fVN@Zi1a0eVN_OZi1c0dVN^O\i1c0bVN^O^i1b0bVN^O^i1f0^VNZObi1h0\VNXOdi10VTN5T2Khi1MVTN9Q2Jii1JZTN;m1Kji1G_TN;NIo05ej1EbTN;HMP13`k10^SNOP12bk14RSN2U1@kN;nl1Y1bSNPO^l1Q1`SNPO`l1Q1^SNPObl1R1[SNnNfl1U21O0001OkM_SNl0al1POeSNm0]l1SOdSNl0\l1SOfSNl0Yl1QOPTNj0Pl1SOUTNk0kk1TOWTNj0ik1WOXTNh0fk1YOhTNOck1OcTNI`k18aTNF`k19aTNG_k19T2N11O001000O100000000000000000000000000000000000000000O01O1O01N200000O1000001O2L3M3NTiPQ3
20140410195814Mh_9,aWWd12ao1b0J3N100011[OiPN<^o100O2O0O00101O00O01N9GPhdZ2
20140410195814Mh_10,aXid12mo12N1N3M3N2N110O01O01O00100O0100O1O10O11O00O0001O0000O10000O1O0001O1O10000000000000O1000000O10000O100O0100O11O001O0000000000000000O1O001000O001O01O1O10000000000000000000000O100000000O1O1O100O1O1N3NhgPU2
20140410195814Mh_11,i\QY34ko13N010O2N3N1aPNEVo1a02O00001O00100O2ITcne0
20140410195814Mh_12,Yd[P13ko15F8M4M2O1O0O01000N1O1O1010O001O01000O1000O1O2N100O2O1N2N1O1O1O1000O2N101N2O1O1O0O100000000O1O1O1O1O00000100000O10O10000O1N2N2O1O1N2F90001L3O02N1O1N2K5N3N101F9O2O2N3Cn]\j2
20140420195854Bh_1,gaRh14ko1101O00000000000001O001O000001O000001NX^eV2
20140420195854Bh_2,ZbjS31no14M1N2O0010004L0O1001O0000O11O00O100O1O1O10000000000000000004L0000O11O0000O110O00O`PNFZo1c0O0O00O04N0O0O100O1O1O1000;E00001O4MO000036dUNeNce13WVNe0T4ZOfe1NXVNh0P4[Oie1JYVNl0i3^O]f1b0]YNCcf1=mXNROPMb0Sj1=kXNSOPMb0Uj1;gXNXOQMe0Qj1<`XN:bg1bNfUNl07QOT2c1Ph1\NhUNP11TOV2`1Xh1HbWN;ih1F^VNcNiNb10^Noj1^1TVNeNkN]1\k1NhUNfNjN\1`k1OdUN7bj1IYUNNQk12oTNLSk14kTNLWk14gTNL\k13UTNN[l10cSN0_l10_SN0cl10YSN2Rm1d0QSNXNRm1e1PSNYNRm1e1PSNYNRm1e1PSNYNUm1^1k0M2N2Ne0WO6M3N2MeXoe0
20140420195854Bh_3,lbXm12ko14O10O00001O00001OO1O1M4N1O2N1O2N2O03L7J5KP][Q2
20140420195854Bh_4,\c`d27ho12O1M3N2O1O1O1O3M1O102N000000004MO00003NO000008H0O1000001O00003M0000000000000008H000O4N0O000O16K7H0O2LcZWX1
20140420195854Bh_5,aelT21no12O1O1O002N1O00100000000O002N10O1000O100O01O2N01O100O1000000O10000000000001O3MO01O2McY]h1
20140420195854Bh_6,lePW13lo12N2N2N3N0O2O2N4L1O1O1O1N20O1O6J1O1O1O1O1O1000000000O11O00O0001O00000000000000000001O002N1O01O2N0010O11O00O01O0000010000000O000000000000000100000000O1001OO0101N1O1O02N1O000100O1O001O002N1O1NeXob2
20140420195854Bh_7,]jfe01ko16M101O0O10001N2L4M2O2L3N3N2N2N10000O2O1O1O1O1O1O6J1O1O1O1O000N2O10000000000O1O1O00001O0H71N200OL5001O2N4J8E7N4K`0]O6I7N2NXV_V3
20140420195854Bh_8,PkXV3443\o1ObPN3\o1:N2O1N2O02N1O0001N2M4N1O1O3M2N1O0000000010009G1O0021bNeQN\1\n1N0O00:F1O1O1O<D2N1O1O1O1O10000000000O10000O0NVS_f0
20140420195854Bh_9,Rkfl07go18J1O1O1O5K1O1004MOO100004L00O1O6J4L10O11O000O1O2N4L1OlSaQ3
20140420195854Bh_10,]oPf17ho12O1M2J7O0O1L3OO2O11O00O100001OO1O1000000000000N2O1001O00O2O001N200OO1001O0001O1O1000O1O1O000000000001O1O10000OO2O10O001O10000O1000O0000010O100O1O1O11O1O1O00O1O1O10000O1000000000000000000000000001O0000001O00000000O1O1O1001O1O1O100101N4K00001O0O2MURWR2
20140420195854Bh_11,mR[U16jo10OM0202002LZmVj2
20140420195854Bh_12,eUQg1e0Zo13M1O3L3N2O0N10\Oe0O00000000000000001O1O1O1O0001O1O100000O1N1100N2O010000000O1O000000001O1O1000O1O1O00000000001OO1001O1O1O1O1O100000O1O1O1O1000O1N20O001O1O1000O1O001O2O0000001O1O2M2OgkXS2
20140420195854Bh_13,iUiR29fo12O1N100000000O100O1O01O1O1O100000O100O1O1O1O1N2O1000O1O1O1O01000000N1001O0000000000000000000000000000H8001O1O1G9O1O2N1Nak\i1
20140420195854Bh_14,TVUh22ho14M5O1O1O0H4400000L31M31O0N10O20O01O100001L30G:00O1JekTV1
20140420195854Bh_15,UVcT15jo12ON10O11OPjPk2
20140420195854Bh_16,jWoj11mo16L1O00000000000000000000000000000000O1O1O10O1O1O00100O100O1O1000O1N20001O1O0000000O2O00000000O1000000O1N20000000000O1O1O1O1O100OO1001000O10O1O1N02O0001N02O000000000001O1O1O1O000000000L0400001O1O1000O1G9O0001OO1000000000100O2M2MRjjm1
20140420195854Bh_17,]YkP12no11N101O0O1_Oa0M3N2O1K5N2O1O1O00K500000GM<O2N010N3O0000N20O11O01K5O00O1M30000000N2N2001ON2M400O1L4M3O101LRilk2
20140420195854Bh_18,Q]Qo22ko14N1M5La0A2M100O1O1O1N0M31O11O1O1O10O100N1M4OO2L3001OVNlNjTNT1Uk1oNiTNQ1Wk1POhTNP1Xk1QOfTNP1Zk1QOdTNS1Yk1mNeTNW1Yk1jNeTNX1ji1fNPVN44W1ii1mNmUNN7X1ji1;SVNGmi19RVNHni19PVNHPj19oUNGSj1<hUND\j19cUNF_j19`UNGbj1:[UNEjk1e19G6L1O3M3L2O2POeRNWOem1;gRN[O\m1c0iRNXOYm1g0gRNXO[m1g0fRNXO\m1g0cRNWO`m1i0`RNUObm1j0_RNTOcm1j0_RNUOfm1e0[RN[Ofm1d0[RN[Ofm1c0[RN]Ofm1a0\RN]Olm17S1M2N10\dfl0
20140420195854Bh_19,PYQ]24lo1001O00001N2N1O2N1000000000000000O1001O00000000O1N11O1O1O10001O2N00000000O1O1O101O1N10001OO1O1O100000O1O1O1O100O1O10O2O1O000N2O10000000001O01001OO1O00001O001O1O000000O1O1O1000000000000000000000000000000010O10000O0O1O100O2O1O1O1O001N10ofb[1
20140420195854Bh_20,UZc]35jo12M5Ii0ZO2N2M3M4M3M1N2MPOdRNB[m1<jRNBVm1=lRNASm1`0V1M3000000O1N20000O100001M110O1O10L401O1O1J^gT`0
20140420195854Bh_21,[_]i08co15L5N1O1M3L4O001OOL22O20N2N0UOTOeRNk0^m1XO_RNh0_m1_O[RNc0Tm1:^RNBbm1^11001OO3J6N2ISRNYNom1f15100O0O01C=0O1ON3_OaQNAan1>aQNA_n1a0aQN\O`n1e0bQNVO`n1j0<1O;D3N0N1O2J5O1O1OOTOMXSNcNml1^1j002O0000001N1O1N3N1O3M5K2O0O1L5M1001L2101O2N2N1O2N001K5O1OM4N10O11O00O100000N20000N3O1O1O1O0M202O0O2OO100001OK6O1O1O1O1O1O1O1O1O1O001O1O1O1O1O1O1O1O3L]fdn2
20140420195854Bh_22,VZWW22lo16K2O103M00000000=DN01O1O2O0O1023L2MO01O1O100O016K3K01O0001O00002M2O1O00000000010O001O001O001O00102NO001O1O0001M]dVe1
20140420195854Bh_23,Q[[U32no100OM3010000O100000001O1O0O2N1O10000000000000000001O1O1O00O1N20000O1000O10O1O001000O1N2O1O100000O10O0O01O100000001M2O2O10O1N2O2N2N2N2Mje\f0
20140420195854Bh_24,hZQY33mo11N1O1N20000000000O1O1O1O1O10O1O1N201Mbefe0
20140420195854Bh_25,m[_Z21no12N2N200O2O0O011OO100O105U1eN10O04N1N000000POcQN<^n1_OfQNa0[n1\OgQNc0Zn1[OhQNe0^o1[O3MSbjc1
20140420195854Bh_26,Y_el22mo11N3N101N101O1O0O0C=010OO1O11N11OO1E;01O100O1N110O1N2O1O3Mda^Q1
20140420195854Bh_27,e__c14ho1<G3N1O4L7I1O1O110OO1000100N100O1O1O5LM201O0O20N100000000001OO100K5O1O2N4L4L1000000O2O000000000000000000000000000000000O1O1O100000001O0O2Ng_TX2
20140420195854Bh_28,m`ih12mo12O1O002N001O00000000001O001O3L;F1O1I7N2O1N11O000000001N2N102M3N2N001N5K3L3O0O3L4L3OO101O1O1O1O00001O001O1O0000O1O1000000000001O1O1N10001O00001Nd^dR2
20140420195854Bh_29,i`mg12no10O2O00001O2N01O1OV_^W2
20140514195854Bh_1,Yb`Y21no12M3L3nNNTRN4km1MTRN4lm1MRRN4nm1NoQN3Qn16dQNL\n16`QNL`n1j01O1O1N2O0O3N1N2O002N1N2O1N4L4L2N2O1N2M3O1NX^_d1
20140514195854Bh_2,Qbbb23lo12O1O2N001O1O1O1O1O1O2N2N1O2N2N1O01O1O1O1O0000000000000000001O2N01001O00O01O000001O1O3M1O102N00000O1001OO1005K0000O1O1O1O1O100000O0O1M3M4O000000011O3M0O10O0101OO01O1N2N2N2Na\oW1
20140514195854Bh_3,YbRR22mo13N4L6J1O1O3N2M1000O02O00O11O4L0O10010N10O1O5K1O1O01001O001O40K1000013NN000013MOO10041KO1003jPN[Onn1k00N01006MON00O333H000035OJO0010203J00015NUQN\O1Kam1f0\RNBOMbm1b0]RNCNMfm1`0ZRNFKLnm1c15J2O1O6J4L1O0O6H5L3N1N6I<B6KjXah1
20140514195854Bh_4,lbhe07go13K5N1O100000O10O100O0000O2000000000000O100O100O101O1O1O0100O2O10OO002N100O10008H0000008H000000=C1O0O2N2N1O01O1M7J1O2N3QO]QN8jn1DYQN8kn1FWQN7[o1NP\WV3
20140514195854Bh_5,Uhbi02mo12O4L3M1O001O001O10O100O10001000O0011OO00O1N\WoT3
20140514195854Bh_6,ehRV27io10O1L4O1N2N1O02O1O2IaPNJao147N2NdWQi1
20140514195854Bh_7,ajhP26io12N2N6I4N0O2O00000O010O10000001O001O0001O000O2N2N2O000O10000000001O01N3L5L2O1N1O2O1N1O3M2O1O1N3N1O00WUQl1
20140514195854Bh_8,UkhU24jo13O1K7^Oa0M1010013L00O1O2O2M1O109G0O10O00000010O1O1O1O1O4K`T]h1
20140514195854Bh_9,mn\k22mo12O1O1O1O1O00000000000O1000000O1O00O20O001O1O1O1O0O10000M3O10000M3O11O0000KN6010001G8O2O3M\RgQ1
20140514195854Bh_10,QnnR23lo1101O0000O1000000000O100O1O1O10000000000001O0O2MTR_k1
20140514195854Bh_11,nodm28go14L4M1O1015L0N0O1NhofQ1
20140514195854Bh_12,]PYR32mo12O001O001O2O1O0000000000000O1O10000O10000O10O100000O01O2N001O1O2Mnnbk0
20140514195854Bh_13,YQgn22mo1101O1O101N0010000O100O02O00000O1O1O1O00001N10[nho0
20140514195854Bh_14,aT[U22mo12O00001N1O3M2N100000000O1O1O1O10O001O01O0O1O1001O1O1O1O0000O11O00O1M3001OO1O11O0000L40O2OO1O02M21O00O101O100N2M3O2NPmnf1
20140514195854Bh_15,dVQX39go11N1O0O200O001M3O1N2N2N2000000000001O002N1N1O1O1O100000000O2O1O5K1O0N1N111O0O2O1O001O2F9O2O0000O10000O1N2O1O001N2M21_O`N_RNb1^m1`01O10000E;L4000K14N200O2QOn0M4O2NPlVc0
20140514195854Bh_16,]TQb36io12O0O000000010O00O1010O0100O100O011N1O2Nlkd<
20140514195854Bh_17,]UaW14ko14L2M6H6M2O00OF\OZQNd0en1E]QN0dn1NcQNL_n1MiQNO`ihg2
20140514195854Bh_18,k\iU14jo13O00001N10000PLKUXN5kg1KUXN4lg1MRXN4ng10mWN1Sh16aWNO_h12_WNOah12]WNOdh13XWNMkh13oVN0Ri11kVN0Wi10hVNOZi11cVN0ai13QVN4Sj1IlUN7Vj1IhUN7Zj1JbUN7hj1LjTN5Xk1KeTN6]k1JbTN5`k1K`TN3fk1JXTN5jk1JVTN5lk1KTTN3nk1MQTN3Ql15eSNK_l11aSNO_l12_SNObl14YSNLnl13dRN5^m1L_RN4cm1L[RN4gm1Q12H8L4N2O9]O<M2N2NWeVg2
20140514195854Bh_19,a\iT36f0MZn15dQNMZn14eQNNYn13fQNOSn17lQNKRn16mQNKSn16kQNKSn18kQNITn1:hQNHXn19fQNHZn19eQNHZn1P1O2N1O10O10000O10000000O00000000O1O1N2O2N2N2N1O1O1L5N1O100N2O1O100N2O001O1O1L30001N101O3Mccfg0
20140514195854Bh_20,[__V2=ao15L2O0O01O1O00mNEPRNOKc0Tn1m00000N2N21O0000O@oQNnNXn1o0>O1O1L5L21N1L5O1000O1K5O2N2O1N2M3O1O1O0O2O00O100000O1O2N1O10000000000000001N2N4JZbje1
20140514195854Bh_21,Q^_Q26io13N2N001N10000001O0000000000000O001O11O1O1O01O002N1O1O002Mkadl1
20140514195854Bh_22,UdYm25jo12O1M2G9O1O1O0O02M20O2M2000000O2O10O10O10O103YOhPN?^o1N1N3N1O1O2N10_\hP1
20140516234034Lh_1,\`dm22lo14N0N3L4L5H8L3O11010M10002N1O001O2N1OO1003N01N0QOYQNd0gn1YO\QNg0nn11O100O1103M0O1O3M2N0O1O2M2N2N2M]^go0
20140516234034Lh_2,mbX]1:eo12O1O1O9G1O000000000000000001O1O1O10O11O0000000000000004L000000000000O11O00O1001O00O011N1000O3N9GO100O01000O1N1O101N101O1O1O00001O00000000001O1O1O1O01O001O1O1O1O1O1O3N0000O0000001O0O3N1M20010O01O01O1O100O01O4L2M2N3oPN\Oan1U1L2N2N2NjNlQNd0Qn1[OTRNc0km1]OVRNb0jm1]OXRNb0hm1ZO^RNd0bm1ZOaRNe0^m1[OdRNe0[m1[OfRNe0Wm1[OmRNe0Pm1[OSSNc0ml1\OUSNd0kl1ZOWSNf0Sn1O2N0O104K1O1O02N1O0010O11O00O011O0000N100000100O10[OjPN?[o101O2M4L2N3O3M0O00oXiX2
20140516234034Lh_3,[dhW2c0[o13O110O7JO00006K2MO0110O1OO1001OO1000000000000000000000000000022NNO011O4L00O11O4MO00004L000O0O3M2M3N2NdYod1
20140516234034Lh_4,lhlm23lo15K5L1N2O1oLEZVNh0Yi1[OeVNf0Yi1[OfVNg0Yi1^OaVNd0^i1AdTNLa0k0hj1[OeTNLa0k0ij1ZOeTNL`0k0mj1XOaTN1<l0Tk1[OTTN2:o0`k1M^TN4bk1M\TN5dk1LWTN:ik1U2L]L[TNd2ek1XM_TNh2`k1VMcTNl2_l1kM[SNe0bl1QOmSNh0Sl1VOoSNj0Ql1TOQTNl0FaNnk11SUNe1nj1RNYUNn1]l1O1O4L2M20O42K1O1O0O3M1N20O0101O0O108I1N0O108I5JO1002N2N0O2NST_n0
20140516234034Lh_5,_kP`3;do13N02MaTg?
20140516234034Lh_6,gQWh24jo13N100000000O100000000O1O1O100000000000000001O00001O00001O00000O1O1O2N1000000000001O0O2OZnnT1
20140516234034Lh_7,URiP24ko12N3N2M2O1N10000O1000000000000001O1O1O001N110O1O100O01O2N001O1O100_SNGYi19fVNHZi18eVNI[i17aVNM_i13`VNIXMKWl1>_VNG\MIVl1`0[VNIki18kUN0Vj11hUNNZj13eUNM[j13cUNN^j12^UN0dj11ZUNOgj11XUNOij12TUNOmj13iTN4Xk1LgTN4Zk1MdTN3]k11\TN1ek15dSN7al1J\SN7fl1IXSN7jl1KmRN:`m1l04K3M3N8nNP1F6N1NjlVk1
20140516234034Lh_8,dTQo24ko12N1O1O100O001O1O100000000O1O000001O1O1O1O0001O1O1O00000010O00O1000001N2O1O100O010O01O1000O01OO1001O1O1N2O001N1O1O200OdlVm0
20140516234034Lh_9,hUom24co1`0H2K4O1O101OO1O1N2M3O2M4G8K5NdjPQ1
20140516234034Lh_10,`Xij25ko11N1O001O1O001OO10010O10O1O10O001O01O1O001000O1O1O0001O1O1000O1O1O0001O1O100000N2O01O001O1O1CHRQN8hn1OVQN0ln11RQNOnn12QQNNon1b0F90000N3N0101O2_O\QNCgn13Xj\Q1
20140516234034Lh_11,\Zgj03jo14N2N1O1N2O100N1N20000O1O02O00M4M3N100N2WOi010O0N2NO3O100OI17M401N2M3VOaQNObn1O`QNObn1O_QN0Zo1L6J4NTghR3
20140516234034Lh_12,lYig26io12N1M2O101O000O11O00M4N0100000N2O100O1I700001O0J6F:1N1OL500001O1O1001N5GhglU1
20140516234034Lh_13,V]gl14jo13O1N1M3L4O1O1M3N2O1O0000N2O1001OO100001OO1000000L400001O1O1O1O000000001O0001O01000O01O00O2O0000gMDkTN=Yk1DeTN<[k1FcTN:]k1J_TN6ak1P2401O1O3M2N2N1O3H7L4N2N3dN]1I5N2N]fnn1
20140516234034Lh_14,[^_j24io14O0O1O1N02O01O001O1O10OO020O0O1K50O10L5O10O0001N11N10M10O4O1O1O1N201N3N3L2O1N2LjbnR1
20140516234034Lh_15,^^_f238NYo1`0L3N1N1L40000000N2N3O1O1N2O001O1O1O0000001O1O100N2O1O2OWbfW1
20140516234034Lh_16,`aQT17ho12N1M3N2O10000O10O01L20O2000N2O1000000K32N3O100N2O1O100N2O1000000O01O0001O0001O001O00OM3101O100N2O01O001O1O10OO1001OO1000000000N2N2001OO100001O1O1000O1N20O00000001O1O1O1O1O101Mm`\f2
20140516234034Lh_17,bbQ_11mo13N1O2UN7[SNKdl17ZSNJel18YSNIel1;ZRNB`04Vm1R1_RNoN`m1V1ZRNkNgm1e12O2M2M4M3N`0^O6J4N2M7E8L2O2N5Ja^\_2
20140519195834Ch_1,Yehd23lo13M2N2J5O100000000000000000001O0010002N1N10000000O1000000000O11O3M000013L0O1O101N0010O9G3M2M3MhYWX1
20140519195834Ch_2,UflX31no12O1O1O100O11O0NiYaf0
20140519195834Ch_3,igfd22mo11O10000O10000000O[XeZ1
20140519195834Ch_4,igRf22no10O2O00001O1O2N001N2O1O1O100O9G1O10000000O1O1O1O10O0010000OO2O001N1O3K4N2N10hW_W1
20140519195834Ch_5,aij`02no11O003M1O1O2N1O01O1O00000100O1O1O001O0000002O00O10001O0000O011O00O010000000O0100000O100O1O100O1O001O1O1O1N2O_Ug[3
20140519195834Ch_6,]jTc12ko13K6N100O1N2O100000000000O1O1O1O10000O1001O00000000000001O2N001O002N3LhUcZ2
20140519195834Ch_7,djfT14io16L2O0000000000000000000000001O000000000O1000O101O0000000000000O1O1O1O100000001O2M^Ueh2
20140519195834Ch_8,ko^d13So1l0M1O1O1O1O01@WQNHjn16YQNHhn1Oi0L5NTQiZ2
20140519195834Ch_9,PPa>3ko1201O00001O00101N001O1O100O001O1O1O1O1O2N1O1O101OO100010O00O042L0O001N3OO00O02N3N00002N4MO00002O2L101O21NOO10010O00000000000008H1O0O2MjmV]3
20140519195834Ch_10,aRWR34ko13N1O0000000O1JHdPN8Xo1:O1000000000000000000000000000000O10000000000O10N10010000hTN^ORg1b0mXN@Sg1?lXNCTg1<iXNHWg18^XN3ag1M^XN5bg1K\XN7dg1IZXN9mLXOZj1o0TXNk0^g1VO_XNl0ag1TO]XNm0dg1TOXXNn0ig1SOPXNQ1Rh1oNlWNR1Uh1oNhWNQ1Zh1POaWNQ1eh1PORWNQ1Si1ROgVNn0[i1QO_VNhNhNW2jj1ROTVNhNRO]2mj1iNjUNb1Yj1]NVUNlN3e2kj1_NPUNoN2b2oj1POjTNS1Yk1i11N2M3N3L3N2N3M5I7I4O0O;XO?L4M2N4UNgRN:MPOjm12nRNb0XO]ORo1a08NTkfh0
20140519195834Ch_11,lTio16io12N1O000100O010N2O1OO2O100O1O1N200O1O1N20000000000000O1O1O1O1000000000O10000O0O11O1O01000000O0O11O1O001O1O1OO2O100O1O00O1N2001O1O001O00000001OOO2N3O10MO3N201OOO3O10glPk1
20140519195834Ch_12,gUko08go11N1N1101O1O1O2N`jbo2
20140519195834Ch_13,VYSk15jo12N1O2M2N2L4N2O1O1O1J510O1M2N2000000@`000001O00001O001O1O00000L401O1O1[OdQNE]n19e010O0H8000100000O10O1O1O1O2NihfQ2
20140519195834Ch_14,ZXYl26io12N1O0O2O10O1O1O10O001N10O11O000001O000O101O10000O1O1O100O10O1O1O10O100N2N]hZQ1
20140519195834Ch_15,iZed12mo13N1O1O0O10001N001O01O10O1000O10N2O100000O1O10O010O1O1O0100000O1O1O1O1000O1O1O0102N1N100000000001O00000000001O0000000O001O01O001N10O11O0000O1N2001N110O0M3NO4O00mNEbRN<Wm12]RN1dm10[RN0fm11XRNOim14SRNLnm1R11O1O2N2Jc0A1O2N7E6N2N2OSgVU2
20140519195834Ch_16,kYWh03ko14M1O2N1O00100000N2O0001M20O11O01O1N11O1O1O2OO1000000O100000001O1O1O10O1O1O1O1O1O1O1O1O110OO010O02N1OO1O1O100O10000000000000000O1O1O1O100000O100O1O1O1000001N100N101001O1O1O00N2L4O1O1O1N10O20L3OH90001O0M3O2O2OZgVQ3
20140519195834Ch_17,Y]Uk22lo12N3N1O1O1N200O1O1O1O1000O1O1O01O1O001O100O000001000O100N2N2O001N2N1000001N2O1O1O1O1O010L5I6O100N1K50M3O00ON400000O02O01M2YOg0N21O1O1G9N2O1O1L4N2O000N2O2O000K4N4O1N3I6L5N2M5J6K5HoeXo0
20140519195834Ch_18,e]cf02mo14K6bM7\TN0^k11`TN1^k11`TN0Wk1\O\SNm02_OJL7?\l1c2N2O0M3N1020O1O1O0lNiSN_NZl1_1jSN]NYl1`1iSN^N[l1Z1Z1TNQRN:O052Un1LhQN142Un1KiQN151VcPX3
20140520200054Bh_1,Pd\l23lo12N1O1O2O1O1O1O10000O100O0000100O1O00001O101OO10O001O100O000001000ePNDQo1f0O2OO01O00000001O1O010O01O1O001O00001O01O0001O1O1O0001O1O1O1O001O1O10O1O2O0O102N:F1O0O3M2N0010003M00001O5KO10O3N2OOO1O2NfNaRN6]m1EiRN:Vm1FlRN9Tm1FmRN:Sm1ETSN6ml1FWSN8il1GXSN8il1GXSN8kl1E\SN4el1K]SN4cl1K^SN3dl1L]SN3el1JV\ml0
20140520200054Bh_2,UhjU32mo11O1N2O1O1O0001O010O000O201NVXWi0
20140520200054Bh_3,mhRi03mo13M6K5J100O1O100O01O1O1O10O1O100O01O1O010O01O2N01O01O01O0100O0010O0O2M3O1N1000001O000N2O1O102JbVmS3
20140520200054Bh_4,[jnn17go14M2O000000O1000000000O1000000O1O1O100001N1O1O2O1O0O101O000000001O001N2O2NcUen1
20140520200054Bh_5,fofQ24go16N2N1O0000001O1[OCeQN?Yn1DeQN<[n1FcQN;Yn1i0M2O10013M6KO1N4Oj0VON00O11O2N1O3M22M1M100200N0000000000O1O:G3L001O6K000O1MmnVk1
20140520200054Bh_6,nnVe07go15M0O2O3N2M1O1O105LN01O101N000100O1O1O011XOkPNc0\o1L100O1000000O1O100O02N10O10O01O0001O10O01O0002O0O01O4M1N1O1004L0O1O002N1O1O100O1O1O01000O10O0001O0000001O1O1O1N2OWojU3
20140520200054Bh_7,iTi]27ho11O2N2N3M10000000000000000O1O1O0001O01000O10O0O11O000000000010O00000100000O001O1O1O1O00O11O000O11O01O0O200000O1K5O0001OO10000000001O10000O0000000O2O100O0O3N1O2LjlT]1
20140520200054Bh_8,ZWo^17do18L101N2O1O1O000000000N10O2O1O1O1N2N2O1000000O10000000001O001O1O0N3N1O2Nlhf^2
20140520200054Bh_9,eZQS2:eo12N1O1O1O1000O1O1O1O10O10000O0O11O100O1000O100N010100O1000O1O1O1O100O10000O1O0000000O1O10000O1\O^OjQNc0Vn1_OhQNa0Xn1AfQN?Xn1H`QN;Rn1P10000000L4O2O1N3jNcQN<Zo1J3N1OUgnh1
20140520200054Bh_10,X^Yn0?`o12M2M2hNMdRN3Ym12eRNN[m14cRNLUm1a0fRN@Rm1P1bRNRO_m1g100N2WOe0401OM3G90N2O10LjNZ1M31O0L31\O_RNjNam1W1aRNfN_m1Z1dRNcN\m1T1l0O101N2A>M30001J6O1O1O1O1O001000O1O1O01O1O1O100000O1O0O11O0001OO101O01000000N1001O1O10000000000000000000000001O0000001O1O1O0000000001O1O1O00001O0001O1O1O10O1O1O001O00000001O1O1000O1O00001O00000001O00001O00O10000O100000O1O000001O100N2O01O1N20O01M2N2001O001O1O2N1Oiffg2
20140520200054Bh_11,a]oP37do19J3N1N4L3N1010O2O2N000O4L3M1O002N1O1O00000001O00001O001O1O0O1000000O2N1O101N1O1O1O1O10O01O1O1O1N2O010O100O1O1N1O011O010N1001O100000O001N2O1O1L3K420O001N02O0000O1001OO1N11N20O2N11O0001N110O000O10O2OO10N2O1010OO2O1O2O1N1N201N2M2O2N2N1K6_OmPNH12Uo15?N`d^g0
20140520200054Bh_12,b`gW24jo13O1O000O10000000O000010O1000001O2N0000000000000000000000000O10000O100O1O01O00100000O1O1O10O10000N2O0010N1001OO2N2N2O1M3O1O10O010000O10O1O1O1O2O00001O0000000000000000000000000O1O1O0001O1O100O10O1O1O01N20O100O001O1O01N2O100O0O11O10000O01001O00000000000O10000000000O1O1000001O0O2O000N3N1O2O2Ki`T_1
20140526195834Ch_1,oeVV17fo18K1N2N2M3O1N2N1N201N2N1O2N100000000O01O1\Od0O1O100O2M200000000O100000O100JIcPN7\o1LaPN5_o1600OO2M3001O0010O01O1O1O0O10O100O1O2L3O100001O1O00000000001N1000001O001O10O01O01O1N2O1N1O2O1N3N1N`ZYd2
20140526195834Ch_2,agbm23lo12O4L2N1O100000000O1O100O1001O000000O2N010O110OO10O11O00000004L0000000000000000000O02N1000O2000O1OO100O10000000000O011O00O0000000010O01O002O2OOO10O01O2OO1000O2N01O1O1O10O00O1001O011N1O0001O1O1O000000001O002N10O002N1O000000000000001O0000000000000000O1O2N1O10000000O10000000000O1N200O10000O01O000001O1O1O00100O2L3M301N\V_h0
20140526195834Ch_3,lihd13ko13N1M2K50010N1001N11O1O001O000O02O01O1O2N10000000000000000000O1N2O1O100N20O0100O1O00000O2O1001O1O1O01O1O10O01O02OO10O0001O001N2OkVUW2
20140526195834Ch_4,infV14ko13N1N2O100O1O00000000001O01O001001N0100000000O00000001O1O1O1O000000000000000O1O1O1O0100O1O010000O1O1000020N0100O2N001O1O1O1O001O00000001O00001O1O1O000011N1O01O1O10O01O1O1O1O000000000001O1O1O00001O0000000000000000000O1L4N20000O1000001O1O1O002M`Pea2
20140526195834Ch_5,lSio1<bo12O2L2O200O1O0OM5N10000M300000N20000001O1O1O1O1O1O100000000011O00O00001O000000000001O1O1O1O100000000O110OO10O202M000O1O9G1O10000jRNIbj17\UNKdj15ZUNLgj14WUNLmj12oTNG^k17`TNIbk17\TNJdk17YTNJjk1:nSNCXl1=fSNC\l1=cSNB_l1a0[SN@kl1c16N2O113OM00O1O1O1O1O1Oe0YO3N2O1N>A3N2N2NPjVj1
20140526195834Ch_6,lWYZ1c0\o12O0N2O0100O001I7O1OO1001O000000001O1O1O1O1O100000O100O2N1O100000000000O10O1O000001O100O10O00001O10O1000000000000000000O10000001O0001O1O1O1O0001O0001001O00O0O2Mehd`2
20140526195834Ch_7,bXmQ33lo101O01M3N0K601O1O00N2N30L4N101O10O00000000O010100O1N20O001O1O1000O1O1N2O1O1O1O100000O10O01N0110O2Nihnj0
20140526195834Ch_8,VXi_16jo11O010O2OO010O10000O1O2O0O001N`gV_2
20140526195834Ch_9,QY_T12mo12O1O1O1O1O00000O0100O01O001000000000O100O10O00001O100000001O1O001O0001O100O1O01O1O1O0001O2N0000001O0000O100000000001O000000O1O1O1O10000O10O100O1OLHaPN9^o15O1N2O010OJfPNHZo16jPNGWo189O1O2KcgTf2
20140526195834Ch_10,YYoR24ko13N1N101N2N2N101O1O00101O000O01N3Hlflk1
20140526195834Ch_11,SZg^14io14N1O1M2N02N21O0NM5O110O0O11O01O0O2O1O2Ndfn_2
20140526195834Ch_12,YZoR32mo12O000O1000000O2O0000010O1O1O0O1N200000O1O1O01O1N110O1001O00000000000000000000O1000000O1O1000O1O2N2O000101N00001O000001010N01O001O1O1O0000001O003Kge\h0
20140526195834Ch_13,bZWk21no1101N1N2O1O1O100N2O10O1O1O1O10000O1O100O100000000000001NhenR1
20140526195834Ch_14,mZag12mo12O001O0000001N2O001N1O1O1000000000000001O001O1O001O010O1O1O01O1O10O000001O00O10000000000000000000000000O11O0O1N3N1OPehT2
20140526195834Ch_15,baoX25io13N2N1N1N20O20N101O0001O10O010O0001O01O1O1O1O101N2N2N1N1N01010O2N10100N10L5O0000NN4O02O0OM4N2000I8O001N2O00O200O1N2O001O1O1O1OM3WO_OSRN>Qn1CnQN=Sn1DkQN<Vn1GfQN9[n1e01O2N2N2N1O2N1O1N2L3001OO1001O1K401O1O0O02M20100000O001O01O1O10O10O10O000001O100000O1O1O0001O10000O010O001O0001000000002N1O1O0O3M2N2N2O1O1O1O00000000O10O1N11O1O10O01O00000000000000001OO100001O1O1O1O00O1001O00O100000K510O01O2N1O1O1O1O1O0001O1O1O0000001O0000000000000000000L400001O000O11N10O11O00000001O10000O100O1O1O1O1O1O10O00000001O1O1O1O1O1O1O1O00100000O02Nbd^W1
20140629195814Mh_1,]n`c22mo12N100\PNOXo12ePN2Zo1OdPN2\o1NdPN2]o18000000001M2O1000000O010000O100N11O000000001O00O1N2O1001O0000002N2N2L3O2NURgY1
20140629195814Mh_2,VRa[11mo14M2L4L3O100N1L31N2O1O0O3O0001N02O01O1O001O1O00L400001K40010N100010O1N1N3O1ON3M11000O1N20000O1000M30000O1O11O00O11O000000O20O00O11O0O2N11N11N1M2101O1O1O1N200O0O201N1O3GmPU_2
20140629195814Mh_3,T[aT24ko12JL]PN6^o19M3O0O1O1oLLaUNDcNb0kk1L`UNDcNa0mk1L^UNDdNb0j0WOli1e0dVNCeNc0g0[Omi1h0]VN\OmNi0KOfj1M`VN\OoNo1`j1eN`VN]OoNo1bj1cN_VNQ2bi1nM^VNR2ci1mM\VNT2ei1lMYVNU2gi1lMUVNV2li1kMRVNQ2Sj1PNkUNP2Wj1PNgUNP2Zj1QNdUNo1]j1a19O1O1O1[NPUNjM`k1T2eTNcM`k1]2bTNbM]k1Y2oSN^Me08\k1P2lSNmMQ12Sk1Q2UUNmMmj1R2UUNlMkj1T2WUNjMjj1Q2e1O00000kN\RNKhm12]RNLdm14]RNJdm15^RNIcm15dRN@am1`0o00O1OL501O1O1O010O00O11O0000000O10000001O000L400000000000000000000000L4000000000000000000000O11O00O1nNE]RN>cm1D[RN<fm1EXRN;jm1ETRN<mm1DlQNb0Tn1_OkQNa0Un1@iQNa0Xn1AbQNa0_n1;5O1O1O2K4N2O10OO2O1O2O1O1O1O0O1O1N2O_L_OeWN`0Zh1M[WN2eh10ZWN0fh10ZWNOeh13[WNLeh15[WNJfh16ZWNIgh17YWNHhh18XWNHgh19YWNGgh19YWNGgh1:XWNFhh1;WWNDjh1=UWNBlh1?RWNAoh1`0PWN_OQi1b0mVN_OTi1a0iVNAWi1`0hVN@Xi1`0gVNAZi1>fVNB\i1<dVND`i19^VNHbi18]VNIbi19]VNGci1:[VNGdi1;[VNDei1=ZVNDei1=ZVNCei1?ZVNAfi1`0YVNAgi1`0XVN@ii1`0RTNQOl1>Uj1i0iUNWOYj1h0fUNXOZj1i0eUNWO]j1h0bUNXOaj1f0oSNlNP1<Tk1h0jSNnNQ19Wk1i0fSNPOQ18Yk1X1eTNiN[k1GaSNX1Q1QO_k1EcSNY1m0SOak1BcSN\1j0SOmk1n0QTNSOnk1Q1iSNUOVl1m0hSNUOXl1k0gSNTO[l1n0^SNVOel1P23H6O2O9F2M3O1N6K2[NRRNT1om1kNRRNS1Qn1jNQRNS1hn1D6L2N2N4K5L2N3MUl^_1
20140629195814Mh_4,a\ob02jo1<G2O000O1000001O001O6J1QL[OaXNf0\g1^OcXNb0Zg1AeXN?Yg1GcXN8Zg1:XXNFgg1<XXNChg1>XXNBfg1b0XXN]Ohg1n0mWNSORh1S1iWNlNXh1Z1bWNeN`h1`1WWNbNPi1\O[UN[1a0eNGh0Vk1a0QUNiNGf0Zk1a0mTNkNGd0^k1a0hTNQOBa0nk1g25K2N1O?A4L3M3M6F6N2N2O9G1O1O1N7I6I4C\QNXOgn1f0]QNTOln1`0?K4N2MidfY3
20140629195814Mh_5,e[cV22lo12N2N3O0000O2N2M2O`dhh1
20140707023654Uh_1,Xhb[13ko12O2N2N101O1N2N1O1O1O1O1O1N2J7N100L5I8M1O2O1N2N2O000010O002M3N1N2QO]QN?cn1A]QN>dn1A]QN>dn1B\QN>dn1A]QN?dn1_O^QN`0cn1^O`QN?dn1\O_QNc0Po100O100000O01O2N01O1O100O1O1O1O1O1O1O2N1N1O3M1O2O01N2EUQNZOQo1a0:N2NhWo_2
20140707023654Uh_2,elTg22lo13L4M20001O00000N110IEhPN<Wo1FhPN9Wo19O0001O1000O10O01N200O1O0000000000000002N1O1O1OO1dK]OWYNh0if1ZOWXNNhMg0Rj1\OTXNOhMe0Uj1]OPXN2fMc0[j1\OeWNh0]M0oj1YObWNh1`h1XN_WNh1bh1YN\WNg1eh1YNXWNf1lh1ZNSWNf1nh1[NPWNe1Qi1\NlVNe1Ui1\NhVN`1^i1`NaVN^1bi1cNVVNEXNh1ck1dNQVNd1Pj1]NmUN?Yk1BfTN=[k1DcTN<_k1D^TN=dk1GSTN8Sl1HkSN8Wl1HhSN7Yl1JdSN8_l1:jRNG[m16cRNJ^m16bRNI`m18ZRNLhm1U11N2O1N6F6N2N101oNkQN4Xn1GRRNOQn10PRNNSn10oQNNVo1IoVmS1
20140707023654Uh_3,]hh]27ho12N2N2J6N1O1O1OO10101O0O2O1O0O1O1O2N10000000O1000000O1N200O100O1O10O001O1N101O0100O1O10000000000000002N1O00000000000000000010103NN000010O000O1O1O10O0N4@oPNKUo10VX[]1
20140707023654Uh_4,ehPn22mo12N1M3I7O2O011O00O1O010O2N001010dPNIln16SQNLmn14RQNMmn14RQNMmn15QQNLnn15QQNLnn14RQNMnn1c0000000O11O0000O11O000O1O1O1O10004L000000VQN\O[n1`1C000004L000O1O>@8I5K3NYU_n0
20140707023654Uh_5,djd_24jo14M7I101O3M7I1O0113L1O000031L00O10000000012M1O00O11O00000O5L00000O1O1O100000000O01O01O1O11N1O01O000000001O1O1O1O0001O00001O1O1O00000000001O0000000000O10O10O1O10O2M201O000O1000O10001OO101O000O1O1O10001O001O1000N2O2_OePN9bo1N3LdS_Y1
20140707023654Uh_6,UPam23lo12N2N2M3O0O1N2M3O0010N2M3O0001K13N21O001O1O1O00O1O10000O1O2000O10O10O000001O100N2O1O010N2O2N1OQQ_o0
20140707023654Uh_7,`Pa[1;do12N2O2M=C2O1000`0ZQNfNem1Z1YRNhNgm1X1XRNhNhm1Y1URNkNim1g1O1O1O1O1N100000N2SN]RN\1dm1cN^RN[1dm1cN^RN\1cm1aNhRNT1Un1H601Lfnfb2
20140707023654Uh_8,aPY`0?`o12O103M7JOO10130L00O11O5K000O4M2M100O10O000100O100O02N;E1O10O1O1O10O1O1O001O0000000000000001O1O1O1N1O1O1O10000000O01000001O0O3M2N2N2O1M3N2O01O1N2N2O1O2N2OO00001N1001O001O1O1O2N1O1O0000000000000000000O1O1O101O1N10O01O001O1O1O1N20O01K5N20N1NN401O001N2L5O1M\nfW3
20140707023654Uh_9,^RY]14ko12N2O00000O100O1O1O01O001O11N2hPNHdn1n0L2N2N1M3O1O10O1O1O00O1OI]QNQOfn1:[QN2mn1`0001N100000001O001EoPNFQo1:QQNBQo1=:O1N2M3M3O3Mbnf_2
20140707023654Uh_10,_T__18ao18O0O1M2M31O00M3H80000O1L40O11O0KL9M3001OA`0L4O2MUmn^2
20140707023654Uh_11,QUQc2g0Xo12N3M2M3O1N1O1ND]QN]Oen1<b0000OM5O0001OO1010000O10O10O1O1O1O10001O001N`knZ1
20140707023654Uh_12,]XiV35jo12N2N3L3N2O1O1O5K1O1N4L4L2N1O1G9O1O1O1F:00O1O1N2O1O0N3CnMdRNY2[m1YOeRNVO\m1j0eRNUO[m1j0gRNUOXm1f0oRNXORm1d0TSNZOll1e0VSNZOjl1e0XSNYOil1>bRNTOk07gl1e0`SNXOal1h0bSNUO]l1l0eSNSOWl1<cRNDUo1=61K6H6020O2N4^OejTf0
20140707023654Uh_13,fY_S18fo13O1O1O113L000O110O00O020O0O00001O000100000000O1O1O1O1O1O1O1O100dQN\O[m1e0bRN]O^m1c0`RN_O`m1b0]RN@bm1c0ZRN_Oem1g0oQN@Pn1a0nQN@Rn1W11N2N2N2N2O1I7L4N2M3M3M3N2N3M5K101N4L5K2N2Nldfh2
20140707023654Uh_14,TcQn1;eo11N1O1N20O010O000010O01M2O2O01O001O10O1N1001M2kLLZVN:ei1IXVN7gi1LWVN4hi16nUNLlh16SUN8j1CRi17RUN8i1CTi1a1kVN_NTi1b1kVN_NPi1g1oVNYNPi1h1oVNYNPi1h1PWNXNoh1k1nVNVNQi1n0\UNRO`10Ti1m0bUNPOX14Ui1l0eUNPOT15Vi1k0hUNROo02Yi1IjUNM28F\Od0e0ki1JkUNK39@Ad0b0mi1InUNH3=ZODg0=ni1JPVNF3o0LAQj1IXVN@LW1J_ORj1IYWN^OYNQ1;GSj1JdWN>XNHTj1JeWN`0UNFUj1KhWN>RNEWj1MlWN;cMWOMa0dj1NmWN9_M4cj1DoWNZ1Qh1fNQXNY1ng1hNTXNV1lg1iNVXNV1ig1jNYXNT1hg1iN]XNP1hg1oNZXNo0fg1QO\XNm0dg1SO`XNi0`g1WOeXNd0\g1YOjXNb0Xg1]OjXNb0Vg1]OkXNb0Vg1^OjXNa0Wg1_OiXN`0Wg1@jXN?Vg1BkXN=Tg1DmXNJcg17R41O1O0000001O001O1O0MO4000O2O1O1O1O00O1EoPNHRo18oPNGQo18QQNFPo18=O1O1O2N2Lmcjk1
20140707023654Uh_15,^__`23io16M1O10O1O10O0000000000000000000N20O10]OL[QN4Zn1:[QNJin1e02OO10O1000000O100000L4000001J600O1N2LIfQNoNZn1n0=001KG=O200O1K5N201N`cV\1
20140707023654Uh_16,]]ao22mo12N1N3N3N1N102M3M2N2O1N2O001N102N1N1O3N1O1N1O1O1O100O01O1O2O1N6K1O1O1N2N3L2O2M6Ejblm0
20140707023654Uh_17,Q_Y`14ko12N2N2M2O1O1O1O01O1O01000O01O1OO2O10000O10O100N10O20O3M2N1O10O1O1O100O1N2O0001O1O1000O1N20O010O1O1O10O1O1O0000L4001OO1K5001ON2OI8M3000O0101O001M2N3O2OibnZ2
20140710020754Uh_1,Y^fW12mo1Q1PO10O1103MO000013L000O1O2N01O1O`0@1O1O1O2N4L001O2N1O1O0O3L5KY`[f2
20140710020754Uh_2,PdPk1`0^o14L2M201O0102LY\_T2
20140710020754Uh_3,jehj19fo12SOJmQN7Rn1MkQN3Un12eQNN[n14cQNL^n15`QNK`n17\QNKdn1f0201O2O1N2O1ZOPQN9Ro1DPQN;[o1N2N3N2MiZoS2
20140710020754Uh_4,dfjk15ko12N6J:F100O100000O3LVY_S2
20140710020754Uh_5,_if`25io15L2N1O0N200O1O2K5O1O1O0OM5O0001N10O20L3OO2N2001N20O01000000O1CYO`QNh0_n1\O]QNe0bn1^O[QNc0en1]OZQNd0fn1;001O00000O1O1O2O6J3M1O1O1O2N000002O0O0O101O001O3N1N1000001N0100001OO1001O2N0O1O2L7J2O000000000000000O2O0O1O2N2O00001O00O1N200O2N2N2N1O1O1O2N1O1O1O1O1O101O001O1O0O1O2N1InPN_OSo1?8O2N102M101N2OWWWW1
20140710020754Uh_6,_id]35io16K<D2O11211MN1O03O3NM00005M1NOO1O5H6J4N4LXUo`0
20140710020754Uh_7,QkP_31mo13N200O:F3M3N10N100O1O1O1O1O1O1O100O10001OO1001O00O01O2N0010O001O1O01N5IVTe>
20140710020754Uh_8,dSif27_o1:O1OAlPN2kn18>1O01O1M2G`mbX1
20140710020754Uh_9,`ZiR1<co12N1L4SOGjQNb0Un1@iQN`0Xn1AfQN`0Yn1BeQN?[n1c0O1O1M2000@hQNYOXn1g0jQNWOVn1i0lQNUOPn1g0h000000HM;O1000TOYO_RNd0em1^OZRNa0gm1@WRN`0hm1CTRN?jm1l00O101O00100O2N3M1O1O00KAd0H80N2OM4O100O0O111O2N3I8JWiji2
20140710020754Uh_10,XXQU24ko12N1N1O2O01O3Log^j1
20140710020754Uh_11,PYYU2?`o12O1M3N2N200O11O0000004M0N010010OO01001O00001O2N000000000000O1O1O1O01O1O1O1000000000O1O1O10O100OmQNAel1?ZSNCfl1<YSNFfl1<USNFll1;QSNGol19PSNHPm19nRNHSm17lRNIUm19`RNObm11\RNOfm10YRN0hm12URNNlm1R12N1O2N2J7M2N3M9C9J3N2NPeVf1
20140710020754Uh_12,m]ij1:eo12N2N2F>J2N2N2N2N2NB[QNDcn1<_QNC\n1=kQNATn1>PRN@om1`0TRN^Okm1b0WRN\Ofm1c0m0000O1MK8000O1MO4000100000000O1M3M3000000O01O000000000OM5O0001N200O00000010O100O1N20O1000O10O1N200O1O1OO101O10O1000OO1N201O010O0100OO01O2O0001O1O00001O001O00000000000M30000O1I7001O1O1K5O1O001K401O100N2M3O1O000O2Nme`m1
20140710020754Uh_13,Q_Qa22mo12O1N2N2N2N1001O0000O1000000000000O1O000001000O10000000O10O100O1O100000O1O0001OO101O10000O01O1OO10010O01O1O10O1O0010N101O1O1N10OGBSQN;Po1GmPN;Ro190N3M200000000001N2O010N2N2NLoPN\OQo1d0RQNYOln1j013001001O0100N101N3M10000O1000O100O010N2N11N10M3K32N20M3O1001O001N2N2O000N201O10O01N2OO2O00O2OO2O100O000O0101OO10O2N11O0O01O2OO1000O2002O1O1OO100O5K2O0O1O1OO1I8N3N2M3N2N1O1O000000O100O1O1N3O001O1N01O1O100O001O001O001N2O]OXQN0gn10ZQNOgn10[QNNfn1N^QN1cn1KbQN2Xo1O3KUd^R1
20140710020754Uh_14,i]gn02mo12O0O2L3M3O1O1O1^Ob0O1O11N1N3M2O2N9YOZcTP3
20140710020754Uh_15,o`SV14jo12M4N1O1O1O1N2O1O1M2O1001O1O1N2N1010O0010O001O1O0001K4000000L4001O1O1O1O10O100000000000O2O01O1O0000O1O1000000001O001O001O00O101N2N2O4KR`de2
20140710020754Uh_16,]`_j03jo15L3M2M1L500001O1O100O3HY`fT3
20140710020754Uh_17,QcQg25jo12O1O<C101O0001O0O100000000001O001O1O1O2O0O10O1O01O0O1O1O10O0100O1O1O01O1O01O1O00100O100O1O10O001O010O10O01O001N101O10000O10O0O10010000O10O100O0000001O1O1O01000O100N10O2O001O0001O0100O1O0010O1O1O10O001N11M2I60O3O000O100000100N10100O01N1K4M301000O101N10100JZQNQOgn1k0_QNSOan1k0901K6N101O000K6O2N3L4Ig_RP1
20140828080414Th_1,g_Pc25jo11O2N2O2M101M3N2N2N1L4O1O1O1O1O1O101O1O1O1O1O1O1OSO`QN;_n1CcQN>]n1@eQN`0nn14MOO1O1O6J0010104LO001160JNO1O1O9hRNdNYk1^1eTNdNZk1]1eTNcN\k1]1aTNeN`k1\1]TNeNck1\1\TNdNdk1]1ZTNdNfk1_1VTNbNkk1`1\SNWN8=]l1[1XSN\N99al1[1TSN^N99cl1d1ZSN^Nhl1b1TSNaNml1_1PSNcNPm1V21O100O001N>B3oMbRN[1_m1cNcRN]1^m1aNeRN]1Tn1K1N20O102N0000N3N1O1N2N2I7N2N2N:D5K4N2No\_W1
20140828080414Th_2,Y`Xc16io12N1O1J6O100N2O100O2N2M3O1N100O1O1010001N1O1O1N2O0O2N101O1O00O2NiWNWOZa1h0e^NYO[a1g0e^NZO[a1f0c^N\O\a1j0lXNfNKd0h3M`c1j0kXNhNKb0i3M`c1k0iXNhNLb0j3Kac1n0cXN1g3ROhc1m2h[N^MZd1c2d[N^M\d1b2c[N^M_d1c2\[N`Med1h2\ZNnMee1R2YZNoMhe1P2XZNQNhe1n1XZNRNQf1JlWNOS27Rf1EPXN3a0_N>i1Rg1CQXN5<bN?h1Sg1ASXN=HeNP1`1Sg1lNoXN_1oNgMb0R2_g1fNSYN`1jNjMc0Q2`g1cNUYNl1YOCbg1_NVYNQ2TOBeg1\NZYNZOgN\5mg1XKgYNh4Yf1UKjYN[4TN`KSh14jYNZ4UNbKRh11WZNn3jMQLQh1NVZNm3mMULmg1MWZNl3mMXLkg1LYZNJjMb33iLjg1J^[Nf2gLkMag1_Oj[Nd2eLnMag1]Ok[Nc2eLQN`g1ZOn[Nd2bLTN`k1j1`TNZN^k1d1cTN\N]k1c1cTN]N_k1a1bTNbNWl1a0kSN_OVl1>kSNBUl1=lSNCTl1;mSNFTl1MZSNVOc0m0Sl1HcSNUO<S1Ql1SOZSN8U1e0ak1oN^SN4LKW1R1Wn1[O000O010O100O101O0O10O110O00O13M1O000004MOO100001OO1O1O5JoUmU2
20140828080414Th_3,ial`04io1;Gj0WO2N002O5iQNdN^m1]1`RNeN`m1[1^RNfNcm1]1WRNgNjm1i1N000012NO00O15[RNnMSm1a2iRN[M:0G5Ql1^2lSN_M:0F6Sl1c2UTNfMkk1]2PTNeMPl1U31O101O8LL0000O11O00O02kSN\Llk1n3N000O001O00101O00001N2N[MXTNW1ck1gNaTNQO;V1Sk1HeTNoN:Y1Pk1FiTNoN9[1oj1BlTNPO<Y1hj1EnTNPO<[1ej1DQUNoN<]1bj1CTUNnN<_1`j1AZVNk0Yi1TOiVNl0Vi1TOkVNk0Ui1UOlVNj0Ti1VOPWNf0Pi1YOSWNe0nh1ZOSWNe0nh1ZORWNf0oh1XOSWNg0mh1WOVWNh0kh1WOVWNi0ih1WOWWNj0nh1PORWNQ1oh1lNSWNT1lh1lNTWNU1lh1jNTWNW1lh1gNUWN[1jh1bNXWN^1hh1bNXWN_1gh1aNYWN`1fh1`NZWNf1`h1YNaWNg1_h1YNaWNh1^h1XNbWNn1Xh1RNhWNo1`MoM\j12TXN9bMo0LhN^j1NUXN:eMY1Wj1ZNUXN<fMZ1nl1dNdSNn0Zl1QOjSNm0Ul1ROmSNm0Sl1ROnSNR1nk1mNYTNo0ek1PO]TNP1bk1oN`TNP1`k1POaTNP1^k1POcTNo0]k1QOdTNo0[k1QOfTNo0Yk1QOhTNo0Wk1QOjTNn0Vk1ROkTNm0Uk1SOlTNm0Sk1SOnTNm0Qk1ROQUNn0nj1QOUUNn0jj1QOWUNo0jj1oNXUNP1nl1N0010O1O1000O0O2O0O2N1000000001O1O1O01O1O1O000000O101N2N2O1N2N2N2N2O1O1OXObQN1[n1KjQN5Un1JmQN6Rn1JnQN7Qn1HQRN7om1GURN7km1HVRN9jm1EYRN:gn10000O00100O1O01O2O0O1O01O2OO001O2O0O10O100O10O3O5J000O1O10O011O20N1O001O1O00O110O2M10023OM0N0101O00O1001>A0O1031OM0000O1O3N0O102O0N10O1O1O10O10b0^O000O01O000O2N2N2N2O1O1O1O1O10O02O00O0O2B>N2N2N1O1O2N2N2N3L3NdRao2
20140828080414Th_4,Rg`Y31no12N2O2N001O100O1SQN0im10URN2km1NSRN3mm1NQRN4nm1MlQN9Sn1HjQN;Un1FhQN=Wn1DbQNd0Qn1TORRN^1lm1;O2N2M4N0O2N2J6N2N2N2N2N2O10O110OO01N1K6L3O2EdRNmM_m1m1=N3N1O1B>L4E[QNZOfn1e0\QNVOhn1f0;M21O1O1O0101O1O1O1O011N1O0002N1O1O0L6I7M2O10000O01O1O1N2N2N101O1O10O2N2N1O002N100O1O010000O0O1O100O100O1O2O04L2N0001N2N2N2O1O100000010;FOOO010O100O2M4M1^Ob0N3L_X_>
20140828080414Th_5,mjXm22mo11O2L3M3O10OO10001O000O1001O00O1001O1O1N1N4N2NiUWQ1
20140828080414Th_6,imno12mo12O0O1O1O1O100000000O1O1O1O10000000O1O100O10O01O1O1O0001O10000000000000001O000000000O100O100O1N2N2O10001O001N1OO0O3N10000M301O100N101O01N200000O1O1O1O010000O1O0001O1O1000O1001O0000O2O00000O100O100O100000O10000000000O1O1O101001OO1O01O0000003N2OOO01O1O2N01O100O1O100000000O01000O10O000010O11O000O00000000002N1O001O01O00001O2N000000000O2N1ePNEon1=oPNFon1;PQNFPo1:oPNGQo19oPNGPo1;oPNEPo1f001NDTQNGkn17WQNJhn15YQNLfn13\QNLdn13^QNLbn13`QNL`n13bQNL^n13dQNM\n12dQNN\n10hQNOUo100O010O001O1O001O001NhQgc1
20140828080414Th_7,UPQR1>ao12N2M3M:G2O1O0000000O1O100001O1M3N1000001N100O1O1O0001O1O1O1O0XOWORRNQ1nm1SOnQNm0Sn1TOkQNl0Vn1>1O2N1O2O000O1O00001O1N2O1N3N2N3Mc0]O4L2N3MUP_j2
20140828080414Th_8,mTij2:Zo1InPN9Po1InPN9on1>K5N2O01O1O0O2O1N=UOdPN9co1O1O0O3N1O00010O0001O1O001O01O2N1O1NhjXS1
20140828080414Th_9,dTQ_38ao18N10000O011001O0000O11\1cN00002N?A000024NNN00008H0XNWRNX1im1eNZRNZ1gm1cN\RN\1Yo1kN1O1O1O1O1O1O01O0000000000000000000O100O1O010O10O1N200O1O1N2O2NhhV=
20140828080414Th_10,XUYm06jo11N2N1O1O10000000001O00000001O1O1O001O0O100000000001O1O1O1O000000000000000001O100O1O0001O1O1O00000000000000000000000000000010013K10O0O100O1O10000O100000000000001O000000O100000000001O2N0010O1O1O1O000000001O00001O1O1O000000000000001O00001O1O1O0010O1O1O1O001O1O1N100O2M20001O2M101O1NPjli2
20140828080414Th_11,a]Wa22mo12O0O200VPN0bo1>I1000N2O001O000000O1O1O1O1000001O000000000000O1000O1O1N2O1N1N3O1O1O100N1001O100000O1O1O1O1O001K13N21O1J5010000001O000O100O1O1O1N2O01O001O1O1O1O1O100000000001O5K2N00O001O00011O1O1N1O00O11O000O10000N2O1000000O1001OO2O100000OeNeNSTNY1ok1gNQTNX1Pl1iNoSNV1Rl1kNlSNT1Vl1mNiSNP1Zl1QOeSNn0\l1ROdSNm0]l1SO^SNQ1cl1oN[SNn0jl1ROVSNm0jl1UOTSNk0ll1WORSNi0nl1ZOaRNT1_m1mN`RNS1am1nN\RNS1fm1c01M3N2N102M2N1O00LK9O100O1M3N2000OL6O00O2I7O1O1N1000L500O1N2O1O1O0L5O1OM3N21O1O1O0L5O1ON2NF<000000000000000000001A=10O1O1G82O00N2NO300000I34ChQNROYn1n0iQNQOUn1m0PRNQOPn1k0d000001O00G:01N5^Oei\Q1
20140828080414Th_12,][aW13lo1101O001O1O0000O1O0100O1O010O10N2O100O1000000000000000000000001Nhd\f2
20140828080414Th_13,\]ib18go11O2N001]QNJ\m16cRNL\m14cRNM]m13bRNN_m11[RN5fm1JYRN7hm1HVRN:jm1FSRN<nm1DlQNa0Un1_OiQNb0Yn1^OcQNd0^n1]O]QNf0dn1:2M201N2J6N1O2N5AiPNJ]o1O<0Xb`[2
20140828080414Th_14,ecYV29fo12O1O2N:E2O1O001O0O1O2N2O2M1O2N1O101O00010O01N2O000O2O0O1N201O1O1N2O1O5K100O1N2O2N1O1O1O001O0O1O1N2O2Mm[^f1
20140907195814Mh_1,QiPX33lo12N2N001O001O0L5O00000O02O0001OO2O01N2QLJSXN7kg1KTXN6lg1KRXN7lg1NoWN2Rh10_VN_O\Ob0Uj10]VN@\O9jNI]k1?\VN_O\O:lNF]k1a0[VNAYO8QOD\k1c0YVNKhN5Xk10PVNLfN4[k10oUNMdN3_k1OlUN0cN2bk1MiUNS1Zj1lNfUNS1\j1kNdUNU1]j1kNbUNV1^j1jNaUNU1aj1kN^UNU1cj1kN\UNU1ej1kNZUNU1gj1kNlTNFQO[1Xl1oNfTNHPOY1[l1POcTNIPOW1^l1QO`TN[1ak1fNRTNe1ok1\NoSNd1Rl1]NlSNc1Vl1]NhSNc1Zl1^N]SNd1il1\NUSNd1ml1f01O3I6N2N1O3XOfRN]Nem1]1a0O2N6VOh0K4M2EfPNMWZQd0
20140907195814Mh_2,ilh\12lo14M1L2M311O000000O11O00O100000O1O101M20O1M310OO0101OO2N0100000001O1O1O1O001O01O0010O1O1000O001O0001O1000000O100000O010N0110O1000000000000O1O1O1O2O0OPUa^2
20140907195814Mh_3,]mjQ26io12M2O1O1O10OO1001O100O0O20O0O02O01O0M4O1O10O001O1O000O1M4O2N\SWl1
20140907195814Mh_4,bRQV36io12N1N2O1O0100000000001O00000O3N1O00103N1N00O110O1O0O111N0O10O00001O1O0_VNAac1`0Q\NNnc12Q\NOoc12o[NORd11k[N1Vd1OkVNAY4d0Qe1IdVNEY4a0Ve1J`VNFW4a0[e1IYVNJU4c0fe1NQZN5Wf1IhYN5[f1LdYN3^f1L`YN5ff1FUYN:Qg1GlXN8Wg1FiXN:Xg1CaWNBiNl0ii1^O^WNJlM40g0lj1ZORVNDO8RO5Ob0Sk1\OlUNGN8RO5Oa0Uk1\OiUNH0n1Xj1\N`UNL8a1_j1cNWUNN9\1dj1gNPUNO<Z1ej1gNlTN2;Y1kj1GRUN9Rk1FmTN8Wk1GiTN8Yk1IdTN7^k1IaTN7`k1I_TNJBlNQl1Y1\TNKEjNQl1^1RTNJOgNUl1j2TTNRMok1i2g0O1N5I5E:M3NP1PO4K3N1Oajnd0
20140907195814Mh_5,XVcd03ko13N3Mk0VO1N2N3H:L2M2N2M4N1O1OjNTRN9km1F^RN3am1LbRN3]m1MdRN3[m1MfRN2Zm1MjRN0Vm1OmRNOSm11nRNNSm10nRNOTm1OSSNFSm19[1N2N3LSjdY3
20140907195814Mh_6,iXi_28go12N1O0K51O000O1K5O11O0O011O0O2M3O100O01M1O30O0L4O11O2N:FRh\^1
20140907195814Mh_7,dYi^2;do12O1M3L5M2N1O01N1N3O2Nff^`1
20140907195814Mh_8,XZ]W33jo13O1O2N001OO2O101NPfng0
20140907195814Mh_9,T\gV16io12N2N1O10OjPN3[n1LeQN6Zn1KdQN7[n1L`QN7_n1j0J2O103L6J1O1O1O1O1O1001VNcRNV1Qn1O0O112M000000001O00002N1O00O11O0000000000000O1O1000001N2N1O3N6I7I1000000O100000000O1O1O1O1O1O2Lk`ld2
20140907195814Mh_10,]\Yl07ho14M001O1N2O0000O0O2N2O4HhclR3
20140907195814Mh_11,U]QU37ho12N1O1G9O010N10000001O0M3O101O1O1N2O1O1O1O1O2N1Nac\i0
20140907195814Mh_12,abi]25jo12O1N1N3N1000000O101N2M3O0O2N1O2N2O1N10001N1M3N2O100000O10000O2M3O0O010O0CRQNIon16SQNHnn17TQNGmn18>O100000000000000000000000000000000O10000000O1000000N2O100O001O1O001O1O2N10O100O100O0100000000O2N100O10O1000000N2O10O1000O11N1N20000O100O1O0N3OO100001OO1010000O1000O10O1N20000000O1O100O0100O1O1O1O101O2N00O100O10O001N1BfPN6[o1JgPN4Zo1KgPN5Yo1IjPN5Wo1IkPN7_o10L4N2O1000000O11O001O1O10O01O0001O1O001O01O1O001O000000000000000000O10000O1N200O10O1O000100O100O1O1N2O2O0L3C^OZQNf0en1;O001O1O1000O1O1O10O1000O10000N2O1O100A\QN^Oin19c00001O1O01^PNE]o1>2O00O100O1O1000000O101M3N2O1N1O1N11IoPN_OPo1a0QQN_Oon1a0RQN]Onn1c0SQN]Oln1d07O2IfPNF\o19600O100000O2N1O2N2O1O1O1O1N1O1O1O1O000L5O10O00000000100N101O100N2O1O10000000O001OO2M3M3K5N1001O0010001O001O0000000O1O0N2O110O10000O100O2N2O0O2O000O1O1N200O01O0001O01O1C=O001OO01I8O1O1O1O101NTbnk0
20140925195834Ch_1,^iPR1:eo12O011O0O010O1001OO1O1O:G0O0000000000000000O100M3L4000000O100000000001O0000000000O1001O0000001O2N01O1O3M2N01O100O1O0100O1O1O02N1O000000000100001N100O3M6J1O1O1O1O1O1O1O5K1N2N4L<D2O000000000O01I7M3O100N3M200O1C=O1O0101O000N3N2O1O000000001O1O1O1O0000000001O1O1O10O1O1O1O10O9SOTQN6kn1EZQN;fn1C\QN<en1C\QN<Uo1O1O10O002N1O011O000000000000O01O0000001O2N0O2O1O1N2N2N2N2O1O10O1O2OO1001N1O100004L00O11O00000O1O1OZOUQN8jn1HWQN8hn1IVQN9in1JWQN8dn1G^QN9`n1I_QN8`n1e0O5K1O1O1O5L0O000000000000N2N2O11O0O101N2M3O1O1O002N1N101O0OUOYRN@fm1`0ZRNAem1^10O0010004L000O1O9G1O10008IOO10004SO`QN1an1LaQN4_n1KbQN4_n1JbQN6bn1E_QN;dn1_O_QNa0Po101O1O1O10O1O2N0100000O10O002N1O00010O000002N1O0001O100O0000N3N2O10O1O1O00001O0000O1000000O1N20000000000O2N2M3O1N1O1O1O10002N2N001O1000mN[QNj0en1TO]QNl0dn1QO^QNo0mn1ROZQN;Wo1O00O02O000O000O1O2O1O1O001O02N1O000000000010000000O01000O10O1O01O010001O0000O2O2N1M]PYW2
20140925195834Ch_2,clf_25io12O100000000O1O0000001O1K5O0010O1O0N201O001N1010N2O10O10000000O01O1O1OO2O100O1O1K5O1001O001O00ZOEcQN?Tn1k0N20000O1001O1O1O2N1O1N1O1O2N2O5K1O1O0O2M3O1N1000001O0000000000000001O0000001O1O1O000000000001O1N2N2N1000000O2O1O1O1O00000000O1000001O1O100O01O1O1O10O1O2N1O0O100RQN\O`n1d0_QN^Oan1a0_QN_Oan1a0_QN@`n1`0_QNBan1<`QNE`n1;_QNF`n1:`QNFan1:^QNFbn1;^QNDcn1<\QNEcn1;]QNEdn1:\QNGen18ZQNIen17[QNIen17[QNJdn17[QNIfn17YQNIgn17ZQNIen18ZQNIen17\QNJbn16_QNIan18^QNIan16^QNN`n12_QN1_n1OaQN2^n1NaQN3`n1L`QN4an1K`QN4an1K_QN5an1K^QN5cn1c02M2O1O10000000000000100000OZOVQN7jn1HVQN8jn1HVQN8ln1FTQN:mn1DSQN=nn1_OUQNa0ln1\OWQNc0So1N2O2O001N101O1O00010O002O00O1O01O00000000000100000000O1O1O1O1001OO10000000000O1O1O1O1O11O00O0000O2N1O1O100000101N001O0001O00O101O1O0O02M2O1N2O2N3M1002O2M1O1000000O1O1O1O1O10O00001O1O10O00010000O10O00000010O1O3N00002OO0000O110O00O1O5H4L4N2NdQ_m0
20140925195834Ch_3,]lZf03lo12M4@?N2OON3M20O200O1N1O2O1O1@`0O0001O100O1O1O1O1O1O000000000000000000000001OO10N3O2NTUoV3
20140925195834Ch_4,XmXS26jo11N1N2OO20O1O1N110O1O1N02O0001OO100010N0101O00L4001O2O9F3MXSkj1
20140925195834Ch_5,]nf[22mo12O000O100N200O10000O1O1O1O1O1O0000000000000000000000000000000000000000000000001OO100001D<O001O01O00100O2F=J2OKL`PN3ao14101O2N2M\S]`1
20140925195834Ch_6,RQoa06go19H3N2G:XOm0H2N3L7POXNXSNP2el1TNVSNo1fl1h0K5E<M2N1O4H8LcMaTN<^k1CdTN<\k1CfTN<Zk1gNhUNT1Xj1kNjUNT1Vj1kNlUNU1Sj1jNnUNW1Rj1RNeVNn1gk10O01O000001O1O1O10O00001O011N2N3M1N2N;TOg0G6N1O2N1O1O1N8GVndZ3
20140925195834Ch_7,YTQk13lo14M0N1PO2mQN0Sn12jQNOVn13hQNNWn14fQNNTn1S1N2OO1O1L4M4N101J7J4O2M7ZO\mdS2
20140925195834Ch_8,]YYP22lo13O1L7J?B2N2M2N3M2O2N3N2N1N1O0O]OgQNBZn1<iQNCVn1=lQNBSn1>oQN@Pn1b0WRNUOjm1k0e01L4O1O100O1000O1000O1O10O00100000000000O1O1O1O10O001O1O1O1O1O1O1O1O0000001O1O1O1O1000000000000001O1O1O1O00O1O1O1O1O1O1N20OKjPNAVo1>6O2O0100000OO2O1O1000O1O1O01000O01O1O1000000000000O1000N10100O1O1N20O1O10O10000O1O1O10000000000000000O100O000001O10O10000000O1000000N1001O1O10000000000O1O1001O001O00O1N200O11O000000001O001O00001OO1O1O10O010N2O10000000000O10000000000000000000010O1000000O1O1O10O1O1O1O1O000000001O1O1O1O1O4J]h\a1
20140925195834Ch_9,QXim06io12O1O1O2N001000000000009G000O4L5K1O100WQNQObn1Z1MO0O04M=B1O1001`0^O010O110O001N3bXN`MXa1g2[^NeM^a1[2`^NgM`a1Y2_^NgMaa1Z2\^NhMda1k2c]N[M]b1f2a]NQMaKEnf1^3]]NlLgKDnf1e3Q]NkL[c1_3W\NcLic1^3U\NbLmc1^3Q\NcLPd1_3l[NaLWd1d3`[N\Lfd1`3Y[N_Lid1b3U[N^Lmd1d3nZN\LVe10VXNj2Y2WMde1MUXNk2V2XMge1KUXNm2S2WMje1KTXNn2o1XMoe1JSXN]3P1XL_Nh0`h1BRXN^3m0UMSg1\OQXN_3j0UMWg1\OPXN^3g0VM[g1\OXXN?WOl1c0aNPh1TOVXN:^Oo1:cNTh1SOUXN9_OQ27bNWh1SOTXN8_OW2E\M0S1jh1QOoYNZ3Wf1eLjYNY3Xf1eLjYNY3Xf1eLjYNY3ai1Hb0@401N3H8L3N2M6I4N1O2N1O1O1O1000010O1Od0]O01OO1M7J2M3O1M4FYaTl2
20140925195834Ch_10,aZaW2?`o12O1N2O1N2N10O0O2O1O1O001N2O00O110O1M3K5O1N2N2N200O1O0OO2]OTQN0Po10PQN0ln1c0O0100001N20]OVQN0in10YQNNgn13ZQNJfn12f000000001O0000O11O0001N02O0001N02O000000001O10000O100N2O1N1010000000000000000O10O11O1NagVc1
20140925195834Ch_11,mXeb13mo1OO2O1O10O00100O2OWgf\2
20140925195834Ch_12,UZgi11ko14O2OOO2O1O01000O0100O00O1001OO1001O01O0O11O0001O1O100O01N11O0O1O1001O1O1O1N2O2NlffS2
20140925195834Ch_13,YYk\34lo12M1O1N3O01N2N2O0O2Nhf^b0
20140925195834Ch_14,YZ[`12no10O1N2O00010O1O00100O010O000O2O01OO1001O00000001O001O1O1O1O000000001OO101O1O1O002N1Oifn\2
20140925195834Ch_15,RZU[31go1>H5L2O0001O00001O1O1O01O2N2N100O000000000000000000000O10000KXORQNh0mn1ZOQQNg0Ro13O001O1O1O001O0000O101O1O3M2N1O002O2M1O2N2N1N2O002N1O01O00100O1O01O100O01O100O01O100O1O011O000O01O0010O1N3MQe\?
20140925195834Ch_16,a_]m21oo11L3O1O101O000O100O1O1000O1O1O1000O1000O100000O1O1N200O1O0H7110O0100O010001O001O0O1O2O00O10000O10O1O1N11O00O2O00N3M3O1O1O1N02O001O1N2M20M3L40O11O0I6101O2O1M2O1ON3@=2M4000000O10M3M1100001OO1000000000000000000000L04000000L400000O11O0000OM5N1000O0101OM3J5100O10001O002N1I8K4N4Lkdni0
20140925195834Ch_17,m\if0915Vo1a0I2M4J6M2N1O00_Oa0N3N2N2G9O0000O11O0001N200000O1O1O00000000000000000000O1000000001O001O2N1O1O1O2MYdTV3
20140925195834Ch_18,n_Yi16io12N1N5K4M4M1M3N101N001O00001O001O10O001@`0L4O01N20O01O000000001O1O001O0O110O010O00O200O0O2N2O2N1O2N102MUa^S2
20140925195834Ch_19,eaYP26io12O1O1N6UOB_QN1O>^n1E`QN01<]n13]QN2an1i0N2M2O3L5K2O101O5J1O0O3MlNdRNGZm17lRNFSm1:oRNFol1:SSNFhl17PTNYOnk1c0YTN\Oek1e0\TNZOck1f0_TNXObk1>T201O1O2N2N0001N20O0000O11N1001O0010O1O100O1000000O10O10N2O10N2O100O1M4I8M1O11O1O1O000O1O2N1O10000000000000000000O100O1N200000O1O1O1O1O001O1O00OM5O1O100O1O0001O1O001O000001O1O2N1O2N2Nj`Vh1
20141009195814Mh_1,ibbf22no11N7J7\PNGSo1d0N100000000_Oa0N201OO2O8G4CWQNZOmn1d09O1O0O2N2O1O2N1N1O1N2N5KV]aW1
20141009195814Mh_2,XeXX1=2KUo1b0O0001O01O010O1O10000=C1O00O1O1O100O104L000001O1OO1002N2NO0000010O01001OO10O11O00O000000001O0001O000000000O101O0001N10001O1O10OiPNCkn1=TQNDln1=RQNEmn1h0N3N00001O000001O100000O203L0O100mQNhN\m1;RRNd0:VOam15VRNf07WObm13XRNf04YOdm1OYRNl0LYOZn1W15KO10008IO0O011N100O0O10000O100O2O1N2N3N2N0O2O6J1O1O00000001O1000SOUQNd0So11O1O2N1O0110O0O10O11O0000001O3MO10053H000008LL000004L0000004L000O002N1O10O1010N01O100O1O0104K1O1O11O00O10O1O1O1O1O1O5K1000O10O10O00000O11O001O0001O1O1O1O1O1O1O1O000000010000000O000000001O1O1O10O1O1O1O1O0100000O00010O002N1O0001O1O1O1O00000000010O1O1O01O100O0000000000000000000000001O000000001O001O0100O1O1O002N1O00001N10000O100O100O2NhSeU2
20141009195814Mh_3,ajPh26io12N1L3M20110IHhPN5hm1F[SN?Pm1EnRN<Qm1EoRN:Rm1HhRN<Wm1JRRNF3b0mm1InQNG3`0Pn1JkQNH3>Sn15lQNLTn14lQNLTn14lQNKUn16iQNJXn1n03K5M3M2N5G8L2N10001N1O2N5E;IRWkU1
20141009195814Mh_4,ijXW22mo12O002N6J1O003O1N00O002O0O00001O01OO1O1N2O0100O010001O000010O101O000O3M2O0O10001N10O221MO00O1O1O1O1000000000O1O1O1O1O103M0000O2N1O10004L000O100O1O10O1O1O000000000001O1O1O1O0000O10000O1O100O1000000000000000000000000000000000N2O10000O10O10000O1O100O100O1O1O1O1000O1O1O0001N20O1O1O1M3O1O1O1O1O1O2NPT__1
20141009195814Mh_5,Pkhg2;co13O02MQUoW1
20141009195814Mh_6,YRiY24ko13M1OOPO2oQN1Qn10mQN0Sn14iQNMWn18cQNI]n19aQNG_n1:`QNEbn1;\QNFdn1l01N2N1O1O4L1O1O1N2N2N1O1O1O1O1O10001O001N2N2N1O10N200O10O1O1O1O100000000000000O2N\nnb1
20141009195814Mh_7,bTQb31mo1:G2TQNIkm1:_QNI63Xn1V1M6J1M3ZNUNSUNn1ej1\NYUNd1gj1^NWUNc1ij1^NTUN\1iNYNUl1`0lTNa0Ql1BkSN>Ul1DlRN\Oi0o0[l1LcSN4\l15[SN@BAVm1U1PSNZO[m1j0aRNWO]m1h1OXNgRNm0Tm1TOlRNo0Rm1POnRNR1Rm1lNmRNV1Sm1k02O0O1N1N3K4`N^RN?fm1_O]RN9lm1DTRNIbn1L]QNH2:fn1F]QNNO:ao1Hdlf;
20141009195814Mh_8,iSYW1b0]o12N1O2Bc0I3N0N0ON4O100O2]O[QNDln1;XQNAhn1?ZQN_Ofn1a0\QN]Ocn1?b0L31O00O101O001O1N200O1N1O2M]mhf2
20141009195814Mh_9,nWaQ31no14L2N1N2O2OO00O01O1000K50O20N1000O20N10O2O0000000000000000000000000001J600O1N1J33O10O2OO1O11O00L401O1O1O1N11O0ON4N1001OO10000000000000000000000000000000000010N0101O100N101O01N20O100O1O100O1001O0O1O1O1O0100000001O1O1O001O002N3LPkZg0
20141009195814Mh_10,jW_Z14ko13N1N2O100O1O1002N1OO1O1O10O0000O10000000000000000001O010O1O1O01O100O0000000000000000000000000000000000000000000000000000000O1O000001O1O1O1O0001O1O100000000000O1O1O1O10000000000001O001O1O1O000000O1001O00000000000000000000001O000O1O1ON201O100O1O1O1000000O2O1O2M2OShX]2
20141009195814Mh_11,[Xia16ho130000O01O010O2N1O001N`g^]2
20141009195814Mh_12,a]a\1f0Xo13O1M100100O1O2O1N10L30O11O000H8000001G8000001L4O001N10_OlQNTOWn1a0j0O100J501O01L4O1O1N10L400001OO1000000L400001O1O1000O1N20O00000001O100000O1O000000001M3N2O1N1O1001ON21O1O0000OM5O00N2N2000000OM5O0000OM5O000000001O001O1O1O100000000O1O1O2N10001NTfR\2
20141009195814Mh_13,d]Yj27io11N2N2M7PQNFPn1<mQNFRn1;lQNFTn1;jQNEVn1=gQNDZn1<fQNDZn1=dQNC\n1>cQNB\n1Q11O1O1O1O1O0101O5K1O01N1O1O0010OO0100100N2O1O10001O000O1O1N201N2J6N0001OO2OVOYO\RNg0bm1\O[RNg0_m1A\RN?gm1CVRN:mm1IPRN8lm10oQN0lm1T1000001N02N11O0OhNQRN`0Qn1_OVRNHOLnm1=TRNE0Ljm1a0XRNA2Ifm1f0\RN^OSn1c0nQNZOSn1f0nQNYORn1g0nQNZOQn1f0mQN]ORn1c0nQN_OQn1`0oQN@Qn1a0mQNAmm1d0SRN\Omm14kQNL4GJ8Xn13oQNML6Rn10SRN`0gm1D[RN;dm1E^RN;`m1DbRN;^m1EbRN;]m1AhRN?Xm1@jRN?Wm1@iRN`0Vm1AkRN>Rm1BRSN2TOHmm16oRN1[m1NfRN1Zm1OiRNNWm11[1O3N4Moefo0
20141009195814Mh_14,P\i`23ko13N1OOO0210O2MYdf^1
20141009195814Mh_15,m\Ql16io12N1L4F:O1O1O00K5N201O0K50001O1O1O1O1O1N2O101Nlc^R2
20141009195814Mh_16,a^mc12no10O2O0O1O1O1O100O000001O010000000O1O1O0010O1O01O1Nma^Z2
20141009195814Mh_17,R_gR24jo17K1O1O02N1O100226F1O0O3M?A1O2O1O00000003jN[QNR1fn100000001SOVQNa0jn1^OWQNa0ln1[OVQNd0To1O1O100000000O104K1O10O1O1O0001O1O1O1O000000O1O1O1O100000000000000000001O000000001O1O001O000000O100N2000000O01O1O1O100000000000000000000000000O01O1O0001O100000O1O1O0001O1O1O1O0O0F^OZQNb0dn1AZQN?fn1>O100O1O0O020O00000000001OO101O0100OVOXQN>hn1AYQN?jn1^OVQNa0Uo1N200O00O11O0001O1O1O1O1O1O1O1O00O1N20000O101O010N2O00\O\OlQNe0Tn1^OhQNc0Yn1^OeQNb0[n1@cQN`0]n1BaQN?]n1E]QN=en1>0100O1O1O011O0O10O01N11N200O1J6O1O1O1O1O1O001O1O1O01O1O1001N2N2N2N100O1N2O1O0G8O3O2N101O0O10NN3100laX_1
20141104195854Bh_1,^\V]2147^o17N2N2O3L4L2N2O1O1O001O1O1O1O01O5K1O10O01O1O1O1O2N1O1O12N2N00O0001O0001O1O1O1O1O1O1O1O1O1O1N2O000000001O1O4L1O1NabW_1
20141104195854Bh_2,Rgfn07fo16L1O2N1O2O1N1O100O107J_OnPN3co1M0O000000000000O10000O1O1O100000000100000O10O00000001O002N1O002N1O1O00001O0000O2O1O1O0O1O2N1O100000001O1O1O1O000000010O1O1000O1O0000000000001001OO10O0000000001O000000110OO010O01O1O1O2N1O1O000000O1O2N3N001N2NlWoi2
20141104195854Bh_3,`gX]23lo12N1N2N2O1O10O1N200O100001O00O10000000000000O100000000001O00000000001NhX_`1
20141104195854Bh_4,QhVf14io19I2O1001O000O2O1N2N1O11O0O010O1O1O1O1O11O00O0001O0001O001O1O101O4L0O10015KO01O16ML0000041LO000357DMO1011O1M10014L00OO10?A1N001O5IlTeU2
20141104195854Bh_5,]hfW15jo13N001O11O00O001O01O0002N1O0010003M00O100O3M1O2230I1O1O1O100O0100O1O1000000O100001O00000000O10O1O9G1O011O00000O1O5K1O10040OM000052JO00012=@00O1O5K1O1O1M`0UORU]c2
20141104195854Bh_6,QjXc2>ao12N2N2O4K2O101O4K100009KL0O011O4MOO10041KO10O3M7I1O1000oNhQNa0Pn1]ORRNc0nm1[OTRNe0lm1YOVRNg0jn1LL000006a0[OOOO0N7ZOVQNHPo16SQNDQo1:;01M]SmY1
20141104195854Bh_7,]kRn12mo12O002N1O1O0000001O01O001000O1O010O100O10000O1O10O000000000000000000000000O01N20O000001O1O1O1O1N3N10_Tgn1
20141104195854Bh_8,gVoY39Yo1`0M2O1M1L4010OO1\OoNSRNW1mm1lNQRNT1nm1oNPRNQ1nm1TOnQNm0Qn1a01O0000L04O2O1O1H8O0000OM5O00O2L4dMcNTVN^1ki1dNSVN]1li1fNQVNZ1oi1hNbUNe1^j1]N`UNa1bj1`N]UN`1dj1aNXUNa1ij1_NPTN4:W1Ql1eNdSN69T1Tl1gNcSN67T1fk1]NWTNW1N=bk1YNZTN;0]2Zl1kMdSNU2]l1kMcSNT2\l1h0K15O001O1K4N3O0O1WOj0lN_RN@3XO`m1X1cRNZOcm1e0aRNYO]m1c0WSNmNkl1o0T11N1M12N2HVQNZOkn1f0242M2O1OON4O10001L4N200O2J5MZPSa0
20141104195854Bh_9,mSQm0<co12@DYQN`0_n1GZQNc0Zm1NkRNd0Sm1^OkRNd0Tm1\OlRNe0Rm1^OjRNe0Um1X1K1O1O1O2N10O0000001O1O8IoRNYMhl1g2VSN]Mhl1c2VSN^Mkl1j2W1jN3L2O1O3M4MO010e0\OOO100O102M104M1N00000O1O1O10O1001OO01O2O0O1O1000000O000000010O20O00O100O10O01Ooi^n2
20141104195854Bh_10,VVQR11no12O1O100O010O00000001O00001N2Ofinl2
20141104195854Bh_11,h]im15jo12O0N101O1O1O1N3N2N1O100O1001M2K5M30000O10O1O1N200O10O1O1O1O01N20O01O00001O00000000001O1O1O000\Od0010OO10L400001cNYOWSNo0jl1SOTSNm0ml1TOQSNl0Pm1WOiRNl0Xm1m01N2O1O1K5I6000LWOPRNZOan1d0fQNVO[n1j0gQNUOXn1j0kQNTOQn1k0d001OO10H80000000001O1O1K5O0000000000000000000000000001O1O10O1O1O100O100000O1O000000001OO101O010N2O1O001O001O3MVgVj1
20141104195854Bh_12,Q]QY13lo12N1O1[OKVQN>in1DUQN<ln1DTQN<ln1FPQN<Po1:00O0000000100O1G9N10000M301O100000O1O000001O100000O1O000000001K5O1O1O0O11O000000O02O3M6G5N2N10001N10O2O1O000001Madlb2
20141104195854Bh_13,][a]12mo12O000000000001Nddla2
20141104195854Bh_14,YaaU22mo12N1O1H8O1O2M1K6N2O100O10000000O1J60002N1O0O10001OO1O00O11O001O1O1O1O0K5O100M3M3001O1O1O1O0000O10OO2L4O1010O100O1N200O1N2O1O100000O1H7G90000000J6N3O01N2OE\QN[Oen1d0aQNVO^n1j08J:00001OO1001O2K6M2N2O1N2O0O1M2OYO^QN2cn1LaQN2_n1NcQN1\n1OfQNOYn10l0000O1F64O11O001O00000L31M3O1N2N2000000000001O1O1O1O10001O000O001O1O01N11N2000000O010000O1O100O10000000000000O1N201N2Noc^`1
20141104195854Bh_15,Vage25io13O0O1O1mNJ[RN7dm1KZRN6em1LZRN4em1NZRN2fm1OYRN1gm10XRN0hm10WRN1im10URN1km1OTRN1mm1ORRN2nm1OPRN1Qn10mQN0Tn11jQN0Vn11hQN0Wn11hQNOXn16cQNK[n1n000O1O1O1O1O2F[NVRNf1hm1`0J1N1000000000O1O1O1O2N1O1O1O100O1O1O01VOYN[SNg1dl1ZN\SNf1dl1[N[SNd1fl1]NYSNb1hl1_NWSN`1jl1aNUSN^1ll1bNSSN^1nl1bNRSN]1ol1cNPSN]1Rm1bNnRN\1Um1dNiRN\1Xm1eNfRN[1\m1c0100O10O100000O1N2O1O000E<M201N0O2M4POcQN<_n1AcQN?_n1YOgQNa0Po1K4O1O2M3M3O1N2KSadT1
20141120195834Ch_1,Qd`]28go12O1O1O000000000000000000000000000000001O00001O2OO1000O1O100000000000004L0000001OO100133I00O1O4L2N10O113L00O11O000000008H00O1O100O1O10001OO01O2N1O01001OO10O103M1O00O1010OO1O1O100O10000000O100O1O1000000O1000000000O02N1000O001O00000001O1O1O00001O01O0000001O1O000101N001O00000001O002N1O01O1O100OO2O1O1O0N3N100001O1O1N2O00000000000000001O1O1O0000O1O100O10000000000000000000000000O1O100O1O1N201N2O1N2O001NdXmU1
20141120195834Ch_2,QeXV1W1hn11O2H8N3N1O00O1O1N200O101O0O1O1G9I7O2N2M3N2N10000001O00000001O1O1N20O01O2N01O2N3N0O10004L000O1O2N1O103M3M00O0O1L4O1O2N2J6N2N100000000000000000000001O1O1O1O0000000000000000000000001O1O1O1O001O00000001O1N2O01O01O01O3M2N1O001O00001O1O1O001O1O1O1N1O0000IWQNWOkn1h0XQNTOjn1k06N2O1O10000000O1000001N1N201N2N1N3O00000000000001O1O10O1O100O0002N1O1O002N1O100O9I0OO01O1O10O001N3N1O001N3N01O1O001O1O000000010O10O100O00001O01010N010O2O3NOO1O1O5L0O000001O1O1N1_Oa0O2N100000001O1O1O10O1O1O1O1O00001O10O100O001O002N010O000100O3M1O1O0001O100O0O10001O000000001O1O1O10O1O2N000101N0010O1O1O00001O0000001O1O1O0001O001O1O00001O00000000000000000001O00001O2N0010O20N10O000O100O2O1N2O1O01010N010000000O1O2N2N1OkWiT2
20141120195834Ch_3,aePb08go13N1O1O2N1O1O2N1O010OO2O001O0000001O0200OO10O1O100O11O02N1O01004KOTQN[O^n1e0_QN^Oan1U1L5K000005L6IO014]QNmNQn1c1N00003NW1mNnLTSNe2Um1^MhRNY2`m10143G1000a0@7G5K;DaVWZ3
20141120195834Ch_4,UhV[32lo14hPNO[n19^QNIan18^QNI`n1:]QNGcn1k001N1N4G8CcNTRN^1km1dNSRN]1mm1;0N2O10O100O011O001O1O01N1O1O101N2B?J4O2O2M1O2O000O100O2N2O1N100010O0000001O00001O1O1O01O1O1O1O000O101N102M101O1O1000000O1O1O10O01O001O100O2N1O1N2MeW]?
20141120195834Ch_5,VjXP25jo12N100O100O1M3M300O1N2O1O10000001O01O11O000O00000001O1O1O10O1O1O0000001O0000000N2O1O100O1N2000000O100000000000000000000000001O002N00N1001O100O100000000000000O1O1O1O2OoU_j1
20141120195834Ch_6,min`22mo15K2O0000001O001O2M101O2N4M0O1O100O1O1004L0000O11O1OO1004L0000O11O000000001OO10017H0O011Om0SO1O003Ng0ZON0O117H1N10O131NN00O1Y1hN0N101O:IM00O1NXRgZ1
20141120195834Ch_7,ln`Q2<do10O2N2M4N1N1O0J501N2000N3M21O000001O0100O1O010O100010O1O1000O11N100O001O1O1N2O;C[Qmk1
20141120195834Ch_8,iUgh11no12N2N1O100O1001O1O1O01O1O100O000000000000000100001N0100001OO10O1O1O1O0011N1000O1O001O012N2N000O4N3L2N1N3O00OO10O7I3M1O1NTi^S2
20141120195834Ch_9,mXQY25jo12O1O1O1O1O10O2N0010O1O1O1O01O1O1O10O1O1O1O00000001O1O1O0010O001O1O1O0000000001O1O01O1O1O1O01O0000001O000001O1001OO000000000001O0001O00001O1O1O001O0000100O01O10O01N100O1O1000000O10000000O1O1O1O10O1O1O1000000O1000000000000000000000000000000000000000000000000000000000000000000000000000000001O00O1000O10OO100100O10000000000001O001O1O1O00001OO100K4O3N2Ndfn[1
20141120195834Ch_10,e\Y^26io12N1O0O11O00N3M1100000000O1000000O1001O0010O1O1O1O0001O00O11O1O1O001O00000000000000000000000000000000000000001L4O1O1E_OUQNb0kn18200O1O1O1O1O0100O1O10O1O001O3M:F4L2N2NYef\1
20141120195834Ch_11,][gQ12no12M2O001N1O1002N001O00001N1MedZm2
20141120195834Ch_12,i`_R13`0Okn13PQN2mn10QQN1on1OPQN3Po1MnPN3Uo1KjPN6Wo1IhPN8Xo1IfPN8Zo17000000000O1N1100O1O1O0100O1O1O001O1N20N2O010O1O00O11O001O1O1O1O00O11O000L4000000MO4000O1L4000000K41M31M2O0100001N10O2000000O2O1O3M3M01M2O2O1N2N1N2O1O1L4K5O101O1O2M100M3L4O100N10TOm0O0001L21000O2OK5M4O1O0O2O1O100N3M201O1O1O1O002N2N1O1MPbfe2
20141120195834Ch_13,VdWj27ao19N2N2O0O1O1O2O1N3N1O1O1O1O0O2N2L4N2N1M4G:M2N1000000O1000O1O100O0O2N2O1N2L4G90O01N2O0]OWQN0jn1OWQN1in1MYQN2hn1L[QN2fn1M[QN2fn1M\QN1en1N^QNOcn11_QNIen16d0NP]^R1
20141120195834Ch_14,adgo12mo12O001O1O1O1O1O001O1O1O0001O010001N01O000000O1O1O1O10000000000001O2N0000001OO2O002N1N1O1O101O00O10000O1O1O1N2O1O10000O100000O1000000O1N1O10001N100001O10000O010O1OHBPQN=on1FoPN:on1=L2101O01O1O1O01O1M3N2000000000001N2O2O2N3MO100O020O00O00000001001OO10O002N1O0O2N1N2N2O100O10O1O1O1O10000000O100O1O2N1OP\Xg1
20141120195834Ch_15,mdSa29eo13M3M3N1O1O100000O100O1N11O001O000100O010O3N2M4M2L[[X]1
20141120195834Ch_16,Yea[22no11N102N1O1O00001O00001O2N001O1O1O1O001O001N2N2N1O2O002M2O001L4J9J3O1N3N5K1O0002N100O01010N01M3N2O1O0O101O00001O2N0001O0000010O5L0O100O1N2O1O0001O000100O1O01O011N1O0000000001O2N7I1O1O1O2N2N1O4L2N1O7HeYV^1
20141220201934Ch_1,i_Xd12mo14M3M6I2O0O1O1O1O100O1N20000000O1O1O1O1O1N2000000000002N1O1O002O00O001O01O00O100000001O0000010O1000O1O001O001O1O1O0001O0O1O101O1O1O1O1O1O1N101O00001O3M?A1O013M1O00O002M2JZQNPOfn1o0601O0O101N2M3L4N2O1O1N2O00000000000001O012N2N0O1O1O100O1O1O1O1O103M1O0O1O100O1O01O1O1O1O002N1O1O00001O002O2M5K01002N2M1O101N1O01O1O1O010O01O2N00000010O0100O1O1O0O3LT^UQ2
20141220201934Ch_2,ic\R22no11O2N0O10O10000O10000000001O01OOX\al1
20141220201934Ch_3,mff\12mo12O0O200O1O1O1O1O3M2N101O5oPN?Xm1@gRNb0Ym1^OeRNc0\m1^O_RNd0cm1=`0L4N2N:YO?N2N2N`Xga2
20141220201934Ch_4,Ykj[23lo1101O1O1N1O00001O010N10O200O0O2O1O2NQUob1
20141220201934Ch_5,anPY3>ao12O1CCSQNa0Zn1l0N1O10O1G9O1O2N2N1O1O01O1O1O1O0O100100000001N102M5K2N2N2O2N1N2O2N1N2N2N5GSR]d0
20141220201934Ch_6,XoXS14lo10O1O1O1O10000000000000000O1O1O1O10000OO2O1000O1O0101N2N1O1O02J5O1000O1000O1O00O110O100O1O1O1000O10O101O00O1O1O1O1O1O000000001N200O10O0O10101N4GmQUh2
20141220201934Ch_7,aPUd23lo13Ma0_O2N201N:F2O0200:EOO100=OD00000`0@000O1N>[Onm\Z1
20141220201934Ch_8,hQam03lo12M2N2N2O1O00000010O100000O1O000001O100O1N11O1O1O01000000000O1000001N1O1O2O1000O1O100000000000000000000000000040L0000004L0000004L0000005K0O0O4L4kSNnNUi1T1iVNnNVi1R1iVNoNXi1P1hVNPOai1h0^VNXOci1g0]VNYOdi1f0\VNZOei1f0YVN[OPj1=oUNCRj1<nUNERj1;mUNETj1<jUNDWj1<hUNDYj1<fUND[j1<dUND]j1<aUNEdj19YUNGhj1:VUNElj1;SUNEnj1<oTNERk1<jTNEYk19fTNG\k19cTNF_k1<\TNFhk19eSN]O[O;Qm18aSNA[O8Um17]SNE[O4Zm17YSN;hl1EWSN;jl1ETSN<ml1DRSN;Pm1EoRN:Wm1FeRN5`m1K_RN4cm1L\RN3fm1MWRN4om1:c0M3O104L0O1O1N6I4M1O2N\knj2
20141220201934Ch_9,nSQk1c0\o12N2K7I5N2O1I7N?A10110g0\OL00O12OPOmQN4Po1OOO2LbjfS2
20141220201934Ch_10,]Tm[22lo17WPNMYo1?N2O10O1O1O001N4H8L1O02N10000001N2O1O2M\kfb1
20141220201934Ch_11,iTa]22mo12O0O2N3L3O000000001O0000001001O0O01001OO10O00000000001O2N01O00100O001O00000001O1O0000O100O100000000000000000O1N20O00000001O10O10000N2N2O1O1M2O10O1000NO211O1O2D;OhkZ]1
20141220201934Ch_12,fV[Z25ko1101O8G1000031L000O11O0000004L000O1O100O1O0100000O001O00001O2O0O1O1MXh^c1
20141220201934Ch_13,\[WP12fo1:M101O1O3N0O1O1010OO0OO0O3O0010N0101O1O1O1O0001F:00O1N2L21001O1N10100L3OM400000M30O101N2M3O1O100J6O1O1O1K5O0001O1O1O1O00000001OO1001O1O1O001OO1M30000000M3O2O1O2JTgdj2
20141220201934Ch_14,^Zmg14mo11N1O1O1O3M2OO01O1O1O1O0000000000000000O1O1O2N2N2N3L]e\V2
20141220201934Ch_15,S\ae18fo13O1N2O1O1N2O1O2N001N2N3M1O2N1N2O10001O100O00O1O1O000000001O1000000000000O101N2N2O0O101M2O10001O0O2O2N2N2M2O2LocnV2
20141220201934Ch_16,k_Wg15io12O100O01O0000001O001O01O1O0100N3Ma`dW2
20141220201934Ch_17,jaWg25jo12N2O005Ka0_O1O01O1O1O010O1N3N0000001O00000000000O2M3O1O0011N10O102N1O00O06OON1M4LS]VV1
20141220201934Ch_18,mcSk22mo12M4L:H1N2O2N2N001O1O7I1O1O1O0O1001N1M3K6J500001O0000001OO2O5K2N1N2N3M5Jj[bR1
20141222201814Mh_1,m^`Y2744Uo1=O1M3H9I6O0001O001SO[QN=fn1@\QN?So1N2O1O2O0000000000001O1O1N1O2O00000000001O001O1O2N2N001Ne`oc1
20141222201814Mh_2,h`X_2<do11N1O3L3O0O100O1N200O10000FYO[QNh0cn1ZO\QNg0cn1YO]QNh0bn1XO^QNi0an1WO_QNj0bn1911N1O00O1N200O1O1O1O1O10001O00000000000000000O110O1O1O00001O0O1O1N2N2O10001O1O10O2O0O012N2N000O1O2OO1O1O000010O1O1O1O0000001O001O2N001O1O1O1O000000000000000000O1O1O001O1K4000001O0N3N200O2N100O1O101N2O1O001O1O1N2N2N2NT_gX1
20141222201814Mh_3,lb`T27ho12N2M4L6K2N1000001OO100L5L3O001O1O1O100000001O1O1O0000001O000O1N3MY][i1
20141222201814Mh_4,Qfhi27ho1101O3M3M1O1O103L1O1O2hPNAkn1T1F1O01O3M4L2M3MdYoT1
20141222201814Mh_5,lghi2;do12N1O2N1O10102O8HO00003NOO100001OO10008H000O000000010001OO10O02O000O011N1O1O1O3M3M1O0O2OgV]S1
20141222201814Mh_6,Zihl2:eo12O1O1O1O01O0O3KgVeR1
20141222201814Mh_7,jijP11no13L2N2O1O1O1N2N2O10O10O01O1O2M2N3N3MaVom2
20141222201814Mh_8,RlVR35io13O000O01OOO20O1O2O1O1L3M4O1O1N2N11N11O1N110O1O00N2N300O1N2O000000000000L4000000L4000000000000000L401O1O1G9O1O2NlUWj0
20141222201814Mh_9,Skhc0<Zo1;O00001O10FlPNDXo18]Ug[3
20141222201814Mh_10,]lXm01lo14N2N5L=C1O1O3O7H00O1O2N4MOO101N1O1O2O1O1N100O2N1O1O1O1O1O1O1000000O1O1O100O1O2MYSUP3
20141222201814Mh_11,]m`]23lo13M1M3C<01O1N1O10O110O0N2N3O001J5O3M3MaSWa1
20141222201814Mh_12,mnZn12mo12O0O2N1O1O1000O0100O2N1O101O1O1O00000000O100O1O100001N100O0O20O01O00O1M31O1O1O001O1N01001O0001O1O1O3GUR]n1
20141222201814Mh_13,]o^`15jo15L1O1O2N1O1O10008H000000<EO000O4N0O0O1NSPW^2
20141222201814Mh_14,ePiY3k0To12O2O3Me0[O1N1O4M=B10O1N2WNbRNm0`m1POeRNMJ<bm1GfRNJI?bm1DYSN:dn1^O\mTe0
20141222201814Mh_15,hPYg1;eo11N101O2N100O11O0000O11O000O100O1O1000000O1000000000O100000O01O00010O1O1O0010001O00002N10OO1004MO00O13N02MO1001O0000O11O000O00000001000000000000000O01O0000102N3M0000220L0000O5MO00O1O1O1O100004L00O1N2N3M2O1NWlVR2
20141222201814Mh_16,WTid24jo13N1O2N1O1011N5K5K00ck`Z1
20141222201814Mh_17,bU[S31no13L101O1O10000000O10000O010O1000O1O1O1000O1000000001O001000000O100001N3N0O1N]jVj0
20141222201814Mh_18,hUQV35ko12N0O2O0000000000000O1O2N10O10000O001O01O001O0N2O11O1O1O1N3N3Mdjng0
20141222201814Mh_19,QV_[31ko18L2N1013NOO002Lhinc0
20141222201814Mh_20,QXoa21mo16K3OO1O2O1OO1002ON10O2NegV]1
20141222201814Mh_21,nXSa21no13M3N0O2O000O2N100O10001OO100O101N2N3LVgd]1
20141222201814Mh_22,mYQi1>ao12O10O1O1O1O1N4Lme\V2
20141222201814Mh_23,V\m\26io13M2O1O0000000O2O001N2O1N2N2O1N2M2E;O1O2O1O4JcNcQN\1[n16N1O10000001E:O1O1O1O1O0001K310100O1000001N2F:M3N2Nhdn_1
20150105104334Ch_1,R_^R24ko11O2O00O1000O1O1N3O001O00000000O1O1O1O01000001N100O1O2O1O1O0010O1000O1O1O2N1O0001O00010001OO10O1O1O10O1O1O1O010O2OO10O011N1O01O100O1O01O1O1O10O101O000O1O1O01O1O1O1O1000000000O11O00O1YQNAlm1>SRNFjm1;URNFjm1;TRNFlm1;SRNEnm1<lQNHVn1P13M001O0O1N201O1O1O1O00001O0O2O1O2N001N3L2O2N1O1O100O10000000000001O01O5L000O1OS_od1
20150105104334Ch_2,^a`[21no12O200O2M1O1010O2M10O010O01OW^ac1
20150105104334Ch_3,UbRi02mo12M2L4O2N1000000000O1O1N3O0O2N4LP^kU3
20150105104334Ch_4,gdXj0j0Uo17J0104K3N0O135b0VOO100;E2N000O3M2N1O1O01POWRNIhm12^RNNam10aRNO_m10bRNO_m1OeRNM]m12gRNJ[m14gRNKYm14iRNKYm12kRNKVm11nRNNSm10oRNOQm10PSN0Pm1MSSN3ml1LUSN3kl1LWSN3il1MYSN0hl10d10001NXZWS3
20150105104334Ch_5,ifb]32no10000000O100O2N4M3NO0010O001O0000001O010O0O2O000000010O01O5K1N2O1NoXY`0
20150105104334Ch_6,fiPa01no15K2O2N5K1O0100O1O1O1001OO1O100O1O1O01O2N000000000010000000O00000000000000O100N1001O10000O01O1O1O1010O5L000O000000O01O0100O11N2O0000000000000000001O003LjUUZ3
20150105104334Ch_7,eljQ12mo11N3N1O2N1O1N2O1O0N2O1000000K42L31N1A>1N2O100O100000J15M22N10G900000K5001OM3N200002N4DjPNEZo17:N2MiUWk2
20150105104334Ch_8,lmfc16go15M1000001N1001O01O000002M2O00O1N201O1O1O001O001001OO1O1O2PQN]O_n1c0`QN_O_n1b0_QN_O`n1c0^QN^Obn1Q1N1O1N2N2O010N2N01001O1O010O1O1O10gNiQNi0Wn1VOkQNi0Un1VOmQNi0Sn1TOXRNd0im1XO[RN7[O5To1InPN5To1ImPN6ao1L`QeX2
20150105104334Ch_9,QPWh12no11O2N1O1O0001O10O00100O001O000100O1O1O1Nho^V2
20150105104334Ch_10,]Pgi15jo13N1O00001O1O00O1O010002M2N1O2O1N2O1O1000000000O3M4M00O11N1O1O1O1O1O10O100000O1N2NPodS2
20150105104334Ch_11,ZVac16io11O1N1D<000000D;1N3OO2XOh0O1O0O1kN^NlSNo0]OTOhl1NiSNn0ElNdl18fSNk0jl1[OmRNk0jl1l0=000N2OM401OO10dNhRNAC1fm1=mRNZOA5dm1a0XSN]Ohl1c0ZSNZObl1g0^1O00N2N11N2001_Oa0O001O1N@lQNWOUn1h0oQNUOPn1k0?3D66N20O2KO501O100ZOXQN4hn1I]QN4dn1K^QN3cn1JaQN4Wo1N2O0O2MQo^X2
20150105104334Ch_12,aRiQ1:do13O103L6J1000004L000004M7G1002N2M1000004L00O1O5K1O10001O000O1O1N2N101MUlnk2
20150105104334Ch_13,WUi[24ko12N1O1000001O1001OO000001O0000000001O0000001OO10000002N1O000000000000000000000000001O0001O01N2O1O0001O1O1O1O01O0000011O1O1O0O1010OO00O1N3M2O2N5IZjd_1
20150105104334Ch_14,nUYW34ko12N2O0000001O1O1O1O1001OO10O01O000001001OO1O1O1O1O10O100000O00000010O002N1O01O2N000000000000O1N200000O1O1O1O100000O1O1O1O100000O001O01N20O010O1O1O1O101N1O10N3M3N10000001O01O1O1O1O00O1N4M2N3Knifb0
20150105104334Ch_15,Y\_c05eo18L2O1N3N1O100iPN\OQo1e0nPN]OQo1c0oPN]OQo1c0nPN_OQo1i0O1O2OOO1O1O00O11O0G8101O001O0N20XOQO_RNP1[k19eTNe0Zk1]OdTNc0[k1AbTN?[k1T2N2O20O010^LbTNb2]k1ZMlTNb2Tk1]MnTNa2Sk1^MPUN`2Wk1PM[UNf2Vl1J1O2O9G1N1O1O8G2O1O011N1O1O000cNSRNg0mm1WOVRNh0jm1WOXRNh0im1VOYRNh0WchX3
20150105104334Ch_16,TYiX26jo11N2O1N1O3N0O010000O2O001N2O0O2O0N2O2Nlfne1
20150105104334Ch_17,m[iS12mo12N1L4B>O1O2K5D<N2N1M3^OaN\RNg1bm1[N\RNf1cm1\N\RNc1_m1b0_OjMTSNU2Pm1nMmRNQ2Um1PNiRNP2Vm1>OO2N2O2N2N2O1N2O=A6K2N100N2O10104L1OO1M3K5N2O01N8nNWRN^Onm19P1N2MheVi2
20150105104334Ch_18,i[ai27ho12O0N2ZNISSNg0ll1[ORSNe0ol1[OPSNf0Pm1^OjRNc0Wm1DYRNd0hm1]OVRNc0lm1\OSRNd0om1e03M5K1O2N3A>N2N2NdeVU1
20150105104334Ch_19,TZaU27ho12O1O1O3M100O3OO0000O1O1O1O10005[RN^Oak1a0]TNBdk1=ZTNDgk1<cSN@WONM8Zm1;\SN;fl1DYSN=hl1CUSN>ml1BPSN>Sm1U12O2N1O2N2N2N1O1O2M100O1ZOf001O2N3WO[QNNSdng1
20150124081954Uh_1,[inW34eo18O1N1OO01ZODiQN<Vn1GhQN9Un10bQN3Xn1m000O1N2D;1O100OOXO\RNSOjm1j0g01M20M3M30000EoPNFSo18<O1O10000001O2N1O1O1O1O001O203LO0100O2N0010O11O00O010000000O6K0O10031MO001O203MON01O6J1O1N2O1O3L3N1NeWWc0
20150124081954Uh_2,hkha13lo12O000001O00000000O10000000000000000O1O1O10000000O10O01O100O01N200000O1O1O1O10000000001N10_T[[2
20150124081954Uh_3,Ul`Q31no12N2N1O1O1000000000000000000000000000000001O002O0O1N2NkSgl0
20150124081954Uh_4,do`h17io11N2O1O4L100O2N2O0O111O00OO10013L00003N10N0O13N0O0000000000000000000008H000O01O001000O10O01O1O1O1O1O000000000O3N1O00010O0000O1000001M3N2O1O00000000000000001O00010O01000O01O1O1O1O1O00000001O020O0O01O000O1000000001O01O001O00O10000100O0000O1O10O01000000O1O1K5O10000000000000001O00O3N1O00000000000O1N200O01O1O10000000000O01O1O1O01N200000O1O1O001O1O000001O10OO2O0O101O0O1J6M3O1010N1000N3N0101O100N2O1O2N2L4L30001N10001N5Gho\j1
20150124081954Uh_5,eUaR1d0[o14L1OO1000100O1G9O1O01000000O1N200000OZMDjUN;Vj1FjUN9Wj1HhUN7Xj1JhUN6Xj1JhUN6Wj1LhUN4Wj1NhUN2Vj10jUN0Tj13kUNMTj14lUNLRj17mUNIQj1=kUNCSj1m0_UNSO`j1o0_UNQO`j1P1`UNPO`j1R1^UNnNbj1W1YUNiNgj1X1XUNhNhj1Y1VUNhNij1Z1UUNgNij1\1TUNdNmj1^1RUNaNoj1_1PUNaNQk1_1nTNbNRk1^1lTNbNUk1_1kTN`NWk1_1hTNaNYk1_1fTNbN\k1JbSNV1P1ROak1BeSNY1j0UOnk1k0PTNVOQl1j0jSNYOYl1l0RSNAQm1?lRNAVm1?hRNAYm1b17H3M3M3N3K4J6N2N5K5K2O1N8D9K1O2O0000001N:Dmkdh2
20150124081954Uh_6,UXYk12mo12N1O1O2N1O1O4L3M2N2O2L8I2\QNUOQn1l0mQNVOPn1P1iQNSOYm1HUSNm1il1VNVSNk1hl1WNVSNj1jl1YNmRNP2ol1h0bSNQM]k1P3aTNSM]k1n2aTNSM^k1R3]TNPM`k1i3O^MVTNQ1ik1oNYTNo0fk1QO]TNm0ak1\NfUNYOjNb1_k1TO\VNd0di1[O_VNb0ai1_O`VN`0_i1SOVWNe0jh1ZOYWNc0ih1\OYWNc0gh1[O\WNc0\b`R2
20150124081954Uh_7,aVaR12lo14WPNO_o1;N2dPN@Uo1m0H1O01O>C2M6Flhhl2
20150124081954Uh_8,QYQR16io12N2N3A`0\QN_Obm1c0[RN@cm1b0[RN^Oem1e0TRN_Obm1d1O11O001cNdRN4^m1KgRNADOem1`0iRN_ODOcm1b0kRN]ODO`m1a0_1O2O1O2J5L402MSh^l2
20150124081954Uh_9,iYQW23lo12O0N2O1O001O1O1O1O1000000O1O2N101O10O100O0000000000O0O11O1O100000O1O1OO10100O1N2O1O1O001O2N1O1O2Mifje1
20150430082014Th_1,^a\j24mo11N2N1O1O2N5]RNDYk1<fTNEYk1<eTNFZk1;eTNE\k1g0WTNYOjk1g0UTNYOlk1f0UTNYOlk1f0UTNYOmk1e0UTNYOlk1f0TTN[Olk1d0TTN\Olk1e0STN[Ook1c0QTN]OQl1a0oSN_OSl1?mSNATl1b0fSN@]l1?`SNBbl1=\SNDdl1=ZSNDgl1<XSNDml1a0iRN_OXm1b0eRN_O\m1a0bRN_O`m1c0\RN]Ofm1g0URNXOmm1h0RRNXOom1h0oQNXORn1i0jQNZOXn1V12N1O2N3M1O1N1O1H9UOTQN?Xo1N2Nh\gR1
20150430082014Th_2,]dPj2;do12O0O0O0101O1O2Hn[]U1
20150430082014Th_3,Si^b14ho15M200O101O0001001OO01O010O1O0100O1O1O00001O100000O100002N1OO1O1O100O10O10000O001O2OOO2O5JTVeZ2
20150430082014Th_4,fih\15jo12N2O1O2N001O1O1O100000000O0100O10O1O1O01O01O104MOO01O2N100O10010N010O5K2N1O1N_Ug`2
20150430082014Th_5,Tnf[32go19M1O1O1O00O11O001O01O100O100O1O1O1O0001O1O1000O1O1O0001K5O1O1H7K500001OO1001O1O1K5M3N3N6GZS]a0
20150430082014Th_6,]n`a22mo12O0000000000000001O1NcQg]1
20150430082014Th_7,anXc26io12O1O1O1O1O000000000000O100O2O1O1N1001O010O001O00000000000001O2N1N2OO2O0000001N3N1N1O0010O1O100000000000000000000O101O4JYQmX1
20150430082014Th_8,oonb04ko15L4L02O0O100O111N2OO001O10OO002N2OO01O2O1N2O00O100O1004M4ePN\ORo1h01O03N01OO0102O0NO2O3N1OOO1004K2OO102O0O000101O1N000316HN00O3O=B2N0009G2OOO10bQN]Oem1b1L0N0O2O01N1O0N4]NeRN3hm1G^RN4em1I^RN5em1G^RN7fn1O2N1O2NljfW3
20150430082014Th_9,`VUg13ho15N3N1O100N2O100101N001O01O1O1O0001O1O1O00001O01O001O1O001O00000000O1O1O100000O01000000000001O00000O001O1000000001O1O1O00000O1010O00000000O1O010O100O100O1N200000O1O1O1000O10000O0O02O1O100N2O1001O2N0000000000000O1010O0O101O001O1O0000O1O1O0100O1O100O100000O1O1O1O001O0O200O100O001O100O10O01N2O1O1O1M3N20O001O2L3O1O1000000000000000001O1O1O1O2N1O1O000000000000000000100O00O1O0100000O10000O00O11O000000000000000000000001O1O1O1O001O000000100O1N11O1O1O1O1O1O1O001O1N11O00O2L4O1O001O1O1O100N2O10002O5KO10O101N001O1O1O1N2_OhNWRNZ1fm1c0M101O00YOYRNUOgm1j0\RNTOdm1k0_RNRObm1m0`RNROam1l0k0N2N2N8H5K1O1O1N2M3O000O1010000O100000OO2O10O0O200000O0O200OO2L4O1000O001O101N101O0000O100O1O0O02M2001O1O1O010O1O1O10O1N10100O1M2N30N20O01O100O0010O100O0100O1N20O01O1O1O1O10O000000O10000000000001O1O1O1O1O100000O1000000001N3M3L3NdmPa1
20150430082014Th_10,a[Ql0:eo12N1O1O100O10O1O1O100O10000000000000000000000000000000000000000000000000000000000000000000O1O00000001000O1O1O10000O1O1O1O1O1O0L4001OCYOaQNh0^n194000M3O11N1O001H9N1000N10110OO1M4O0001O01O1O1O1N2O01O001O1O1O1O2N1O1O001O10O1O1O1000000O10001O1O1O1O00000000000000O100N2O1000000000000000000000000000O1O1O1O10000000001O001O1O1O001O1O1O001O01O0000001O1O1O0000O100O100O1000000000O1O3M5K2O000000001O1O5K1O00000000001O000O1O1O1O00100N2O1000000000001O00000002M2O0000000O10O0O110O001O1O1000000000000000000000000001O5K1O1O1O1O1O1O0O1O2N1O2O1O1O1O1O1O001O000O1N2000000O10000000000O1O1O1O10000000001Mafla2
20150430082014Th_11,U_Sc02no11O0O10000O1O1O100O10000O1O1N200O1O0O0110O1O1O1O1O01O1O10000000O10O10000000001O01O00000001O00001O1O1O001O0002N10O012M2N2O00000O01O100O1O1O0000100O00100O001O2OO01O000000O1O0K6O000M4K5O001O0K31O21M2L40GZQNWOhn1i0ZQNUOdn1m05N4O2O0O2L4L31J6L3C_O[QNc0dn1=M2MO4N2O02K31O20O3LUOfQN6Wn1JkQN6Sn1JoQN5km1XOPRNc073dm13fRNGZm19lRNAUm1>mRN_OUm1`0mRN^OUm1`0V1O2N1O1O1O2N1O3LSdTT3
20150430082014Th_12,]^og13jo15M2N2M101O001OO001000N3N2O1000O1O0L5O01N01000M4N200O10OO1001O100000O1O0K42L31O0M12M4O1O2F:M3NUcPU2
20150430082014Th_13,d^_h23jo14N1O1O1N2O1O1M2O1000001N11N11O0O20O1O0010000O01O1O10O2N1O2O0O2N1O1O1O01O1O100000000O1O0O020O000O11O00000L4O2O2NdbnS1
20150430082014Th_14,R`gm22mo13N5K00J]PNNco135O01N2O10O12M3L2O2O0000O10001M2N2M5MV`hP1
20150430082014Th_15,e`Yj26io12N2OO10O1O1O1000000000O1N20000000O100O1O1O0O2M3O1O1O10O1O01000O01O1O1N2O0010000O1000000001N1O3M4BePN0fo10000000001Ne_VR1
20150601122834Ch_1,QcnY36jo12M5L1O1O001O010O2O1N01O00001O0O1O1O2N2O1N101N10000O2N2Mh\Wd0
20150601122834Ch_2,\oXU1:eo12OON2K31010L4M300010O1N2M3O100O1O1O102M2O1O0O3MWQUi2
20150601122834Ch_3,ioRd22mo12O2N<D1O1O200O000O4N00O00021N1N0O01O100O1O5L7I1O1O11N000O001O2N000O101O001N6J2N2N2O1O1O1000000000O111N1O0O2fRNAQk1n0ZSN^OMLil1f0YSN_OLLll1d0WSNBKLnl1c0SSN;nl1[13M101O9G0O1O1O9G2N1aNPRNk0Rn1RORRNk0To1]O101N1O2N2N2N2NUlnV1
20150601122834Ch_4,\PQk04lo10O2N1N3O1O1O0000000000000O10000O1000000001O00000010O1O1O1O0100O1O1O002M2O1O0Oao^R3
20150601122834Ch_5,aVSd12no1000O2O00000000001O112M0O1O01O0001O011N10O1O001O001O1O1O1O00001N10SihY2
20150601122834Ch_6,XYa^15ko11N1M2M400O0O2K41O0000G8011O10OK6O1O010N2O0001N02O00M3K50000000L401O2O1M7J2N1OUhn^2
20150601122834Ch_7,ZYoY31mo14N2N1O2N1O1O100000000O11O0000O100000O00100O1O1O1N2O1O2MUfVd0
20150601122834Ch_8,hYi_33mo1001O001O1O1O001O00000000000001O0O2O00Vfn>
20150601122834Ch_9,i[gf29fo13N1N1O2M4M10000001O00000000O100000000O100O10000001OO1O1000000O100000000001O0000000001O01O00100O01O^OjPN:Wo1DkPN<To1CnPN<\o100O1O1O4JmcdU1
20150601122834Ch_10,Y^Yl1:eo12O1O11O00O01O00000100000000O002N1O01O1O1O1O00000000000N2O1000000O10000000O10000000000010O0001O2N001O110OO0000001O010000000O000000000000000000001O010001N01O000000000000000000000000001O1O1O0000001O0000000000000001O00000O1000000O1O1O10O1000000000000000O100O1O1000000O11O001O1O00O0000010000000O2N2N2N1O1O1O0010O1O1M3O0010O1O100O01O1O1O10000000000N2O1O100000O100N2O10O1O1O100O10000000000000O1000O1O01O001000O10000000000000O1000O0010O0O2N2O01000O10IbPNL`o1OePNN[ahe1
20150602122934Ch_1,ehhl03lo12O1O1O001O01O002O003M0O010NSWYR3
20150602122934Ch_2,mh`c22mo12O002N2N10O13M>A2O1OO1O4L1O1N3E;L4McVY[1
20150602122934Ch_3,RkPc25io13O0N3ZOe0O1O1O1N2O0101O0XOYQN5jn1G[QN6gn1H[QN6hn1GZQN8^TQ\1
20150602122934Ch_4,amPU23mo13L101O00000001O001O1O00010O00000O11N2O1O1O000000001O002O0O000000000100O1O01O100O000000000001O1O1O1O0000000000000000002N1O01O1O100O0000000000001O0001O1N2O1O001NlQme1
20150602122934Ch_5,modY12ko14M4N1N10OO110O1000000O010OO10010O10O100O0O11O0001N200O1O0O1001O1O1O1O00O1N20O200O1K5O1O2NTQ_c2
20150602122934Ch_6,]Pmn22ko16D;M2N2J6N2N1010O1N2O1O1N2K5M3O1003N0O1O3M4K100000000000002N1O001O00000004L2N2]OkPN6`o101O0000O1O1O1N1UTNCSh1=jWNIRh18jWNMTh14kWNNTh13kWNNUh12jWNOVh14dUNCd0;fi13dUNCf0;fi12cUNDe0<gi12aUNDf0;oi1MYUN16<aj1CXUN25<dj1BUUN46:fj1BRUN668jj1BjTN>O8Zk1ZOeTN`0O7]k1XOcTNc0N5ak1[O\TNd0M3ik1`23K5N2M7F6L4M3M7C9B>O1N`0[NhQNJ06cn1LlQNNYn10iQNMZn11hQNKVkPl0
20150602122934Ch_7,]PQW12mo12O1O1O1O1O00000O101N2M3O1N100N2O1001O2N0010O001O1O10O001O1O1O1DbPN2`o1L;Odohf2
20150602122934Ch_8,mRYi12mo12O2N1O1O000000000000000000001O0000002N1O001O0O100000O1N2O01O001000000000000000000010O1O10O1O0010O0000000000001O001O10O0001O0000000O10001O010O1O001O00001N10101OO10O00gl^Q2
20150602122934Ch_9,aVY^22mo12N1N2L5N10M3M4M2NiiRa1
20150602122934Ch_10,UYm[22ho16M4O0O1O1K401O000O200O000NN310010ON2N20N2C<10O1O1O01N20O10J7L31O0LO501O3M4CUida1
20150602122934Ch_11,Y[UV32no11N2O1O1O001O0000000000O1O1O10O11O01O1O1O00001N1O1M201O1M200001O10000000O10000001O2N1O1O002M2O1M201Mmddf0
20150602122934Ch_12,Q\YQ32mo12N2O101N000000000O2O1N2N2N1N2N200O100000001O001O100O02N1O00001O00O1000000O1O100O10000000000000DkPNLVo11>0000O1000O100O100O0010O11O001O0000000001N1O3M101N2NXdni0
20150602122934Ch_13,]^YV26io12O1O1O1O1O1000000000000000O00000000000000001O2N001O000000000000000000000000000000000000000000000001O00001O1O001O0001O1O1O000000001O0001O00001O2N0001O1O1O10O00001O1O001O00000000000000000001O1O1O01O1O1O10O0000000000000000002N1O000000000000000000O1O1O1000000O100000N2O10000O10JK`PN6`o15O100000000000O1O1O10O10002N1N1O1O101O0000001N10OO2O0100O1O1O10000O10000O1O1O1O100000000000O100O000001O10000000000N2O10000O100000O1000O00O1010OO2O10000000000O000000001O000000001O00O200O1O002N1NVbnZ1
20150619133554Bh_1,\]fR16go15M1O2N3J8K2N1N4K9I2N1M2N3O000000XOdQNN\n1KnQN2Qn1OPRNOlm15VRNJhm16]RNGbm19`RNF^m1;dRNEYm1<hRNEUm1<nRNCPm1=RSNCll1=VSNBgl1`0ZSN@dl1`0^SN@al1>bSNB]l1>dSNB[l1>fSNAVl1b0lSN]OTl1c0mSN\OSl1d0nSN[ORl1e0oSN[Ook1b0VTN^Ojk1>[TNAek1>\TNAdk1?o1J6M3O2Ned_j2
20150619133554Bh_2,X``Z14jo14M3N2M2O1O1O1O1GAoPN`0Po1AoPN?Qo19O0010O1O4M2M00O01O101N2O100O0001O1O1O000000001O1O2N001O2N2N1N2O1O000O2N2N2O1O0001O001O1O0O1O2N2N2N2M3O1O1O2N001O2M101O00001O010000O100O1001OO100O100O11O2N00O100Oa0_O1O100cQNlNmm1U1mQNROQn1n0mQNTOSn1k0mQNVORn1l0kQNUOWn1Z10O1O0O3M2N2N102N1O001O0O1O2N2O1O1O101O2N0O100001O000O4N0O0O1O1O10O00000N2O1000000O101O1O2N010O2N010O010O100O001O00100O10000001O000O1000000O1O1O2O0O000000000000O101O1N2N1O1O2O0000O100O100O101O0O1100000O10O0000000100000O10O002N1O011O0000O0001O00O2O1L4K5O00000O100000000000001O1O010O000001O1O010O000000001O001O1O2N2N1O001O01000O10O0001O010O1O1O00000100001N010O002O00O1O00001O0001O0001001OO10O104L000O1O2OO00000001O0O2O1O1O0001O010O1O1O10O01O1N2O1O000001O000000001O001O001O002N1N101O1N2O1O2N5K1O0O2N2O1O0000O2O0O2O1N101O0O3K4L30001O00000103NOO10O1O2OO001O2OO0000001O010O1O1O001O100O100O1O100O002N1O1O011N1O1O01O2N10O11O3NO00002OOO10O110OO10O110OO100001OO10O1O2M200O4L2N001O101N01O1O1O1O100O02N010O00000001O1N2O1N2N2O2N0O2O5K1O1O1O2N4L001N3KiXUh1
20150619133554Bh_3,U`Pc2?`o12O1O1O1O00000000001O1001OO1O1O2OO0101O3M000O110OO01O1O100O1O1O1O1O10001O000O11O00O00O1N3M2O1O1O1O2O1N2M201N102N3M1N1O2N101N101O2N1N2Nh^gX1
20150619133554Bh_4,bd`U39fo12N1000000O1O1O1O10000000O1O0010000O01N3O00001O2N0O1000000O1O1O10O01O000000000H8010O1O1O1O100O100000000000001O1O1O1O0010O01O1000O10O1O1O0010O110OO0100O1O1O10O20N10O000010O011O2M100O2N4L1O10O3N2M010101N00O111j0VONO000001O00002N1O1O001O2OO01102M000O110O0O010O1O1O011O000O10003`RNZNal1d1]SN^Nhl1]1WSNcNil1_1TSNaNml1f1jRN\NVm1e1hRN\NYm1e1dRN[N]m1S21O101N1O1O1O1O02O0000002N3M1O1O1O2N1O10O3N3MO01O1O2N0010O0001O2N3M1O1O001O1O1O1O2N1O100O100O101M5L1O1O1N3N1O00100O1O0010O0100O1O2N2N1QOYQNd0hn1WO\QNh0on1O104K2N2N2M9FYWi<
20150619133554Bh_5,edP`0b0]o12N1O2D=L4M2O2N1001N1N8I5K3M2O14J10O02N1O1O002N1O010O1O5MO7I20O3M0O00O6K2M1O1N5J9H2N2OhYW]3
20150619133554Bh_6,]jTW22jo17L2N1O2OO10O1O1N2N3N1N2O00O200O101O00001O2OO01O000000001O10000O0O2O1N2O1N3KiU]f1
20150619133554Bh_7,bj\b36io12N1O1002M2N2O1N]UQ=
20150619133554Bh_8,djXm04jo13O1N2O2N2N2O4L0O1O011N1O100000^OjPN=]o1NO1O4L7I2O0O37H1M10024OK0000O5L0O100O1O1O10O3M6J0010201OM0100000O100O:F1O1O1NPSWo2
20150619133554Bh_9,ekdY22lo15K7I3O1O1O100O1O001O1O1O10O1000001N1O1O1O2N3M1O0000001O01O0000100000O1O0000000000000000000000001O1O1O10O1O1O1O1000000000000000O011N1O010O2O000O001O2M3NSSaa1
20150619133554Bh_10,lkVT13jo14N100O1000O101MZTWk2
20150619133554Bh_11,dmPT1;eo12M1O1N110O000000O2O1OiNNbRN2]m10bRN0]m12aRNN_m14_RNM`m1Z100001O9G2N1O1N6F9I3O2MZSWj2
20150619133554Bh_12,WSaP14jo13N2N2M3N2O0O10000O1N2N2O100O01O1O01O1O1O001N2L4O100O1O1O1O100O100O1O0001O1O1O0J7M3OO10N3M2000L12001N3N2O1O1M2TOQOfRNn0]m1UOaRNi0am1XO]RNh0cm1YO\RNg0em1ZOXRNg0hm1ZOXRNd0jm1\OURNe0jm1]OURNb0km1_OTRN=Qn1CnQN=Rn1DmQN<Rn1FmQN;Qn1FoQN9Rn1HlQN8Vn1HiQN8Vn1LeQN5\n1e0201ON2JZOkQNJXn15lQNIUn15nQNIRn17PRNGQn17m0O1O3M]PWj2
20150619133554Bh_13,]VQR3;do12N2N2N2N10000000O0000O10O10M4N10O10O2O1N20O01000O10O01O1000O1O1O10O2O001O1O01O0001O01O001O0010O100O11O00O100O0010000O010O1O1O1O00100O100000O02N1O1O0000000001O01O1O10O1O1O0O1O2N1O1O1O1O10000000O10000000000O1N20O01O1M3M21O00O2O1O10OO2O2N102Lli\f0
20150619133554Bh_14,V[[>=bo13N1N2N1O1L4O1O1O1N1010O010000000O10000000000O2O0O1O1O1O001O0001O01O1O010O01O1O1O1O1O000100O01000000000O1000000001O1O1O1O0000000001O000001O001O1O1O0O2O1N2N1O2O0O1O0KAbQNZON8`n1<oQN^ORn1a0PRN]Omm1f0URNXObm1P1g0O11O1O001O1000O0001O2N101N1O0001O0010OJ[QNSOdn1j0bQNSO^n1n0cQNQO]n1o0:O10O1O0L22N2000POP10000N3M3O1OA\RNdNdm1Y1`RNfN`m1l0PSNROol1m0TSNROml1l0USNSOml1j0USNTO_e`Y3
20150619133554Bh_15,b[oh21no1100O2O0000000000000O1000000O1O1O01N200O2NdddU1
20150620161314Mh_1,Y^h[13mo11N2O1O1O00000O1000000000001O001O1O1O01O000001O000001001OO10O1001OO1O0001O01O1001N00001O00010O1O10O1O010O0000000000000000000000000O1O1OO101O10000000000001O01001OO10O11O00O1O010O1O1O0000000000000100000O10O01O000100000O01O1O1O1O100O1O100O000O10000110OO10O0101O0O0000001O3MX`g[2
20150620161314Mh_2,^_`_21no12O0O100000000000000000001O001O1O1O0000001N1O1O1O2O00O1O10O01O1O10O001OO2O1000000O1001O00000100000O000001O0000000000001O001O1O1N2N11O2M3M2O001O00001O100O00000001O001O1O001O1O100O00O1O1O2N1O0N3N20O01000001O02N1O01O0010O000O1O100O2O1O1O01O1O1O1O000001O01O1O1O1O0001O1O1O0000001O000000000000001O100O001O01O2N001O002N1O001O2O0O0O3N2N1O1O1O2N1O1O1O00001O01O2N01N1O2OZOTQN8kn1IUQN7kn1HWQN7in1H]QN3cn1KgQNMZn10lQNLUn1OVagT1
20150620161314Mh_3,l_^d13mo11O000O101N1O100O10000O0100000000O10000O1O101N10001NX`kY2
20150620161314Mh_4,V`ne11lo17K2N101N101O1O1N10001O1O5K1O1N1O1O2O00O1000O001O0010O1O10000O102N1N2O0O3M2O0O2O0000001O1O1O00010O00000101OO10O1O1O1O1O1O100O0000000010O1O1O10O1O1O000002N1O1O001O2N01O1O5L0O002O01OO1O1O9H0O1O1O2N10O05K2N00100O100O10O6J3N000O2O1VOVQN:jn1FWQN9jn1EYQN9Yo1N4L1O010O1O1O2002M00O002O0O0002N1O0010O01O1O10O1N2O1O1N\]oP2
20150620161314Mh_5,j`^m22io18L2N2M3N2O1O1O1O1O1O0000000000000O1001O00000000000000000O1N200000000O100000001N:F2N2N10001NT_co0
20150620161314Mh_6,Tc\o13jo16L3N001N2O1O1O000O1O10O001O1O100O1O1O00100000O2N2N2O1O1O1O1O1O0000000000000000000000000002N1O000000000000001O0001O0000002N1O000000001O000000001O1O1O0001O6J1O1O1O1O0010O001O1O1N3N1O1O1O1O1O1O1O1O100O000000000002N1O00001O0000000O1F:0000000000000000000000000000001O01O1N2O1O01O1O1O000000001O002N1O0002N1O00O1O1O1001O1O1O01O100O1O1O0000001O1O1O00000000001O1O1O1O0100O1O10O1O1O001O002N1O000000001O1O1O1O1001;C100O1O1O1O10000000O1O1O1O1O1O1N2N2O10000O1O00010O001O1O0O2O002N1O00001O0001O100000O0001O01O0101N01O1O000010O01O1000O2N2O0O002N2N1O10101M10O00101N01O1O2OO01OO1000001O1O1O1O002N1000000O1O100O5L000O100ObQNUOhm1j0XRNWOhm1i0VRNXOkm1h0SRNZOmm1m0iQNUOXn1l0fQNTO[n1l0cQNUO]n1Y1N1O00001O01O1O001O0O2O0O1J6L4O100N3N2O1O3N0000O00000100O3M2OO00O2N1O1N2O1N2N2O1O1O100O100N2O1O2NXYWZ1
20150620161314Mh_7,edT]35io12H8K5O10O00100OOO2N2O2O001O10O0000M301O010O0O2O100O0O200O100O10001O0000O2O000001NX\W`0
20150620161314Mh_8,YdPf0>ao12O1O1O1N2O1O1O6J2N1O001O01O00001O1O1O3M1O00001O0000O1000O01O010O10010002M1O2O1O0O10000O1O0001O0000002N1O100O30O2MO1001O00000O101O000O2N2N1O000O2M201N5JYZUU3
20150620161314Mh_9,af^j01no12O1N10000O101O0O101O001O1O01O1O001O00001O1O1O1N2O[YmS3
20150620161314Mh_10,_gbd24lo11O1O2N10O000000010O1O100O0O]X_Z1
20150620161314Mh_11,nh`[15jo1101N01O1O10000O100000000000000000000000O101O100O1O0O10001O00O101O000000000000000000O10000000O1O001O3NTWWa2
20150620161314Mh_12,]ifd26io15K2O10O11O00O0000001O00000001O117H00O01O10000100O00000O3N2OOO1N5J6JeUSY1
20150620161314Mh_13,glnc14jo13N100000000O1O1O1O1000O1N20O00000001O01000000N2O10O1O100O100O1000000000000000O100000000O100O1O1_MG[UN9cj1J\UN6cj1L\UN4ej1MXUN4jj17iTNIWk18hTNHYk18fTNH[k18bTNJck13ZTNLik15iRN@R1;Wl15eRNBS19Xl17cRNAP1<_l11aRNDl0=el1:WSNGjl19TSNHll1:nRNIUm1N[RN_O6k0am1EYRNA4j0em1DWRND1h0im1R1;E2N2N1O2M3L4N2N3E<E:L4MTUoV2
20150620161314Mh_14,Sk^g28eo17L1N2O1O1O1O1O1O100O1001O3M000044H0000O11O00O00000000002N1O00001O00001O1O1O1O002N10O010O2OO1000O100O10008H00006J2N00O1O1O1O10004L1[OnPN9Ro1EPQN:Qo1EoPN;[o101O10O100O10O002N1O0100O1O1O0010O1O10O1O10O001N2LaReR1
20150620161314Mh_15,olP\1;do12N2L4K6M2N2O1O9G1O0111N3M001O6J0000O11O000000101N0O123MN0000001O00O03M7I1O01O1O1O1O1O1O2N1O1O1O1O001O1O1O1O0O1O1O1O10000O100O1O100O10O10000O1N02O10000O0100O1N02O0001O1O01O1O100O1O1O3GQRU^2
20150620161314Mh_16,aViW36io110000O01O01N2N2O00100000O100O1O1O1O1O1O100O0100O10OO1M21010N10010O001O1O1O10O1O0010O1O2O001O00O10001N2O1O0O10001OO001O1O1O2N1O1hPNCln1>SQNDln1<TQNDmn1;SQNFmn19RQNInn16RQNKnn14RQNMmn13RQNNnn12PQN1on10PQN0Po10oPN1Qo1?0O10001N2M3O1N1O1O1O1O0101O01O03O2M00O002N1O0O101O0O1O1O2O2N0O10001O01O1O1O1O0000001O001O2N0000000O11O100O1O00001O0O1001O0000002O01N0000001O000000001O0O1O2M3Nbi`>
20150620161314Mh_17,^[gh04ko12N100O101N1O0AIVQN7kn1LRQN3nn1OQQN1on1OPQN2Po10mPN1So1=100000000000001M4M1O1000000O1O1O01O0O2N2O10000OO2O10O100O001O101M200O101N2O1N2M201N1O00000001OOO200000NL6K50N2OO3N1000O02O0000O00011M20O11O1O1O2N2N2O001O0O11O01O00O2O0O1O1O1L4O100O100000O1O0N20000OIQQNAmn1?:1O000N20000001O1O0000NN40001O0O2M2010O001O10O1N200O100000000000000000000000000000000O0O20000O10O1001O1NQhll2
20150620161314Mh_18,U][m22mo12N2O1N2N2N10000000000000001O000O1O1O1O010000O1O0001O1O010000O1O0001O1O1O001O0000010O1O0010O1O1O0000O1001OM4I700O1O000001O1O1O1O2N2N2N1O1O0000001O100000O10OO1001O100000O1O1O1O100000O100O2N2O1O0OO2O10000000O1N201O1O1O1O00000000000000O010N2O1001O2M2N1O2N\dfj0
20150620161314Mh_19,a]aW29fo12N2IEfPN<Ro1>N1O1N10K6O1O2O1N4L5K3M2Nib\g1
20150623152934Ch_1,X^PV27ho12N2N1O2O0O1O00000000001O1O001N200O100O1O1O01O1N1O2O101O01O00O3N1O0O10001O00000000000000O10000O1O2O0O100000100000O10O1O1O1O1001O2N00O011N10O1O2N1O1O001O0001O101N00101O3M0O10O03M1O00O1N2O10000O10000O1O1O10000O10000000000000000001O1O1O1O00001O0001001OO1O001O2N01O1O100O0101N1O2O001O1N1O00101N2N1Nk`g`1
20150623152934Ch_2,idVY35jo12O1O0000000O1O1N2O1O1I8E:N2O1DnNgQNW1Vn1<M2O1O1O1O0O1O1O1O0100O001O1OO2O10000000001O00001O1O001O00000010O2N0011O00O10O102N0WRNQNam1o1[RNTNdm1V20;D000O3N2N0O11O64F1O0O2O4MOO001O010OCWSNcMil1[2[SNbMgl1o1YSNPNWm12hRN\16^NUm14gRN]15]NVm14hRN]1Xn1L4K2O1CYQN^Onn13_QNHWYWa0
20150623152934Ch_3,]nTe22mo12O000O2N1O2N2N2N0O200O001K401O0RO_O^RNb0_m1GYRN;fm1GXRN:gm1HWRN8im1KRRN7mm1k03M30N2N12O00O1I60O201O1^OnQNSOUn1i0QRNRORn1m0oQNROTn1k0nQNROTRaX1
20150623152934Ch_4,\l``24lo11N2N2N2N101N2O6D^OnPNd0on18O3M9G1O10004NN001Oa0EbQNUOZm1l0cRNVO]m1j0aRNWO`m1l0YRNVOmm1[14L2N3N6H3N2N1O3I6M3M3N\RW]1
20150623152934Ch_5,km^g25ho16L2O0N2N3O000iPNBln1k0N1O100O100[QNPOYn1P1eQNRO[n1n0cQNTO\n1m0`QNWO_n1W1OO010O5K1O1O1O1O1O0010OXOZQN7en1H^QN7bn1G`QN8an1FaQN9To1O00100002N1O001O0000O1O1O1O10O100O10000O4L1000O3M4M0O2L[PgT1
20150623152934Ch_6,XoVe03lo1101O00101N1O0000000010O1000O1O01O00000001O01O01O1O10O001O0000000000001O1O1O2M]PYX3
20150623152934Ch_7,molg01no14M6I3`PNDXo1d0N2O0O001O11O00000001OO10022NN0000062JN00O24OL00O13M1O00000001OO1004L2N1O0O20O00O11O5K00002N4MOO10131K001O22MO00005[QNPOom1f1K2N00>B4L0000022NNO1O1O<iRNYM]l1h2aSNZM^l1h2`SNXM`l1V3OmLdTNa1[k1[NnTNa1Rk1]NoTNc1Rk1[NoTNi1bl1=B2O1M4M2O1N2N3MdM_SN`1\l1]NhSNc1Wl1\NkSNc1Ul1\NmSNe1Ql1[NRTN5[Of0bl1TOWTN2\Of0]l1XOXTN0]Og0\l1XOXTNO^Oh0\l1VOQUNi0Tm1O1O1O8H1O1O1Nlh^Q3
20150623152934Ch_8,Q[ah1;do12O1O1O1O0010O1000000001O000O1O2N2N01N2O1O1O011O00O01O0000001O1O1O1O0000000000000000000000O1000000O1O1O10O1O1O10000O100000O1O1O1O10000000000O1000000N2O1000O1O1O10O001O1O01O00O2O0010O1N11O001N010010O010O10O00010O0O2O1O1O1O1O1O10O000N1010N3K31EQQNEPo1;RQNCnn1=TQNAln1`09000001M3N11O0O11O10O1000000N10100O1L4I70O010001N1010O01O100O00000001O1O1O1O0O3M2N1O001O000010000O001O1L3M31O01N1O2NN3O2O001O0L31O2OO10O1O11O000000001O1O0100O0O2L400000O1O100O100O10O100O00001M20101O001O1O00001O0O2O1O2Migjh1
20150913082034Lh_1,ioVi24ko13N1O10001OO1001O2OOO10O2N10OO2NlofU1
20150913082034Lh_2,lPaj24eo10]PN3`o18O3M2N0010N2O4L2MUohT1
20150913082034Lh_3,YTQ[2b0]o12N1O1C=O1O1O0XOd04O11O0XO`08M4O1O1B>M3N3M3^Oc0M2N2Nkm^c1
20150913082034Lh_4,UUYg26io12O0001O10O010O1O100O1010OO102O1N00O033MOO0O1O3M2N1O1NPjnV1
20150913082034Lh_5,QVSa12mo13N2N1N2O1O1O10O0000000001O1O1O1O1O1O1O1O1O2N5K001O20O0O1O00000000000N2O10002N1O10000O2O0O1O2N2N1O0000001O0000000000000000000000000000000000000001O01O2N01O1O010OO1O1O100O2O3LUi\Y2
20150913082034Lh_6,iVYg13lo12N2O1M3N1001O1O1O00001O00001NXifW2
20150913082034Lh_7,mVii13lo13N1000O1O010O101O0Olh`U2
20150913082034Lh_8,hWok15jo13M2O010O0001O0110OO10O1O1O1000O1O01000O1O2O0N5Khg^R2
20150913082034Lh_9,fZQh01no14N0000O11N10O3M0101O1O1N1O101N;F0000101OO001O2N0O00100O2N001O2M2O1O001O2N1N3NRd^U3
20150913082034Lh_10,Y\[Y12mo12M2N2O1O1N2M110100O1O1O1O2N1MVdde2
20150913082034Lh_11,i]gT14ko13M2O0N2O10000O10000O1L4N20001O00001O1O010O01O1O00001O001O1O1O001M2O101O2N0O2O1NXbfh2
20150913082034Lh_12,]^Ql12ko15N1O2O2M2N010O10O102M5K1O1O1NXanR2
20150913082034Lh_13,Uam^2:co13N3N1O1O1O1000O1O1O100O100000O2N2J6N2N1O1O000100O1N2N201O2N2M2O1N1O1O2N10O100000O1O1O1O1000000OO2O10000O10001OO2O\_^]1
20151003081954Uh_1,Rc`a11no14M10000O010O1O1O01O1O3Lh\e]2
20151003081954Uh_2,YfP_2>ao12N2N4K=E1N2N2M3N2O0L4N2OSOnQNNQn12RRNMlm13VRNMhm12]RNLam14aRNL]m14eRNLYm15gRNLWm13kRNNSm11oRN0ol11QSN0ml10USN0hl10\SNOcl10aSNN^l11dSNOZl11gSN0Xl1OiSN3Ul1MlSN2Tl1MmSN4Pl1NQTN2mk1OTTN2ik1OXTN0hk10YTNOfk12[TNMdk14aTNG^k19dTNF\k19fTNFZk19hTNFXk1:mTN@Tk1?W2O2N2N2O0O2O1MiZm]1
20151003081954Uh_3,Rf`f26io11O200O1O0100N10001OO2O001O002N100O0100000O01O0000010O1O1O0011N1O0001O100O0010O2N0010000000O001O2N01O1O100O01O1O1O10O020O0O01N3JRY]U1
20151003081954Uh_4,lihX16jo14L02LTVof2
20151003081954Uh_5,]\SU33lo11N2M3N2O1N2N200O1O1N2O1O0N2O101O000O1001ON3M11O20O00O020OO1O11O00O2N01001N101N200L3MK9N11N2O001O0O00100000N2M3O101O1O10O001M20001M2O20O01O0001M200001N2O0100000001O001O00O010O01O1O1N2N2O2N1N2N2O10000O01O1O1O1O010N2O1O01000O100YOZOTRNf0im1@URN?km1AURN?jm1CTRN>km1GjQN?Rn1j0O1O01O1O001O01O100O01O1O100O0000001O1O1K5N2O1O1O1O2N1N2M3G8O1O1N200001OO1O110O001O1O1O1N2K6M4Jfh^`0
20151003081954Uh_6,e^cY22mo12N4L3M2O1N4M1O1O000000000O1000000O100O100000000001N2M2O2O0O1N20O01000O1O100O100000O1O1O100000O010O1O1O1O100N2O10O000001O0O2M3N200O01O1O1O102N1N2N2M7IPbda1
20151003081954Uh_7,Y^cU32mo12O3M4L1O103N01OOO1Mbafi0
20151003081954Uh_8,k_Y`14jo13N1N2M200O1O2O001O1O000001O100N2O000000001O010N2O0001OO10010O01O01O0001O001N1000001O0001O1N3M`af\2
20151003081954Uh_9,Y`Y_15ko11N01O0001O0101Kn_T`2
20151015170634Ch_1,UaVj0460Xo1?N1O1O000000001NN3N3OO2OM4M30000O100000000000000000O2N1N200O2M2L4O1000O1N2N1100000000N10O2O0001G\OTQNf0kn1]ORQNd0nn18001OO10O002O0O1O002O000O01N1000010O000001O1O1O1N11O00000100000O000000000001O001O0O1O2N00010000O10OO1001O100000O1O00000000000001O010N2O0001OO2O001O000N201O1M3O1O1O2MY`]m2
20151015170634Ch_2,Ud`S15co1MbPN6[o1LcPN5Zo1:N2O1O1000]OiPN<Xo1BlPN<To1DlPN<\o10001O0011N100O1O01O1O1O00001O00001O001O1O00001N1Oi[Wj2
20151015170634Ch_3,lf^U14ho1:J1N201N5K2N1O11O1N0000O10001O1N:G1O100O5L0O01O:F2N100O00100002N9F10O024UOVQN5jn1IZQN4fn1K\QN5cn1K^QN5bn1J_QN;[n1EgQN:Wn1GiQN9Wn1FjQN>Qn1BQRN?lm1AURN`0jm1_OWRNb0hm1]OZRNc0fm1[O`RNa0`m1]ObRNc0]m1\OeRNd0[m1[OfRNe0Ym1[OiRNe0Vm1YOoRNd0Pm1\OPSNd0Vn14L6J1O1001O4L0O002N1O1O002O0O1O113NN0000O5K100O1O1O3M1N4KiUWe2
20151015170634Ch_4,jldT21mo14UNOTSN8lNKmm10USNa0gl1AXSNa0bl1D]SNe0Zl1]O`SNo0]OcN`l1?RTNP1\OcN`l1>STNR1ZObNON[l1?[TNg1_k1[NXTNR2dk1nM[TNT2dk1lM[TNW2ck1mMXTNW2ek1W1K1O00O1^MnTN_NBM3;H4fk1R1mUNdNaN8dk1R1mUNbNcN:bk1R1[VNlNgi1Q1e2O1O00OO3M202O0N2O1O2Oi0WO2N1NdTQi1
20151015170634Ch_5,WQob04jo13N100000000O100N2O101O00001O1001N0000O1O1O10000O10001O0O1O101O3M2N1O01O1O001000000000N2O1O1O1N2N2N2O1O1O1OROYQNd0fn1[O\QNe0cn1ZO_QNf0an1WObQNj0jn1O10O2N3M1O1O9G2N1O0011NbQNeN62em1V1TRNjN52gm1S1TRNlN33im1\1SRNfNlm1h1O100O00001O1O3M6J1N2N5K3M2O001O001O1O2MUNWSNYO8>_l18[SNXO8`0]l16]SNXO8b0Zl16]SNXO;b0Yl14ZSNTOf0h0Ul1YOUSN9ODk0i0]l1ChRNDl0i0[l1BkRNCl0k0Xl1ATTN>jk1A[TN;ek1D^TN;bk1DbTN9`k1BcTN`0]m1100O3N3NOO1O2O4K1O01134H000O1O1TRNkNkl1V1SSNmNkl1T1TSNmNll1S1RSNROkl1R1PSNPOol1P1PSNQOPm1o0nRNSORm1m0mRNXOol1_OVSNf0EKUm1]O[SNg0]OMXm1ZO]SNe1dl1YN]SNg1bm1L3L2O003L5K2N1O3D<J5N2FdPNLhhPT3
20151015170634Ch_6,]UYk11mo13M3O2M2O1O1000000000011O0OO10O01O010001O00O03N2N00O1N3M2M3O0OQjfR2
20151015170634Ch_7,mVQ`0a0^o12N2L5Kc1_N3N1N5L:F1O1N3L7KdMcSNV1[l1cNcSNXO5T2Wl1bNSTN`1ik1WNVUNW1fj1hN`UNU1_j1jNdUNT1]j1jNgUNT1Yj1jNVVNi0ki1SOZVNj0gi1TO[VNk0^l1N5A?J3O2L]fV^3
20151015170634Ch_8,QXQj1h0Vo12002LQhfU2
20151015170634Ch_9,eYki02mo12O00001O004K4M1O0O1SOESRN=lm1FRRN9nm1IPRN8nm1JRRN6jm1NURN3jm1NURN3jm1NURN3km1MSRN4mm1MnQN6Tn1JkQN7Un1IjQN7Xn1IfQN9\n1d03M00O100000000000O10002N1O1N1O1O10001000000O1O1O2N1O1O5K4L1O002N2N01004L0000O1O1O1O01O1O1O1O1O1M3N2N2OSf^Q3
20151015170634Ch_10,U\YZ13lo13M1O001O010O1JJbPN6]o17O1N2O10O100O1O100O2O1O1O1O00000000000O1O100O10000001O1O1O100000000O1O1O1O1O1000000O1O1O100O1O1O1O1O0203LO01O6J1O10O0101OO1O0001O01O110OO1O00000000001O2M1O2N100O2N10Scn_2
20151015170634Ch_11,T\oZ23jo14N100O0000000101M2MVdZd1
20151015170634Ch_12,W]iU18fo13O0O100O100O1N0101ON3M1101O1O0L5O1O2N2NXclh2
20151015170634Ch_13,Q]_`12mo12O001O001O1O1O000000000100O1O001O001N2NkbV^2
20151015170634Ch_14,g_[m14ko1212RQN24KXl1^1bSNeN]l1[1cSNeN^l1[1`SNfNal1[1\SNfNgl1Y1fRNhN01[m1W1bRNkN1O^m1d1bRN]N^m1S20XNcRNQ1Zm1bNRSN]1nl1aNSSN`1ml1^NUSNL_Od1Xn10O10`NjQNT1Vn1kNmQNS1Sn1kNQRNS1Pn1iNSRNW1\n1O1O9UOUQNMQo1MUQNLon12b0Mh]nP2
20151015170634Ch_15,]aiX2>ao13N1O4L4L1O0000N20000001O1N10OO101001O1000O01N1O100O2O1M3N2N2N`^Ve1
20151015170634Ch_16,PccQ23lo12N1O101N101O001O1O2N9G1O0010O001O2N2N1O1O100O1O1O1O100O0O1O1O2N1O1O100O101Nd\nk1
20151026171014Mh_1,mdXV32mo12O1O00001O00O100000O100000000O001O1000000000O1O1O1000000O11O1O1O1O00000000000000000000000O1O1O1O1000O1O1O0001O1O1O1O1OO10100O1000O1O1OO101O100000O1O000000010N2O1001N1O2N2N2Ol[Wd0
20151026171014Mh_2,cgX^17fo14O110O1OO01O3L4M100O1000000O011OO010O1O0001O100O1O1O1O1O1O1O1O1O1O1004L1O0O1O1O1O01004L0000O1O5L00O1O00001O1O1O100O00000000102O0N1O1NQW_]2
20151026171014Mh_3,Ui`S16io12N2N3D;N100L4J6O1O1O0OI9L3000OK7L31O00M3N2010N0101O100N2O0010OO101O100N2MZXSj2
20151026171014Mh_4,fhdo26io16J3N1N1001O00001O1O1O10O1001OO1O002O0O000101N0000001O0013N21L00O1O2O000010O00000000000000000000O1O1O1O1O116ML00O1010OO011O00000O1O100O1O1O5K1O011O5K00O14<CON00002O2M0O1O2N100O108IOO100O10000O1N3M4KlSSj0
20151026171014Mh_5,QXke02mo13L6SQNGjm1=kQN0k0J_k18dSNOm0K\k18eSNOm0J]k1:bSNOm0J_k1;\SN37>]l1=bSND]l1>`SNDb0eNjj1g3kTNcLoj1Z4M3N1O10000O1O00O11EUK`UNk4`j1ZK[UNf4fj19001O100N2O1O100O2N1O1DoTNiKQk1T4TUNiKnj1T4VUNjKkj1T4VUNlKkj1R4WUNlKjj1S4XUNkKjj1S4b001N6J3bLkSNl2Xl1oLnSNm2Vl1lLPTNQ3bl1M5K2N2O0N4M2cMdRNS2^m1kMdRNT2fm1M3L201N3H7J6N2O1K5L3O2O1J6M3N102L3N2N1O1O2N1O2N2N1O2N10001NPgjT3
20151026171014Mh_6,R^[R11no13M9H2N1N100000001O00001O1O10O0000000000001O1O1O001O0000001O2N2N1O1O000000O1O1O1000000000000000000000000O10O1O1O01O1O010O1O1N2O1O1N10O1000N2ON4O00M4M300O1N1H80000M4O1O1O1O1K5O1O1O1N200O1O^OhQN^OSn1?XRN]Ohm1`0^RN]Obm1c0`RN[O`m1f0bRNWOZm1h0Q1000000L40001OO1001OO10L400000O11O00O1N02N3O101M3N2N2Nhdfe2
20151026171014Mh_7,Ybig1:eo12N2N4J;G2N2N2N101N1O1O010O1J5FdNoQN^1Qn1fNiQN]1Vn160_NjQNZ1`m1kNgRNMNL7d0Tm1FdRNKd0=hl1JcRNHg0<fl1:[SNDYl1h0_1O1000H62N2000K05000M3TOh040001OOM401O00gNXNZTNR1]l1POaSNo0`l1SO_SNl0al1WO[SNj0el1AnRN<Wm1GdRN7am1m0`RNmMam1R28K5L4N100J7N1O2N2N2M3N1O1L4O1O1O1L4N2O010N2O1OM3O100001OO1001O1O1O1O1O1O1O1O000000000000000000000000000000000001K310J_OmPNc0on19M201O100000001O11O4LO02UOSQN?Wo101O1O0O3M1O1O100O1O1O10O10O01O01O1O1O10O10000O000001O100000O10O1O00002N1M]dTn1
20151026171014Mh_8,jcid24ko12N2O1O1N2O0O1N200O1BAZQN?en1GUQN:ln1GRQN:mn1IPQN8Po1<O1O01000000000O10O1O10N10100O100N101000O001N200O0O1100N101O1O10O1O1O1O10O10000O1N200O01O0001O10001O1N1O1O2N1O1O00O1001O0ON4N1001N02O0001O0001O10000O10O0O1001O0100O1O10O001OVOiNlRNW1Sm1kNlRNV1Rm1lNmRNS1Tm1nNkRNR1Vm1nNiRNR1Vm1POiRNQ1Vm1POiRNo0Xm1ROgRNn0Ym1TOeRNl0[m1ZO_RNg0`m1m0O01O01N1010O0000M3001O001O1O100N2O1OO2N01O10000010O001F9000001O1O1O001O01O001O000000000O1O101N2M3N200O2M3QNVRNd1Un1N2N3G8N2N1O1J6L4O2O1L4K400O2M2O1O2Nh`fo0
20151026171014Mh_9,lbgd22ko13O2OO100OY]lZ1
20151117212434Ch_1,a`Xi2:eo12N2N2Jc0A101N2O1O1N1L4N2N2O101N10001N2O1O1O000000DoQNiNPn1X1RRNfNmm1Z1URNcNlm1\1=N1J`QNmNan1R170O000O1N3N1010O001O100001O0000010O00001O01O000000001O01O000000010O1O001O0000O100O1O1002M3N1O1N3M3M3O0O20N010N1O3F9M2O101M2O1O10000000000000O100000001O1O1O1O000000010O002N1O00O2N100O10O01000000000001O2N001O1O1O1O10O0100000O1O2N100O1O2N001O00000001N101O1O1O2N1O1O002N1O1O001N2N2O001O1O1O1N2O3M00M4N2N2O01O01O1OL5K4L5M2N]_ij0
20151117212434Ch_2,dl`a2?`o12N2K=E4M2O1N1O8H3N0000000010OiQN^NQn1b1kQNoNi0Ijk1KcSNb1b0dNkk1FgSNf1<eN\l1\1_SNgNdl1Y1VSNhNol1V1oRNjNSm1U1lRNkNVm1X1eRNiNem1b13L4N2N6K3L2O1N<C3O1N2O3M7I1O1O1O2N1O1N5GWQe[1
20151117212434Ch_3,jlnW32lo15M1N200Oa1_N1O0103L2N1O0O7TOk0E7M3MeRof0
20151117212434Ch_4,mWQh23lo13N1N1N3O0O10O100O0001N20O01O0O11O0001N200O1O000000000M300001O1O1O0000N02O01O1000000000O10000000000001OO100001OO100001K3100001OO100000H4400000O1000000000M4OO10O2L30000O1000000000000000000001OO100001O001O0000O1O11O1L301O0N2L40000N1O12N11O1N2O10OO1001O0001K5O00000L31O100J^QNnNcm1P27O2O2N2N2N101O01O0O1O1F:O1O1I7M30O01M2JN801OO2N01000001O0O2O1O1L4O2N2N2N1O2N2N2L4L4N100J6N1001O1O10O1O0N3O1O01N02N11O00O1O2O0001O1O01O001O1O1O1O1O1O2N1O3L3O1N5G:GcoZj0
20151117212434Ch_5,URkc12mo11M3O1O1O000010O10000O1O1O2MUnV[2
20151117212434Ch_6,mRUb12io15M4N1O1O000000001O00O11O00O101O1O1N2L400O2Nhm\\2
20151117212434Ch_7,b^QQ1b0\o13M3M4L4L3O0N100001O1O1O100O1000000000000O01OOM22O11O0L4000001KJ:N2000KN8M20N3hNWOTSNh0Qm1ZOmRNf0Sm1\OiRNf0Wm1MRRN7nm1m00O1000D;0010NC_RN`NXm1g1a0O20L3J25L3000OfNhRNNZm1KPSN1Pm1ORSNOnl12SSNLml1Od10000000001O010O1O1OO1000O20N1N2000010O001O02N1N2M302MafVi2
20151117212434Ch_8,a`Ug12lo13M4M2O10O101N100000O010O100O10O010O000001O2N001O0001O01O1O001O0000O10000O1O100000000001O001O0000O1O10O10000O1O101N2O1N10O000001000O10N2O1O1O100N3N100O100O1O001N2O1O1O1O1N200O000POoNPSNS1Pm1nNnRNT1Rm1mNlRNS1Um1nNhRNS1Ym1oNdRNm0am1SO^RNm0cm1TO[RNl0fm1TOYRNl0hm1UOURNl0lm1UORRNk0nm1WOQRNh0om1d0000O10000M300000IK<O11N1MO4N20O0O02M21O2NL6N200N3WOj0K5M3L[bfP2
20151117212434Ch_9,iceV22lo13L3O1O1M3N2O010O000001O001O1O0100000O1001O1O00010O1O0010O1000O1O1O10O000000O100O0O200000O1O100001O001N1000000O1O1O10001O00000O1000O01O100O01O10000O10001O1O1O1N102O0O0O2O002N00000000O1O1O10O01N2O1O1O1O2N100O2N1O1O10000000000O1O101N10O10000O010O0O112M4K3M2O2N3M2N2N2N2LQ]l`1
20151204133714Th_1,UVYS24ko12O2N2N5K1O10001OO1O00000000000000000O1O1O10000O1000000001O00001O001OO1O10000O100000000000001O1O1O001O00000O1O1O2M20ciPi1
20151207173614Mh_1,U`ZP12no10O1O1O2N10000000O2No_on2
20151207173614Mh_2,^i^R28fo1;G1O1O1O2O00O02O1N100O2N2N1O100000000008H2N1N1N4I8I4OdUik1
20151207173614Mh_3,SkfS2>`o1d0]O2O1O1O3_QNXOdm1i0ZRNYOem1h0YRNYOhm1a14;EbMfRNk1gm11004:CO00O3MTNPSNi0Pm1SOVSNk0il1TOYSNl0hl1QOZSNo0Un1OJN00002O2MO2O23OL000008H0000004MO00O1O5L1N010N3N2N1N2NbPWi1
20151207173614Mh_4,]VUU12no10O101O000000000000001O100O1O000000001O0O100000000000000000000000000000O1000O100000000000O01O10O010O100O10000O010O1O1O01O1O01O0001O001000O2L4NoiZf2
20151207173614Mh_5,jWQi01no12N101O000O1O2N1O1O1O0O11N1000O11N110O01O0010O1N2O1O01O001O001N1010O00100O01O01N2N2O1N3NSiTT3
20151207173614Mh_6,VZgc05fo16N2N1O1M3O001O10O^O@fQN?Zn1CdQN=Yn1IdQN7Zn1OaQN3^n11]QNOdn1f00]O\QNKdn15^QNHcn18^QNGbn19`QNE`n17fQNGYn18i0O0001N02O0001N02O0001N01000O2N01000O1000000000000000000001O1O1O1O1O1O1O1O1O100O1O0010O100O02O1M2O2N2N\hfW3
20151214171854Bh_1,\]jg05ho15K4O2M2O1O10O01001N100O00100O1O1O00010O01O100O100001O0O1000O11N10O=D1O0O101O1O0O1010O00O1004L1O0O001O0010O0000001O1O1O001O101N001O1O1O1O0100O1O10O1O1O000001O000000O1000000000000000000001O1O1O001O00001O1O1O010O0O100000001O0001O000000010O100O001O2O0O002O4MOO1O2N10O0000000000001O2N0001O01O0011O01N01O01O001O1O00001N101O1O1O0000001O0000001O1O1O0010O02N1O1O011O00O100O1O1O01O1O1O10O01O2N0002O0O0001O1O1O1O001O2N0001O0000002N1O100O1O10O010O11N101N11O000O020O0000gPN\OTo1j0O1O0O10O001O010O2N2N101N3N3L00010O0000101N001O0101N01O1O01O01O01O1O1O01O1O1O1O00000000001O1O1O000O1N201NQ^_f2
20151214171854Bh_2,]^bY24ko12M1O20O01O1O1O1000000000000000000000000000000000O100O1O1000000O2O1NkaWd1
20151214171854Bh_3,i_hk26io12O0N2O1O1O1O000000001N200O1O0O11O001000000000000000O1O00O2000000O10000000001N2N2N2N100O1N2O2Nh`WQ1
20151214171854Bh_4,efhZ1:eo12O0000000O10000000000001O01O1O1O10O100O0010O1000O10O1O100O10O11O00O001O2N0100O1001N1O2N2N2N2MaXWb2
20151214171854Bh_5,Ui^[12mo12O1N10100O1O0O2O00001O100O001O001O1O10O100O10O11O0O0100O2N0010004L0000001O00002N5MN1O0013L000001O2N0O1O2N2N01001OO1000008H000O12O2M1O112M1N00O13M2N00O11O1O0O1O3N1N1N103LRTU_2
20151214171854Bh_6,ePgf12lo13N1O2N1O100O1N2O100O1O0010O001O0O1O110O010000N1O011O0O1N20000M4O00O11O001O1O0000001O001K40O11O001OJTQNYOln1g0600L400000L31O1000WOg0201O0000001O1O1O1O1O2N3L3L4N2N2N1N3O0O100O100O1N2O1O2N2N2M3N2NTR_S2
20151214171854Bh_7,moPW26Q12]m12aRN0\m13cRNM[m1=ZRNHbm1?TRNHim1<PRNInm1V1N2N10001O1O1O10O1O\1dN5K1O1O2N001O1N6J3L3N`nXg1
20151214171854Bh_8,iQmo22mo13N2N1O1O002N1O00100000O001O100N3NPnnn0
20151214171854Bh_9,dTkX13lo12H9_Oa0M1O2N001O01O1O1E;O1O1O1O1O1O1O1O1O1O100O1N20000O2O1O2MUlVe2
20151214171854Bh_10,]Vmi22ko14K4O1O1N2N02O0001N01001O00100O1O000000001O1O1O01O000010O01O1O0000000000000000000000001O001O1O1OO1001O001O00001O2NWk^R1
20151214171854Bh_11,oVW]14io14O1N1O3L3N101M3N3N1N1O00K5M4O001N2N20N1N111O01O1O1O00000000000000001O1O1O1O0010O1O1O100000000000O1O101O100O10O000001O1O1O1O000100000O1O1Ogi\^2
20151214171854Bh_12,[V_Y19eo15K3O0000001O01O01000000O2O0O10O3M2N1O1N5L4KUiRe2
20151214171854Bh_13,cXoj14jo12O2N1O001O001O001O1O001OO101O10000O001O01O1O0100O100O1O1000000O1000000O1O2LRhbR2
20151214171854Bh_14,f[Yo24ko11C=L2O3O1O0010O01O01O0N3M2N2O101O00O1N3O001N2N1O2O0O1O01O10000O1O01N2K6N1L4L4O0010000O0101O01O0010O000B?L4L3O2N1O11O0O01O20N10N2N21O0O1001O01N110O1O0001O001O001O1O001M2N3O2MPhVk0
20151214171854Bh_15,VZed24ko14WPNN]o1=N1O000000001O001O1O10O1O1O1O1O1O1O10000000000O11O00O001O2N01O1O100O0010O1O10O010O01O1N2O2M102MndVX1
20151214171854Bh_16,mZgZ28go13N1O000000000010O1O1O01O2N01O01O000000110OO0000001O00000000000001O0001O1O1O1O000001O001O1O0000O100O0010O1O1O010000000O10000O1O1O10000000000O1000000O1O1O10000000000000O1O1O1O100000O100O1O010O1O100O1N2N2O100O01O1000000O10000000000000000000000O100O010O10O1O0001O010O10O1O00100000O100O101K4O2M3N1O2N2O1Ncej[1
20151214171854Bh_17,n^[i04ho16dN:gQNGNa0lm1a1F5J3M3L>D3L4M4L3M10O0O2dMTTNb0mk1YOZTNSODn0Tl1LnTN1Tk1LPUN1Vk1BWe\U3
20151214171854Bh_18,aakY15jo12N1N3N1O1O0O11O01N2M3O001N2K40O110O01O1O01O1M2O2O00OM4000O1N2001OO2L21001O00O1000100N2O001O000000E@VQNa0_n1e0001OO2O01N20005J3N1O0O3L3FmPNDUo1:mPNDUo19Qana2
20151214171854Bh_19,na_m17go18J1N2N2N2N2O0O101O00001O100O01O1O1O1O1O1O1O1O011N1O00000000000000000000000000O1O2N2D[OZQNf0en1\OYQNf0fn1:O2O0001O0O101N3M4L2O001N101O001O1O00000000000000000OO2O1O010O1O00100001O000O2O001OO1O0001O0010N1001OO10O100001N2O10OO10010O1O1O1O010O1000000O00O110O1O1O1O1O100O100O1O1O1O1O1O1O10O01O000000100N20O000O11O0001N110O000O200O00000001O10O10O10N100010O01O0010O2N2O1O0O10O00O1100000O10000O2N2HQ`hf1
20151214171854Bh_20,UaoQ36co1?F3N1M2N2001OO0010000O1001O00O10O1O2O1N2M3M4M4Kj_^l0
20151227133734Ch_1,Y`ng12mo12dNOgRN1Xm10gRN1Wm12gRNOUm17gRNKXm17gRNIXm18gRNJXm16gRNKYm16dRNL\m14cRNN[m14dRNLXODPn1a0cRN4\m1MYRN>fm1BYRN0OCgm1?XRNO1Bdm1c0YRNK5B_m1\1eRNcNZm1]1hRNcNVm1X1\RNeN?2Um1X1TSNeNcl1c1m0000O1NN4M4O100N2jNaQN1040Han12aQN005OGbn12aQN0O6o`QV2
20151227133734Ch_2,iabg12lo13D=K4N2N101O2N1O00IPQN]OQo1>;I7O2N2Lj^]W2
20151227133734Ch_3,Pchg1a0]o13N2K5M2N3O0211O5I0O1N4@hPNOS\_W2
20151227133734Ch_4,YfbQ32mo11001O000000O101O01O00gYem0
20151227133734Ch_5,afhR32mo12O102N2N0O1O011N001O101N10O2N1G^PN2ho110N2NPYok0
20151227133734Ch_6,XgPT33lo12O01010O000O1O1O2N0100101N05J001O01O00001O0011O0O1O00000000001N2ORXki0
20151227133734Ch_7,ihXV32;3L0jn1OXQN3L0jn1NYQN4K0in10XQN?en1e0H3O10000O01O1O3M3M1O117IO\OSQN5ln1HVQN9jn1EXQN;Wo1O2O0O1N:FkUUh0
20151227133734Ch_8,Qi`m14lo11N0100O010000000000001O0000001N1OPW[Q2
20151227133734Ch_9,QiXX22mo12O1O2N4L1O01O1O1O10O1O2N0010O11O00O00000000000000O1O1O1O100O10000000000001O0000000001O00000000000001O1O1O1O01O1O0010O1O1O1O00000000000000010000000O00000001O1O1O1O10005K00O04L3M1O01N2M3N2O1000]QN_Ofm1a0XRNAhm1>XRNCgm1?WRNCim1a0QRNAnm1?RRNAnm1>QRNDnm1>oQNDRn1<fQNLYn13fQNOZn1k01O1O1O1O001N3M1O10001O001004OM00iQNhNem1X1WRNkNkm1e10O1O001O1O1N2N3J5N2N2N2N2N2N2O1O1O100O11O00O1O1O1O100000000O100OUUN\O]f1a0aYNB_f1>_YNDaf1>\YNBgf1=WYNDif1<VYNDkf1;TYNGlf18SYNLkf13TYNd0Wf1[OhYNg0Xf1YOfYNi0Zf1WOdYNk0\f1YO]YNk0ef1ROXYNQ1hf1oNVYNR1jf1oNcVN@_1f1lg1oN^VN_Oo0X2ch1YN\VN@P1X2dh1YNZVN@Q1X2fh1XNWVNAg0LnN\2Uj1POSVNU2ni1jMQVNW2Pj1iMnUNW2Tj1iMjUNW2^j10`UNcMdj1W2`UNUMG^O32ij1Y3_UNUMG^O33gj1Z3_UNSM[k1l1ZTNmM4L8:\k1h1^TNnMe09oj1h1]TNlMf0;oj1g1]TNkMg0=Rk1T1mUNgNVj1U1lUNjNUj1T1mUNjNUj1T1mUNjN[j1a0l2I5O1NUR_[1
20151227133734Ch_10,ei`W23lo12N100O0010O1O1MbVmg1
20151227133734Ch_11,QjPV2k0To13N102200L1N2MbU_i1
20151227133734Ch_12,ak^e12mo12O1O001O1O1N100O1O1001O1O001O000001O001010N0000000001O1O100O000000001000000000O11O00O000000001O1O1O1O00000001O001O1O00O1O10000O10000000O10000001O00000000000000000001O0000001O1O1O0000000000000000000001O1O1O0000001O00O1001O1NlS_S2
20151227133734Ch_13,mkPl12mo12O00000001O0O10000000STWS2
20151227133734Ch_14,Ymje13mo13O1M100O1O1O1O1O10O10000O01O00000001O2N01O1O100O0000000001O1O1O01O1N2N2N2N2N2N2O02O23KAnPNORo10oPNORo10oPN0Ro1MPQN3Po1LQQN4nn1LRQN5nn1ISQN7[o101O001O1O1O1O000000001N`QWV2
20151227133734Ch_15,]PYh12mo12O000000000000000O1000000O1O1O100000000000000000000000000000O1O1O1O10000O2OgoXU2
20151227133734Ch_16,]RYg07ho12O0N2O1O1O001C;101O10O01O0001OO2O0000000O200O1N2O0001O1O01001O0000000000O100O2N3N0001O2N010O1001OO000001O001O1O1O1O000000O10O00000001N2O1000000000O2N2N2O001O0000000000000001O1O1O001O0000002N1O1O003M3M1O1O1O1O1O10O2O1WOnPNa0Yo100N4M2N1N2O1N2O1O0O2NdmTQ3
20151227133734Ch_17,RYo`04^o11jPN1So13jPNOTo12kPNOSo1a0ZNGaSN;^l1G`SN:_l1H_SN9_l1JfRNHOf0Xm1_101O1M2O011O001O0001OM4BTMeSNo2Zl1SMcSNn2]l1TMaSNm2]l1<N1001O2N1N2L4O000ROaSN[N`l1V1]SN[N`06Sl1_1\TN]Ndk1d1^TNYNak1i1Z1001O1O2N1O1H7L40010O10O10001N2N3M10001N10000O1O1O0001M20000000K6M2O100K6N2N3N2M3F^QNPOgn1f0ZQN[Omn1e0UQNXOln1h06000000000O000H8001O10O10001005K2N0OO1O1000O2N3F9N1O2O1O1O001O001O1N3N1O00WkbW3
20151227133734Ch_18,UUak12mo12N1O1O1O100000000O1O1O1O1O1O000001O1O1O1O1O01000000N1000000O1O10000100N101O01OO101O100O1O1O2Nhk^Q2
20151227133734Ch_19,eYWR22mo12N2O003M3M1O002N5K1O1O1M;G1O1003mNXQNk0Po1MO1005OL0000040OM000013L00O1O5K100O1N2M3N2N2NhdVk1
20151227133734Ch_20,ebQc26io12N2O1N3N1N113L7I100001O0O100O1N2O1O0000000001O00000000000O1O1O1O10O100O1N200000000010000000O02O00O1O01O00001O1O1O1O0O1O1O0001O1O100000000O1O00000100O1000000O1O1O1O100000O1O1N200000O1O1O1O100000O1O1O1O1000000O2O0M2J7O1001O1N2M3O01O001O00O1O10O0100N2O1O100O1O01O00100O001M3N200O01O1O0001M3N200O01O1N2O1O1O10O001O1O1000000O1000O1O1O00100N2O0010O100000O100O1O100O10O00000010O1O1O1O1O100000O100O1O100001O0000000000O1O01O1O01O1N200O001OO100001O1O1O1O0L5O10O2M3M3N1O10000000O1OO10101O001N10O01O1O001000O100O1O00O2000000O01O1N20O010O1O100O01O1O100000N2O1O1O1O0O3N101Kk_\k0
20151227133734Ch_21,Vbi`2=bo12O10003M0O10O1O1O1N2N1N4M1O2N2N1O`]R^1
20160116133734Ch_1,eXli14ko13K3O2O0O1O0010O2O1M3N2N`gYU2
20160116133734Ch_2,iZVh12mo12N2N1O2N2O1O00000O100O1PQNJUn18]QN8_n1I`QN:^n1FaQN;_n1b01O1000O01L4M3OO2OK6O001OO1001O10000000000O10001O100O00001O0000001O001O00000000001O00000000000000001O00000000000O1O1O1O100000001O1O1O1O000000000O1O1O1O1O1N2N2O2M]egQ2
20160116133734Ch_3,m[`Q21co11dPN3Zo1OdPN3[o1NbPN4]o18000002N1O1O1O4L9G2OO02N2N001O107JOO1O00000000O1L4N10001O001O100O1O100O1O101N101O1O0O11N1O1000O010O20O5L1O1N1O1O2OO01O000000001O000010O2OO01O000O100O1000000O10000001O001O100O0100O0003M3N0O002N1O1O1O1O2N1O1OO1O1O1O1O100O1O100N200O1000000000001O0000O100O1000O1O101N101O1N2O1O2N1O000O1O100O1000000010O1O1O00O100001O00001O001O2N104L2N1N101N2N1N1O5I5L3N2N2O8H1O11N3M3M00001O00001O1O1O10O001O1000O4L1O1O000000001O2L3N2O1O1N101O002N1O00001O00001O1O1O0100O4L1O1O1O2N1O1O1O2N1O003M3M1O01N2M3N2N1O2L3N3O1N3M3L201O3M2M2O1O0001O001O2OO0001O0000001O2N001O11O0000O1O1O1O1O2N1O001O00001O001000O10O1O1O10O01O1O1O10O001O10O0100\NiQN^1\n1001O00001N1O2O1O1O001O0001O1N1O1O2N1M3O2N2O4L1O001N1N200O2O1O1O0000001O0000000001O1O1O1O001O00001O5K2N2N1O001O00O1O1O1O1O2O2N001O00000001O1O1O1N1000O001O2N2M3N2O1O00001O1O10000O000001O0000000001O100O000100O0O2O000000001O01O0100001N010O101O0O100O001O001O2O0O1O1O1O000000001O00000100O11N0010O1010N10O1O2N0O101N100O102M2O2N1O1O001O001O0O2O001O00001O1O;F1N0O01O1O100O1N2M3O2N1F:O1O101O0000O1000000000000000O1O1O10000000000001O0000O1G9N2O10000000000O1000001O2M101Mn_gl0
20160116133734Ch_4,\^XZ13mo11N2K7F;L1N2O1O10O01O011O00O0000001O00000000001M3N2N100N2O2O0110OO01O102M1O102N00000O104MOO102_QNVOim1a12M0O0O7I3N1N2O4L1O1O1O1O1O1O1O1O1O1O1O1O1O100O5L000O102N6J0O1Me_g`2
20160116133734Ch_5,ceV[26ho15L2N3M3M6J2N2O2N9G1O10053fRNgNck1R1[TNPOek1P1YTNROgk1n0WTNSOSl1l0cSNUO`l1i0^SNXOdl1g0ZSNZOgl1f0aRNQO=;[m1h0WRNAjm1?TRNBmm1=RRNEnm1Z116F00O13M9HOO011;HMOO1007fNWRN2Vn1VOVRNe0jm1XOZRNg0fm1VO^RNi0cn1K2L010013L0000O2O3MO01N3M4L2N2NfUWa1
20160116133734Ch_6,eg^\32mo12N2O002N10O01O1O1O1O1001OO100O11O0000O001O1O0100O1O1O1O1O1O10O00001O001O1O0O100O1O1O10000000000001O001O1O1O001O1O2M101MiWg?
20160116133734Ch_7,ahXT16io12O001O0000002N1O00000000000000000000000000000000001O001O1O1O00000O1O0000N3O1O10000O1000000001O000O100O;E2O1O100OBoPNNQo11oPN0Qo1NQQN2Po1JSQN7nn1CWQN;Wo101O2M2N2N2NlV_g2
20160116133734Ch_8,YhPh1>ao12O1O001cPNESo1e0O10CnPNJgo1N00O1O1O1N2O010O00010O1O5K1O0111N2NO10013L000O104L000O1oPNYOhn1Q10O0O1N4M1O1O101O001N1O7I4L2N2MbUgT2
20160116133734Ch_9,emPd02mo12O0N2G9O1O1O0O02N100001O1O00000000000O10000M3N20O11M20O11O000O11L3000MN50001O001O1O2O2M3M2N4KnSoX3
20160116133734Ch_10,lnhQ23jo14N1O1M3O100N2O01O010N0J7O2O2MeQWm1
20160116133734Ch_11,iP_R35fo1:K1N1M3L4O1O1M2O01O2O2N2M3N2N1O6Fho\l0
20160116133734Ch_12,R[W]16eo18L2N1O1OO10100O1N2O0001N200O000G901O0N2C=0000000H8O10000I70001O0O1M4O100N2O1O01O100O00000100O1O2M4L2O2Nif^_2
20160116133734Ch_13,m^af02mo12N2N1ZPNM^o1a0I2001_OfPN8\o1DgPN;`o1O0000001O001000O100O010O010O01O01O01N100O101O1O001O01O010O00O100O10000O2O000O10000000O2O0O100O1O100O10001O00002N001O00000O1O2N1O10001O1O1O01O1O1O1O0000001O1O1N1O2N101N2O2N1N\`^S3
20160116133734Ch_14,]_Wm01mo13N100O2O00000000O101Ng`PR3
20160226151654Bh_1,m`XQ17ho12N2O100O000100O1O000101N0000000010O1000O10O000000001O1O1O1O002Mg^el2
20160226151654Bh_2,QcRe22mo12M2K5O2O000O10O1000000000QOEXRN<`m1N]RN3am10]RN1cm10[RN1fm11VRN0jm13RRNNnm13PRNNPn13nQNNRn16iQNKXn1m01O1O101O1N2O01O00000001O0001O1O1O000001O1O01O0O3N1M2N3M2N201N2O000000O2N2O1O00000O2O00000000001O100O1O001O002N3L2O1O1O1O1O1O1O1O1O1O00000001O1O1O1O1O1000000O1O1O1000O1O1O10O2N10O010000O010O02N1000O2N2N1O1O1000000O1O2N001O6K2M1O10100`RNPNml1Q2oRNSNPm1m1mRNVNTm1\211M00O020O000000nRN^Mml19jRNg10WNWm1HUSNX2Ym111N1O2N1O1O3M3F8N2N<]O9M3N2Ma0\OeZ]P1
20160226151654Bh_3,hcPU2>ao12O1N3L<E20O13?B1K000100O00O1101OO1O0O2N1O1O1O1O2N1O2MjZWi1
20160226151654Bh_4,jg`m29fo12N10000O1000010O00001O2N001O1N2O1O1O000O2O10O010AQQNKPo13RQNLon12SQNLTWiP1
20160226151654Bh_5,RkVo21mo13O1O1O1O1O00000000000000000O1O1O1O100O10000O1N1O100010O100000001N2N1O101O00O1O1O2O1N1O0000100O1000O01O2N100O1iPN]OQo1k0N2M2O1N3N1O0000001O01O10O2OO01002N2N0O002N100O1O3L4M1O002N1O1O0O4K6K2N2MeToj0
20160226151654Bh_6,]U_S33lo11O1O1000N1NjjRl0
20160226151654Bh_7,QV_o21ko15N2O0000000000010O01O10O1O010O00000000O1000001O1O2N1O0Olifn0
20160226151654Bh_8,QXah26io12N2N2I7N2O0O1O1O1001O2N001O1O1O1O1O1O1O100O0101OO00O1O1000000O1000000001O00001N2N2N101O0O2O2Mjg^T1
20160226151654Bh_9,eZiY1<co12O0O001O1O001OO10010O100O01O000010O100000O1O1N11N11O0O02N20O01N200O1O001O1O2NRffc2
20160311020654Uh_1,Q[jn16io12O1N1\PNNYo1>N1O2M2O1O10000000000001O0001N3N1O1O3M2N1N2N8E7L2N2O1O1O1N2O1N2N2O1N102N1O0O1O100002N1O1OO1N1O10000010000001O0J`RNjMbm1T27N1O1M3L4O2N2O3M1O00000O10M2N20001O1O1000002N1O1O0001O1O1O00000O2O00O10O1101N3M2N1016NMN0000000O01O1000000O002O0O01O1O1O1O1O1O1SOmQNKTn13nQNMRn12oQNMRn12oQNNQn11oQN2om1MQRN4om1JSRN6mm1HURN8km1GZRN5fm1I\RN6dm1I_RN8_m1EjRN7Um1GnRN7Rm1GPSN9ol1GQSN=ml1@VSNd0Qn100O0200OO1001200M0001N4L100O113MO00003M000O000O2O1N2N4M1O1O01O1O1O1O10000O100O5K1000000000O002N100O02N4L1O1O0110OO002N100O1O1O1O1O1O1O1O1O10040L000031NNO10O2O0O11O112M0O000000O10000001OO10053KM0O001O1O001N1[Oe0O2N10001O0000000000001O001O1O002N1O1Na_g`1
20160311020654Uh_2,m[jf12no10O101N1O1O1O1O10O00000100O10O10O1O1O00O2000O1000O3N3L^d]W2
20160311020654Uh_3,eaXT32mo13L3L6K5L2O0O2O000000O100O100O1O1O2N100001O0000000001O1ObPNHUo1b0O002N100O00O1O1O1O1O1O1O1O1O1O1O1O1O1O1O1O11O000O1O1O1O10002N3M10001O0O10O0000001O1O1O0000001O000001O01O0011N10O01O1O1O100O1O5K1O01O01O01O1O000O2O010O1O1O01O100O10O11O00O11O00000O1O1O1O01O2N1O101O100OO2O1000O0O2N1O2N1O0000001O1O1O1O1O1O100O1O000000000O2Lj\ma0
20160311020654Uh_4,XbX_14ko1101O1O4M0O1O001O1O1O110O000O00000001O1O1O100000000O000000001O1O1O10O1O1O1O0011N1O1O02N1O000000000010O1O1O10O1O1O001O002O00O1O00010O01O2N0010O100000O02N1O01O010O1O10O1O1O10O1O100000O02N10O000001O018H1OO100001OO10O100000O00001O01O1O1O1O10000000O001O2N01OAkPN4To1KPQN3Po1LQQN4nn1KTQN4ln1MSQN3mn1MUQN1kn1OVQN0jn10WQNOin11WQNOin11XQNNhn12ZQNLfn14[QNKen15\QNIfn16c0O1OO100000001O1O1N100O100000000000000000000000001O01O1O1O1O0O1O1N200O2Nd[eU2
20160311020654Uh_5,hb``23fo11[PN2co1701O30MO1002N1O1O001O1O0O001O2OOO2Ni\W^1
20160311020654Uh_6,^dPd29fo12O101O4K0100005K0000203MN0O0212OMO10O2N1O1O1N?AZZ]Z1
20160311020654Uh_7,PkPo27go13N1N1O0101O1O00100OO1000000N3FDnPN>on1FoPN;Po1GnPN:on1<D840001O0000001O1K5O00000H8O200IgPNFZo179O00100000000000001O000000001O1O1O1OO1O2O001N2O1O000O1000000001O00001O1O0010O1O1O1O000001O00100O001O02O00O10O1O100O1000000000000000O002N1O10O1O2N0100001O00O1013NNO02N8G\U]i0
20160311020654Uh_8,eXan02mo13M2N3L4N1N10O1O10O001OO2O10001O1N2O00000000000000000O1O2N1O1Oag^o2
20160311020654Uh_9,P\ii03mo11N2N1O1O2O0O01000O1O1O10O1000O100000O000001000001N2N1N3O0O1O0O11O01O2J6N2N100O1O1O2O0000001O1L3N3M2M2O\OiQNAXn1?lQN^OSn1c0nQN[ORn1e0PRNYOPn1h0QRNTOQn1m0a0OO101O01OL4OO3N2O10IRO\QNm0cn1VO\QNh0en1ZOYQNg0fn1901000O2N4L4M1O1N7J4L1O0O7H`elP3
20160311020654Uh_10,hbml13jo14N101N102L3O0O1000001N1O1N200O1O1O1O002N1O1O10000000O10002N1O1O011N1O0001O10O0001O0000000000001O1O4L1O1O0000000000000000000000001N100000001O1O000O1010N1O4L2O1O001O1O1O0100O01O1N5K2O1N1000000000000000000000000000000000000000000000000000000000000000000O1O1001O1O001O1O1O1O1O2M2O001N1O0010000000O1O100O100O001O1O1O2O5I4M2O0O2NP]lh1
20160312020554Uh_1,fZV\2:co17K3L2N3N2O00000000002O1O001N001O00ZOQQN;on1DSQN;mn1ESQN;mn1ETQN:ln1FUQN9kn1HTQN8mn1<2M4J4O3N3M2M2N2N1M3M4OReaa1
20160312020554Uh_2,R[f^21mo13O1O00000]PNMZo12fPNOYo12fPN0Xo11gPN0Wo11iPN1Uo10iPN2Vo1NjPN3Vo1MhPN5Xo191EjPNJVo16jPNJWo15iPNKWo15hPNLXo1>0000001O00000O2O1N3O0O1O001O2O0O1N2Mado^1
20160312020554Uh_3,__Pe24jo13N2M3K5N2N1000O1O0011O00001M2O2O0O2O1O2N2M2N8H6K1O1O1O1O]OfQNAYn1?hQNAXn1=jQNCVn1;lQNETn19oQNFQn18QRNHnm18RRNIom15RRNKnm14SRNLmm14RRNLnm15QRNKom17nQNJSn15lQNLUn14jQNMWn12hQNOYn10fQN1Zn10dQN1\n1NbQN5^n1f010000O010O1O1O1O6J1O10006J2NO01N1O1O1O200O1O000001O1O0001N101O108G5K2N3LP_gU1
20160312020554Uh_4,aaPi13lo13M2N2J5O1001O2N001O1O1O1O10O1O1O1O1O001O1000O1O001000000000O1O1O1O1001OO10000003M0O00001O0001O0000100000O10O11O0000O11O00O01O0000010O11O00O1O1O1O1O01O0000011O00O10O1O1O1O10000000O0000000000000001001OO10O00000000000000001O1O1O1O000000001O1N4Mc\[o1
20160312020554Uh_5,SlVY35eo17cPN7`n1K^QN6an1L]QN5bn1e0NL5N20N2N0201OVOmNfRNV1Sm1SOhRNj0]m1WObRN?hm1CVRN<km1FlQN`0Tn1>8O10N1HOiQNhN[n1W180OO2@]QNYOln1g07O2N1O1M3O2N2O5K0OO2000O001O01O0101O000O2O000O100001O01O01O00000001O2N1O1NPVib0
20160312020554Uh_6,YSa?3lo13M3K9B8O2M2O1O001001N101O0002N2N101O2N0O001O00100O00001O0000000000O10O01@XQNGjn17YQNGhn17ZQNGin15ZQNJgn13\QNKen14\QNLen11^QNM\o1O3M00O2O001N1O1O1O10100O100O0O2N10001N2O1O1O001O1O1O010O00000101OO10O00001O1N2N1O101N10001O1O1O00010N2O4Jik\Z3
20160312020554Uh_7,][eR12lo13M2O10001O00000000000O100O1O100O100000000000O1001O0000002N1O00001O0000001O1O1O0001O1O1O1O2N1O1O00000000002O0O0010O1O1O01N`d^i2
20160312020554Uh_8,ebkT22mo12O1O2M2O0O1O1O1O2N2N3M3N1O1O1O1O1O001O000000000O2N1O3M2O000000001O1O2N0100001N00000O1O1O1000000001O5K5K00000O0010GRO]QNQ1_n1:O10O100000O1O2N2N2O00O10000O1O10001N2O1O001O0O1O1O1O102kN_QNg0nn1O1O001O1O1O1O2N1O00O1N3O000O1000O100000001O00000001O001O1O1O2N2N001O0000000002M2O1O0O<C6L1N1Oe\fb1
20160327133714Th_1,eabo12no10O1M200100O1O2O_^ko1
20160327133714Th_2,md`]22mo12O0O1N2O100M2M3000000K5O100N2K5001O1O0O2N2O3LV\o`1
20160327133714Th_3,ZY_f14jo13O1N1O1O00O11O1O00100O0000000O2OO10000000000001O1O100O01O1O0001OO2O0001OO100010N2O1000O1O1O0001OO1001O1O1O001O0O1O11O01O01N200O001O1O01N20O01O000000001K5O1O1O000000001N02O01O0O200000O1O1O1O001O1O1OK6O100O1O000001O01O1N2O1O00O20O01O1O1O1O2OC]O_QNa0`n1A_QN>an1C`QN;`n1F`QN9`n1I`QN6_n1KbQN4\n1ObQN1\n1k0O1O10O1O2N101O1O2M3N0000000O1O00O2O001L4O1O1O1O1O1O100000000001N3M1O2N102L3N1O100N3N1O10000O01O0000000000O1O10100000001N3N1N1O000N201O010O1O1OO10O2M2O1O1O1O2O2MUk^l1
20160327133714Th_4,aVY\22mo12N1O2M3O1N100000O01O001000011O00O10O11O0000O001O1O10O1O1O1O1O100O1O01O2N1O1O1O1O0100O1O`RNGYk1:dTNJ[k16cTNK]k18^TNJbk18XTNKik16TTNLlk14TTNLmk17mSNJUl18cSNL_l13`SNIfl17YSNHhl1:TSNGml1d12N201N2M3L4N1O3I8K4RO\QN;gn1B[QN=eo1]Oeg\_1
20160327133714Th_5,][aX26io12N1O1O1O1000O1O1O01O1O001000O1O1O0001O1O100000000O00000010O100000O0000001O001O1O1O10000O100O10N1010000O10O100N2O1000O1O1O0001M110000100O100O1N200O10O1O1O2N102M2M3O00000O010OO1O10000N2N111LIhPNMXo12;01O2LbfVa1
20160327133714Th_6,Q\mU12lo13M2O2O0N2O1O001O1O1O100000000O10000O1O1O10000O1O1N200O1O1O2N100000001O0000O10001O2N3M1O000010O1O001O0010O1O1O01O1O1O1N1O100O1001O2N001O1O1O1N2O0O1O1O1O1000001O010O1O00N4M2O0000O1O1O10000O1000O01O1O1O0100O100O1000000000000000000000000O10O10O0O110O01O2N1O1O10000000O10000000O1N2M4N10000O10000000001N`df`2
20160327133714Th_7,Q^cQ12mo12N1O1O2O0O10O0100O1O1O1000000000O1O1O100O1000O100O1O1O100O01O1O10O1M201O1O1O100O10O2M2O100O2O0M4L4MdbVk2
20160327133714Th_8,\bSY23ko12N2O001001N2Ni]\f1
20160327133714Th_9,YcQV22mo12O1M2O1O1O1O1O1O001O1O0001O001O0O20OO1O200O1O1O001O10N11O001000000O10000O2O[]`g1
20160327133734Ch_1,YafS22io18L2N2J7L3O1O10015KO0O1TOPQNg0_o1E1O1O1N2N3M2NX^Qk1
20160327133734Ch_2,iabn12no11N101O000O100000000000000N2O100O10000O1O0O2O1O0001O10000O100O1O00100O100O1O1O1O1001O1O1O1O0001O00001O1O1O00001O000O2O00_^cm1
20160327133734Ch_3,mdh]26io12N1O1O1O1O1O0K51O0000K51O00I7OM401O2O1N2N2N2GbPNM^[i`1
20160327133734Ch_4,dm`i06jo11O1001O00O10010N10O1O1O2OO0110N010O001O21ONgQQU3
20160327133734Ch_5,mYSe13lo11O1N2O1O0000001O001O0001OO10O1O10000001O001O1O100000O1N11O1O2N2N000OO3O0000O1001OO1001O0001N200O1O0O11O000000001O1O1O001O00O11O0001O1O1O1O000000001N20O01O0O1100O1O1O1O000000000001O1O1O1O0O11O00N2N2000001O1O1O1O00O110O1O1O1O0010O1O1O1N1O11O1O1O001OGXO\QNg0en1YOZQNh0fn1XOXQNj0hn1VOWQNj0jn1XOSQNi0kn1600M4O0001O000001O1O100N1000\O]QNLdn14\QNK`n1m0O1O1001O001O1O0O1O2N101O1O1N10O0O11O0001N3N1O1O1O1000000O010001O0000001N2N2N2N1O1O1O001O1O1O1OO2O10000O01L4N2O01N20000002L3N2N100N2O0001OO100001OO101O00O01M40001O0O2O2N2M4MkjZl1
20160327133734Ch_6,iVk[22mo12M2M3O1O1O100O100N2OO2O1000000O11O1O1O1O10000000O1O1O1O100O1000000O1O1O10O1O1O1O1O100000O00000010O1O5K1O1O113kQN@al1`0]SNBbl1?\SNBel1>XSNCil1n0aRNVO`m1k0^RNUOcm1l0[RNTOgm1l0WRNTOkm1^13K5O0O1N2N201NW1dNggd_1
20160327133734Ch_7,b[UX21no14L3N0O1O1N20000O01O1O0001O100000O1O1O0001O1O100O10O1N11O1O10O010O1O0000O2N2O1O1O1O1O1000O1N200O10000000O1000000N2O1000O1O1O010O00L4001OO2O1O0000001O10O100O1N201O5K1N2O000000O10O0000001O1O1O1O2Nlefa1
20160327133734Ch_8,m[iU16io11O2N1O1O1O1O1N20O0001N1100O100000O1O1O1O1O2N1O1O10000O10000000001O1N2N1O11O1O1O1O1O1O2N2N1O00000010O00001O1O2N2N1O000000O10O2O0001O006J1O1O0O1O1O1O10000000000000000000000000000000000000O1O000001O10000000000000O10O1O1O0100O1O100000O0100N2O10000000N2O101N2O1O00O1O1O1000O1N200O2N2N2N1000000O101O0000001N`df`2
20160327133734Ch_9,m]WQ15ko11N2O0000000O100N2O1000O1O1O01O1O1O01000000000000000000O1O1O01O001O10000O1000OM3O1010O100N2O100000001O1O1N101O1NdbVk2
20160405014154Uh_1,d\PY12lo13N2N3N9UQNBbm1?\RNCcm1>[RNCem1a0kQNKUn1P1000000O10000O000000001O10O1O2N2O1N101N2M3N101N1N200010001OO001N101O1M2O2N101O100O1O0104M0O0O1N2N2N101N2M3N2N102N1O1O1N2N3M101O2N001001O1O0000O1O100O02N1O1O100000O1O000000010O100000O1010OO105fPN@hn1m00000N5K2O1O000000001O1O1O1O100100N101O5mNaQN>]n1YOjQNg0hn1O002YOiPNa0\o1O1O1O6J4L1O1NX`_^2
20160405014154Uh_2,gd`k18fo13O20220LOO1O3M6J100O115J1O001YQNROen1R1NO00008H3M00004M0O0O130ON0000208HN0O04O3MN0000:F4L0O4KXXgQ2
20160405014154Uh_3,ijXb2b0]o12N2N1K5O0100N2_Ob0IeUS]1
20160405014154Uh_4,mlhP16io12O00000000000000000100O1O10O001O1O0000O1000000O10000O10O11N1000000000001N10oRil2
20160405014154Uh_5,_oV[35io14M2N2O4J5L2O0N2N2O1O1O1N2O1002M6J3M1O1O1O2N0000L4001O010000O1M3K4O101F;N1O2N11N1O1L4O2O00001O1O1O1N2O1O1M2O1O1O2N1N200O1N20O010OO2O00010M3L40000O011O0O1O1N3NdQi?
20160405014154Uh_6,UV_n15jo12O1N2O001O1O10O00000000000O100O1O100O11O0000001O2N00000000000001O6J1O1NdiVo1
20160405014154Uh_7,PXQc1d0\o10O1O1O000100O1000000O100000000O1O1O10000O100O1O1O0001O1O1O1O1O1O010O01N2N1001O10O1000000000000000O10000O0100O2N100O100N3N10002N1N10001O0000001N\h\X2
20160405014154Uh_8,n_]j01mo12I7O2OOO1J6O200O5K3M1O1M3K5N2000O1O100O2O00001O1O3M2N0000001N00100O01O010000O10N1O10]OoPN9Qo1GoPN8Ro1:1O1O1000000O01O1N01FQQNCPo1=900O2N11O001O1O00000010O0100O1O1O01O1O0010E;N2O1N2N2O1O1O1O1O1O1O0O020O000O11O00000H8N2J61M3N200O10000O000O11O1O0O2M3N20N1010O0101N1O2O0O01O0010O0O02O1O100000000O1N200O100N2O1O2O1N2M3O0000000O2O1O1O1O000000000O1O1O1O2N\cVk2
20160505025554Uh_1,T]Xk14jo12O1H8L4O1O001OO110O1O1K5O1O1O1O1O00100000O1O100O01O100O101O1O1N2O1N`caR2
20160505025554Uh_2,XaVU15ho15M2O1O1O4L1N2O000O1010N10001O000N2O101O1N2O0000001O0000000001O001O1000O1O001O001O001O1O000010O1O1O1O0000000000000001O1O^^of2
20160505025554Uh_3,UbX[17go14N100O1O2OO121M00000F_PN8co14K1O00000000001O00001O1O1O000O10O1O1O10O010O1O10001O00000000000000000000000O1O1O1O010O2M2O10001O1O1O000000000000O1O1O10001O0O2O2[OmPN8ao1M1M4MU]g_2
20160505025554Uh_4,md`^28go12O1N2O00000000N2O10N2O10O10000N2O0001O1O100O01O1O1OO2O10O100O1O10O001O1O1000O1O1O1O10000000O1000000N10O200O10000001O1O1O1O00001O00001O2N001003M1O00O02N100O100O1O00O00001000001O1O10O100O01O100O0001O1O1O10O1O1O1O1O11O0000O1iPNJdn1j0O00O002L3M3O1NhZoY1
20160505025554Uh_5,ol\X38co15O2N101001OO1000003NOO10O2N0010O113L0O1O1O100O0000000001O1O1O1O001O00100O1O10001000O00O000000001O1O1O001O00000000100O0010O2N01O00000000001O2N00O1O100010O10O1O10O0000001N2M3O1N101O0OhQka0
20160505025554Uh_6,aohc05jo12O1N100O1O101N10000O3N1O1O1O1N3N1O02M3N2M101O2N000000000000N2O1000000O1000010O000001O1N2O1OO100000OO100100O100000O1O000001O01N0100001O1O1O1O0L31000000M300000OM401O000L4N3O2MaQgV3
20160505025554Uh_7,QV_g0258Vo1<N2O1O1O4L1O10O4L4XOiPN?]o10O01O0000112M1N01O101N001001O2N0O1O2N1O1O002N2MmhZV3
20160513133714Th_1,Q`dl22ko14N2N101N2M3N100000000O2O1N2N2N2O1O1O1O01O1O1O0100aRN[Obk1f0YTNAdk1>[TNDek1<YTNFgk1:WTNHjk17UTNJkk16STNLmk13STNMnk12RTNNok11oSN1Rl1NmSN3Tl1LfSN]OQOi0Zm1IcSN=^l1BaSN?`l1@`SN`0al1_O^SNb0bl1^O_SNa0al1_O_SNa0al1_O_SNa0al1@^SN`0cl1@\SN`0el1DWSN;jl1EUSN;ll1ESSN;ml1IoRN7Qm1M^RNZO4i0^m18`RNH`m19^RNHcm1Y16J2N2O1O5L2M101N;E2O2M2N3M5K1O00100O008I1OO11N1O001O0000001N10001N2O0O2O001O01O1O001N1O3M3M101O101N010001O1O00O0110OO000010O00110O0O1O0000O11O011N000010O1O1O00000001O1No\gj0
20160513133714Th_2,U`\o03lo13N2M101O100O1O1O1O1O10O1O1O0010O1010N0100O1000O1O1O2N10O1O100O100000000O1O4L1O1O2O1N10O13L:F100O110OO1O00001O1O1O3M1O1O0O3L3O001N101O001O01O0000000000000000000000000001O0000000O0100001O0000001O0000010O1000O10O0000010000000O001O100O01O2N010O002N1O0000001O010010N010O3O1NO000001O010000000O01O0000100000O1O011N1O1O020O0O1O0000001000001O0O1O101N1O1O0O2Ok\ce2
20160513133714Th_3,UcVP19co18K2N2L5K4N2O1N2M3N2M2N3M2O1O2N2O1N10SOmQNNSn1OPRN0Qn1LTRN4jm1I[RN6em1H\RN8dm1F^RN:dm1A`RN>an1001004L1OO01O2N010O0010000O0000001N101N2O001O0O2O001Nl[_l2
20160513133714Th_4,]c\Z11no15L9G2N1O1O2O0O11O3M01OO101N100O21O1N00O11O00000O1O2N1000000O1O00O1N2O1O1000O0100O2N100O2O1G]PN3io1O1O00`[_b2
20160513133714Th_5,Qib`01lo14N4M1N2O100O2N101N2O1N100O1010OO100O1O0001O2N001O0O1O1O10O0100O100O1O100O101N1O2LjVi\3
20160513133714Th_6,SkfS37\n13]RN8am1K\RN7bm1MZRN4fm10URN1km13oQNOQn12mQNOSn13kQNLVn1n01O1O2O1N6F6N1O2N2M3O0O2N3M2N1O2O0N2O1O100N2O1O1O1N2O1O00O100101NPVgi0
20160513133714Th_7,g]am26io12N2M5K3N2N2N2N2N2O0O1000001N1O1O101O1O2M111N11O1O1O0O2M3N001N3N4L1O1O1O2N100O101OO01O0000001O1O01O010O1O1O0010O2N001O101N1O0O2N5J]aZn0
20160513133714Th_8,a_QW11mo14L3N2N2N1O11O0000001N1O2O00000O2O001O1O1N2O_``g2
20160602010754Uh_1,]^nf17ho14L100N2OO200O1O1O1O1O10000000O01O1O10000000O1O1O01000O1000O000010O1001O001000O1O000O1O1O100000000000000O10O1O00O2000O1O1O1O1O10000000000000000000000000101N0010000000O00100O0000000001N2MlaUS2
20160602010754Uh_2,X_Rj04ko13N1N101O001N101O1O0O2O1O0O2O0O2O001O1O012M2N1O1O00001O000000O2O001O2N3M1O00101N1O000000001O0000O1O1O1O010N2O1O1000O1000000001O000002N1O001O00000O2N1N2N2O100000O010000001000000O000001O01O00001O1O1O000000000000000000000000O1O1O2O1O1N101N]`_n2
20160602010754Uh_3,eahX12mo12O001N3N1O000000000000001O002N3M2N1O4L3M1O1N101N1000O010O1O1O1L4N201O1O10O00010O0001N\^_d2
20160602010754Uh_4,`dXk13lo12N1M4M3O1O1O02N00100O100000O2N2N001O00000000O1000O1O000001O100000O101O0O10011N10DfPN0Zo1NhPN2Yo1LiPN3co1O1O1O01O2O0O01N2KV[]Q2
20160602010754Uh_5,mdnR12lo14M2N2N2O000O2N2N6J2O1N101O1O001O01O000O1N200O10001O010000O10O000001OO101N2N2N100O101O0O1K5O1O2NT[oi2
20160602010754Uh_6,Y^in17ho13N1N4L6J2O10O1O001O002O0000O1O2N10O1O1O010O002N1O001O0001O10O2OO01O000000001O001O1O0000000000O10000001N1O2O0O10000000000O10000000001NTanl1
20160713133714Th_1,QgPW12mo12N1N2O2O001O1O1O001O001O1O1O000000000000001O0100000O00010O013M5K1O1N3M2N2O009G=C0O103M2N001O20;D0O4L00mMlRNY1Wm1\NWSN]1gm1000<D1N1O002N1O1O1O2N1O1O2N2N2N1O002N1O1O1N5IRVUd2
20160713133714Th_2,cjnQ14]o1a0L4M00O1F:N3O2N3ITV]m2
20160713133714Th_3,Umho0c1\n13M3J6G?H1N2L5D=L2N3J6KkNbSNoN\l1Q1iSNlNUl1T1mSNlNQl1f0iSNaN8i0mk1OjUNBSj1<RVNCli1=UVNCji1=XVNFci14hVNKTi12RWNMmh13TWNMkh11WWN1gh1BgWN>Wh1^OPXNb0fk110122MN00OO9H4K2N2Mlonm2
20160713133714Th_4,URQh11no12N2M2O10O010OO1010O10000001O0000001O1O1O0O2O1O1O1O000000010O11O0000O11O000O1O10oRNF[j19dUNI\j16cUNL]j14`UN2]j1O\UNe0Vj1ZOiUNi0Vj1WOhUNk0Xj1UOfUNn0Yj1UOaUNo0^j1QO`UNQ1`j1oN^UNS1bj1nNYUNV1gj1jNWTN4K4L6nk1BYTN6K055gk1EWTN8KN95ek1ETTN>IH`05ck1b1fTN[NVk1c1lTN]NTk1`1oTN_NRk1_1PUNbNoj1[1UUNdNkj1Z1YUNdNgj1Z1[UNeNfj1Y1\UNfNij1P1^UNnNfj1m0\UNROej1l0]UNTOcj1j0^UNWOcj1NWVN3hi1J[VN5fi1J[VN6ei1H]VN7gl101N0100O1O01003bPNDRo1k0UQNYOPn1g0nQN[ORn1d0mQN]OTn1[1N?AO0001N3N1N1O2N2N1O1103NOTNiRNl0Wm1ROkRNm0Vm1QOlRNP1NbN^n1f0_QN_O`n1?_QNBbn1<]QNFcn1:\QNGkn14RQNMTo1<2O1O7I2M100O001O1001N1O1000O1O2N001O2O0O1O2MVeno1
20160713133714Th_5,mTQW34jo15L1OOK061O00ON1111O0O2M2O3NikPh0
20160713133714Th_6,YYQW36ho14M1L4E;N20O001K5M2O10O01000M3OM5O00N3M1100001J23N3OM4N01O100O0K510001OO1000010N102N1NnhVf0
20160713133714Th_7,\\Qo18fo12O2O0O10000O1000000N1O2N201N1O101O10N3N1O1O1N6Hic\o1
20160820233134Lh_1,d^`T28ho10O2N2M4N0O2O1M8I101O4L7I1O1O1O1O0O1O00XOdQNK^n15g0O1O1G:N2N2Nfagi1
20160820233134Lh_2,f^V[21no15K2N203L3M1O10110OO1N3N3M3N0M4Le`gc1
20160820233134Lh_3,acVk06io13N1O101O000O1O2N100O10004L000OO10001O010O1O0003M3M100O104L000004M0N10O15ONN000110N0000O5K1O100000000O1O7GfZ]Q3
20160820233134Lh_4,efhm2>ao12N1N3N1O1000O101O000O2N2N2O101OaPNGVo1:gPNHYo1?20O000000000O01O100O2N1O11O01OO0200O1N010O101OO1O01O0000010O2OO1O010O0001O1NWXen0
20160820233134Lh_5,`gX[14ko12N2M4L3N2N2N1O2N101O101N10OO10000O1M3N10100O01F:N2O2O0O101N100O1O1O1O3L4L3NlXYb2
20160820233134Lh_6,mg`]13lo13M2N1N3M2O11O001O101N1000O001N10000001O00001O0O3N1N2MQXg`2
20160820233134Lh_7,UhfQ32mo13UPN5]o19N0104K1O000000001O00000001O1O1O1O000000000000000000000001O00010O000100O1O01O002N10O000010O001N3N0002N1O01O0000010N2OVW_j0
20160820233134Lh_8,]PaT2f0Yo13M1N0N12O10N2ML7K6O1O2I7L4KVPaj1
20160820233134Lh_9,]eY_1583Ro10jPN3Uo1NiPN4Uo1=M3N2O1O001O0001O5K2N1O1O1N2O001N4CbZ\_2
20160828133734Ch_1,Rajm15jo12N100O2O0O2N3M2N1O1O1O1O1O0L5O010N2N200O1O1O1O0100N2L4M2001O00O2000000O01O1O1O01O1O10000O1O1O1O1O1O1O1O1O1O1O1O0001O0001O1000000O10000000O1000000000000000000000000O10O10O101O0001O001O00N2O10000000000000O2N1O2O1O1O0O101O00001N4LP`oj1
20160828133734Ch_2,db`S39fo13M1O2N100O1O1N11N20O1000O10O1O1O1000O100O1O10000O1000000000000000000000000100000000O1O1O1O1O1001OO1O1O2O0lPNXOnn1n0000O1O100O1O1O1O002N1O010O01O0010O1O1O10O1O2N0100001N010O1O2N01002N6I10O101N3M1O1O002M2O1O1O2N1O1O1O001O001O2N10O00010O1O0010O001O1O1O01O000001N2Oj[_d0
20160828133734Ch_3,Qd`k13lo13M4L5K7I2O1000000O0001O0001004L000O002N1O10O11O000O00000001O002N1O0100O1000O11N100O01010N01001O00O010O000001102L10O11O01O001O2N0000000000000000000O002N1O1O002L3N2N2NPZWo1
20160828133734Ch_4,]hVU21ko16M100000000O1O1O1O100N1O1001O01OO2O0100000O0100O1O1O1000000000O1O1O1O100000000000000000000000000000O10O1N200O01O1O10001O00000110OO010O002N1O0000001O00001O001O0101N000000000000010O000000001OO1000001O1O1O0000010O01O001O001O0000000001O1000O1O01O01O02N1O105K000O10O0N2L4M3O1O1O1O1O1000000000000001O00001O10O100O10O002N1O0001O1O10O1O100O01000000O011N1O100000000O000000001O1O1O01O002O0O00000000000000000000000O1O1O1O10001O0O101O1O1O00000001O01O1O1O1O00000001O1O1O00001O0000001O1O100O01O1O1O1001OO10O0001O01O0110N01O00001O010O0100O1O00000010O1000000O1O2N00001O0001000000O00000001O00000010000000O01O1O1O01O1O100O100000000O104L00O0000001O002N1O0000001O00002N1O1O0000001O1O1O001O1O1O2MUUcU1
20160828133734Ch_5,ejbe12no11O012NO0100O1O10O011OO1O1O1O000O20O00001O0100000O1O002N1O1O001NlT[X2
20160828133734Ch_6,^kTT24ko12N1O100000O100O10O10000O1O100000001O1O1O0000001N2O1O1O1001O0000O11O00000000000000SRNGRl19iSNe0^k1[O`TNg0`k1YO_TNh0`k1YO^TNl0WOhNak1=VUNc1ij1^NUUNc1kj1^NSUNc1lj1_NhTNk1Yk1^N]TNb1dk1_NZTNa1gk1`NWTN`1kk1Y12N3M2N2N7E?E3M2N8XOe0K2CkQNlNVn1S1lQNkNYQig1
20160828133734Ch_7,dkVb13io15N1002LaT_]2
20160828133734Ch_8,]l^f02no11N2O0O1N2O1000O0100O0O1000001O01O001O00001N2O2NSToW3
20160828133734Ch_9,en`a17ho12N2N0N3N2O0aNNPSN3il1e0eRN[O]m1f0aRNXObm1i0[RNXOfm1j0URNYOQn1X11N2O1N;E7I3M2N?]O7M2N2NoQo\2
20160828133734Ch_10,f^[Q25jo11M2M301O1N10O101O1O1O001O00O11O0001O1O001O000010O10OO2O1OO2O100O1O0L311O000000000000O1M31O001O0000001O0001O0O1O10O1000O11O0000O1001N10O20N1N100104L3J5Lfcji1
20160828133734Ch_11,cbQd14jo13N2N1M3O101J6I7O0O2O1O4L3M2N5K3N0O1O01O1O1O001O0O101O2M101N2N2O2N000000001N2O2N2M2O0N2O1O100O1O1O2O1N3K5KZ]bX2
20160930165914Mh_1,ab^m04ko13N1N1000010O001O2N001O0001O1001N2N100O00000010001O00000000O100004L000O7KO000N1O3L3N2O1001OO10O1O1O1O0101OO100O2O4jPNZOjn1f0RQN^Oln1l0O1O01O001O1O1O1O002N1O001O2N1O1O1O1O1O10O1O4L1O101O000000004L000O1O5K1O002N5K1O10000000O001O001O1O00000000001O000O1O1O20003M0O1O0001O01O11O3`QNPOhm1S1SRNPOmm1Q1oQNROQn1^11N2O1O0O3I6N2N1O1O1O1O2O1M3N2N10001O010O11N10O100O1000O0101N0000001O01000000000O10000002N4L001N9I5J0O01O010O1O1O000O2O1O1M3N2O01O1O1O01O1O1O1O00001O001O1O00001O0000001N4L4L10000100O10O100O1O011O000O011NePNAVo1e000O1O1O1O10O11OO100O1O1O10O1O2N1O013M1O000O110OO01O4M2M1O011O0000O0O101O1N2M2M3O2N2N2N2N2N2O1N2M3O02O01N01O1O100O10000000O01O01O10O100O000001O0000000000010O1O1000O10O1O1O00001O01O1O1O1O1O1O1O1O10004L000O000000O100N2M3O2N10001N2O00000000000000N2O1000000001O1O001O001O00000000000000000000001O1N2N2N1O2NdV_Z2
20160930165914Mh_2,UinQ31ko17L2N2N2K5M3O0000O100000000O10001O1O1O0000001O00000000001O001000O1O10O0000000000000001001O00O100000000O1O1O1O10O4M1O00O02N1O100O1O100O0O1O2N1OXVai0
20160930165914Mh_3,moPQ31mo13O1N2jPNL^n16_QNN^n13VQNG57dn13UQNI45fn1<TQNHln1g0N10002N1O01O001O1O00O0O11O001O0M4N10010O1N110O1O1N202M:G1N2N2NPP_l0
20160930165914Mh_4,c\Yo08fo16L1NO2O1O010N2O100O1O1O001O010O1O0010000O10O1O2N1O1000000000000000O10000000000000000O1N3Micjm2
20160930165914Mh_5,Vhc\21no14M1O000000000O02O0O2MlWdb1
20160930165914Mh_6,ah_Q23mo13L2O0O101O0O1O1O100O10000000000001O0100O11N010O01000O010O01O010O1O0010O1000O1O1O10O01O1O1O0O2O1O1N2O100O1O10O0010O01O1O010O00000000000O010000000O10000O100000O1O100O2O01N1000001O0010O0000000000001O0001O0000000000001O001N10001O000000000000000O100O1O1O1O1O100O10000O2O0O1O1O1O2N2NoVhe1
20161015144954Bh_1,T_V]23jo14N10000O2O00001N2N2O01O0010O00000001O0000001O001O1N2O00000000000001O0000000O101N3M101N2O1O1O0000000001O1O1O0000010O0000000000000000001O1O1O00000000000000O101O1O001O01O00001O000000001O1O1O0000010O000001O1O001O0000000001O00O10001O00001O1O01O1O001O0O2O0O2O1O1O0010O000100O1N101N2NX`QZ1
20161015144954Bh_2,\_nZ23io15N101O000O11N1000001O000000000000O1000O0000100O010O100O1O1O2N10k`ob1
20161015144954Bh_3,jcVV11lo15L3O1N2O1O00001O3M100O01O1JaPNJ^o15cPNJ^o16dPNH\o186O1001O00001O3M2OO01O0001O1O0O2N1O2O002N1N2O1NP\Wg2
20161015144954Bh_4,mgf?4jo14N1N1O2N6K2M2N3M2N1O2N1N2O2O1N3M2N2N2N1L4O1N2N2M201O01N2N1010O0O1001O0O0B`0L3HUQN\Ojn1e0XQNXOin1h0710O0O1N3O01O010O1O1N1O020O0O2ZOVOQRNn0nm1UOPRNk0Pn1WOnQNi0Pn1d0L5O010O10000O1O1O100O0000010O01N2M3O1O1O1O1O00100O1N110O001O1O2N2hNmQN;Wo1C`Z[Z3
20161015144954Bh_5,aeZf01no12O0001OO1000000N3L3L5N1O101O2OO010O1O1O2N110O00O00001O1O001O000010O02N1O001O1N200O0001O10002O0N100O4M0000O02N1O10O1O1000O010O1O001001OO10O1O1O1000000O1000001O00002N1O0000004L00000mPN[Ojn1n01O00012ON00O11Oc0]O00001Oe0[O00003M00000001O2N0`N[RNd0em1ZO]RNf0To1\O0N100O8H2N1N3MRVoQ3
20161015144954Bh_6,Yh`m26io12N2N1K5O1O1O0O1000001O10O01O000001O100N2O010000000000001O00000001O10O100O1000000000O100O10000O1O1000000000O100O1O1O0110OO10O11O000O011O00000000000O002O0O1N1OUW_m0
20161015144954Bh_7,ejX]1V1in12N2N2\QNiNfm1W2L2N1M2J6O100O2NPOR1N1O10OL6N10000L4O100O1F:N2000N3N20O010O1N2O100N2O010000O00100OO2G9O100N2O1O100000000O1O1O1000000000000001O1000O1O0100O2N0010005K000O1O000001N2N2O1O00000O11O113L0O100O1O1O1001OO1000001O00O02N3M1O01N2N2N2O0O1N2O0010O001O1N3N2N100000000010001OO10026JN00000000000O11;D0O1000i0XONZRNXNUm1h1iRNZNNMll1j1RSNmNnl1]2D000017H000O1O3VNeSNI]l11kSNKVl13lSNLUl12mSNLVl1A^2N2N2NPUWX2
20161019133714Th_1,ecX^23lo12N2N2M3O0O2N001O1000O1O1O0001OO101000000O010000O100O100O10000000O100O1O100O1000000000000001O000000002N1O000000000000000000000000001O0O101O001O1O01O00000O100O1O100O2O1O1O01O0001O0001O001N101O00000000000000000001O0000000000000000000O1000010O00100O02N10O0001O00001O1O1O000000O100O001000O001O1001O1O1O000O1O2N1000000O10001O0O2N3Ma\_W1
20161019133714Th_2,XgXg18]1Kjl18RSNKml16QSNLjl19TSNJhl18WSN;Vl1GhSN;Vl1FjSN:Ul1JmRN@<h0el1:WSNGhl1<USNEkl1`0oRNAQm1g1000000O1N2O100O1N101O1O1M3N2O2K4M3OnNjSN]NTl1d1nSNZNQl1f1STNXNkk1g1]TNUN`k1k1bTNTN^k1l1cTNSN]k1l1eTNSN[k1m1jTNnMVk1R2mTNkMRk1V2oTNiMPk1W2SUNfMmj1Y2]1O2J6N2N20000O010O10OO0C[RNbNfm1\1aRN^N`m1a1`0N2I7O1O1O001O1O10O0001O010O100O1O100O1000000000000000O100O1O1O10O1000000O1O1O0010N01L500N2N2IkPN@Wo1`05O1N101O2N1O1N3O0O2M2NeZcQ2
20161019133714Th_3,lfTT23lo12M3O2M2O1O2N1O0000001O001O2N1N2O2N1O001N2O1N100O1000001O1N2O1O01O00001O1O1O001O002N1O1O100O1000O1O001O001001N000O1O101N2O1O1O1O1O1O1O10O02O0000O101O000O100O100002N1OO100O1O1000001N01O002N1O0000001O01O000000100000O10O1O1000000O100000005K0O01O5L1N1O1NWWoc1
20161019133714Th_4,`kRV36jo1110O9G0O103M3L2O001O>C0O00O5K2N1O1MlSgh0
20161019133714Th_5,RlPf1=bo12N2O3M3N0O10001N10000000O1000101N00011N3M0O1NXS_X2
20161019133714Th_6,aoRP32no11N2O2N1O02JbP_o0
20161019133714Th_7,m[iP32ko16K3L4L3O2N2M2O1O2O0000000000O10000O2O1O1O1O00000000000000000000000000O1000000O010O100O0100O1O1000O0100N2N2O001O100O10000O2O00001O001O2M3Ladjj0
20161019133714Th_8,e[Ql2<=Efn1e0PQN_Oon1j00O2N1O001O0O101O002N1O1O011N1O1O0101OO001O00001O00000000000000001O1N2N1O2N1N2O2M3OfcVQ1
20161019133714Th_9,e\ci26jo1001N1001N104KXclU1
20161019133714Th_10,b_ek15io12N3N1O101O0O101O1N101N10000000O100O2M1O2O0010O1O1O1O100O1O1O2N1000000O0100000000O1O1O1O1O001O00010O1O1O100O01000O1N2O1O2NUa^P2
20161019133714Th_11,U`QP16io12N2N2M3O1N1O1O1O2N1O0O200O1O1L4O1O0000001O01O1O001O1O0O101O001O1O001O0L5M20000N3N100O1O2O1O10Panl2
20161020145454Bh_1,`cfk23do1=K2N1O1O100O0000O2N2O1000000O1000001O1O1O001O000001O0O2O1N2O001N1001O02O0O01O0000000O100O1O10000O10001N2N2N100O10001O0001O000002N1O1O1Nd\oo0
20161020145454Bh_2,icZh22no10N3N1O1O1N1M30000100O1O1O1O2M3Le\cV1
20161020145454Bh_3,lcho2;do12O1002O1M1000010N010O2N2N001Me[Wo0
20161020145454Bh_4,efPa24ko12N2N4K3O1N2N2N2N2O000001O1O001O00001O0000010014K0O100000O0000000000J[OPQNf0on151000000000001N2N2O1O01O1O1O01O100O1O01O2OO001O1O0010000000000O11O00O11O000000001O00O11O00O1O1O1O1O100001O00002N11N0000O100O1000000000000000000000000O103NOO1014K000O104K=C001NeVWW1
20161020145454Bh_5,Qg^d12no13L6K1O1O1O1O0001O001O1O0100OO2L4O2M2NhXYZ2
20161020145454Bh_6,ighZ3:eo12O0000O100000000001O101O000O1O100O1003M1O00O110OO100O100O10O01O2N001MbWob0
20161020145454Bh_7,PhXW349j0Zn1YOcQNj0\n1XOaQNj0_n1>kQNeN`m1Q2M0O1003\N]RNh0_m1UOjRNe0Vm1YOlRNf0Um1mNXSNS1\n1@O00O1NPVgg0
20161020145454Bh_8,`h`f18go12O1O1O010O0100O1000O11N1O10O0110OO01O1N4MPWSX2
20161020145454Bh_9,diP^34lo13M0111OO1N022N5KOO102O1OO0O1O8H3L`Uk`0
20161020145454Bh_10,U\_b12mo12O001O000O2O1O001O00000001O000000000000000000000000O10000O1O1O1000000000000O1O000001O100000O1O1OO1001O001O1O1O000001O1O1O1O000000000010O0000010000O01O0L4000000000000000M3O1001OO100000O11O001O1K4O2OceXW2
20161020145454Bh_11,a[oV35jo18I2N1O202M000O201O0O01O2N00000O1O1O10O10000000001O000O1O1O000O2N1O10001O1O^OmPN8Qo1JnPN6Ro1;00000010O01O00000O1M4O1000001O0000000O010000O110O0000000000O1000000000001O0000000O1O1O10000O101N1O2N2N100O1N3N2Nlcnb0
20161020145454Bh_12,Y]ik22mo12O1O1O2N000000001O00O100000000000000000000001O00000001O1O1O000O1000O100O100O1000000000000001N4MdbTQ1
20161020145454Bh_13,X^YZ25jo12O1O2N2N1O0001O0001000000000000000O000000000000000000O10000O1O0001O10000O100000000O1O1O1O010O0O11O10O10000000000000000O1N200O101Nhaba1
20161104133714Th_1,\`PW28go11N3L4M3O1N1O00000100O1000O01O0M3N3O0010000O1000O10000OO100100000O100000000000000000000000000000000000000000000000O100000O1O10O01O00010000O0100O1O100N3N2M]`Sd1
20161104133714Th_2,e_f]25jo12O0010O1O1O010O10O20O02N4K10011O0O001N201N000O14L1N1O002N1O1N2N\_W`1
20161104133714Th_3,i`Pg15jo12O1O00001O002N1O001O1O5K1O100101M1002O1N0000010lPNAL5[n16hQNGL4[n16gQNHL4]n1T11;nRNYNRk1g1lTN[NTk1e1jTN]NVk1c1hTN_NXk1U300000049EOO01Og0aLUSNZ2Ym1000001N2N1000OSNTSNg0ll1TOZSNk0el1TO\SNl0el1SO\SNl0Qn1K3L3M2N7G7K2N102KbZUU2
20161104133714Th_4,maPl26io12N1O1O1O1O1O1G9O1O100N1010O0001O0010O1O1O00100O1N200O1N2M4N1O3N1N2O0O3Jj^eQ1
20161104133714Th_5,bbnQ27go18I2N1O1O1000000000000100O1O1O1001OO1O1O100O1O01O2N00010YQNGfm18YRNKfm14ZRNNem11ZRN1em11YRNOgm13VRNOim12VRNNjm13URNNkm12URNNkm11VRNOjm10WRN0im10VRN1im1OVRN3im1OTRN3km1NSRN4lm1LSRN6lm1LQRN6nm1LnQN7Qn1IoQN8Pn1InQN8Rn1k001O00002N4L1O1O0O3N1O00O1O1O00N3M11000L4O1001O001K4O200O1O1O0100000O101O0XN^RNR1bm1kNdRNJCR1im1TOjRNm0Vm1QOlRNo0Tm1POlRNQ1Um1lNlRNU1Pn1O1O1O0010O11O0000O113L00O101O3MO1010O1OO1004L000O1O4M5J0001O1O010O01O100O13M10O00001O2N0000001OO100001OO1001O000O000000010O11O00O1O100O1O11O00O1O1O1O1O100O102N000O1O1N2ObYQc1
20161104133714Th_6,aiXT36io12N1O1N200O1N2O00010N10100O0101O00010O19G00O1O1O1O1O00000000100O1O1O020O0O1O1O1O1O1O011N1O1O002O1N1OoUah0
20161104133714Th_7,eUWa12mo12O001O1O1O1O1O1O1O1O000001O001O1O00000000O100O1O10000000000010O11O00O02O00000O002O0O011O00000O1O2N0100O10O10001O1O00O1N4K5L2N1OaifZ2
20161104133714Th_8,S]i\14jo14M2M1M3000000OO2O20O01M1O3O1N2MbcTb2
20161104133714Th_9,S_aX27go13N2N3M2N2O01O1O0010O000001O1O1O001OO1000O1001O0000001O1O1N1O1O1000O1O0010000O101O00000O1O001000O1O0010000O1000O01O0100O0100101OO1O01O000000000O2O1N2N4M2M2O0O100000k`Xb1
20161111133734Ch_1,i^`S127O^o13`PN4Zo1LePN6Zo1KdPN7Zo19O1O1O01O2N01K5O1O1N2N101O00001O0O100O0O00M40O10O1O10O1O2IQO\QNo0cn1UOZQNl0en17001O10001N2O0000001OO1O00000100O1O001O00O11N11O1N2O010N2OFZQN\Ofn1`0bQN\O]n1d0eQN[OZn1e0hQNYOWn1`0h001O1O1I8L3O2Nhbgg2
20161111133734Ch_2,YdPg0:do13J5M3J6O101N2O2N1O002N100O1O1O1O0001O1N2N2N1O1N2N110O1O0O2O00001000100000O010O001O1O0000000O01N2N2O2O0O1N3N2O4L1N2O1O1O1O1O1Nh[oT3
20161111133734Ch_3,gg^l28bo17N1010O5L000001O0000O101N15LN1ISX_R1
20161111133734Ch_4,ii\a13mo12M3N001O00001O10O100O0000000000O1O1O101001OO10O0000000000000000O10N2O10001N10001O1O1O1O1NPVg[2
20161111133734Ch_5,VlVT14go17M2N1O1N3O1N1N0N1200000K5001OO10N3M2001OO101O100N101O00O11O0001O1O1000000O100O1O1O10000000O01OO1N201O100000O1O1O1OFkPNKUo14nPNJRo16oPNHRo18;0O0000001001O1000O00O1O2O0001O1O1O0000000000000000000O01O1O10O1O100O10000O2N2N1O2N1I@mPNa0Ro17O100O1O1000000000[OTQN6mn1HUQN7ln1FWQN:Yo1N4M00000O1O001N2NXUmc2
20161111133734Ch_6,mlXS1>6DSo1>kPNDSo1>kPNCTo1f0J7M2N1O00\OZQNKMHhn1;aQNIen16^QNGcn17`QNGan17e0M3N3MaSgk2
20161116222134Lh_1,\YQh15jo12M4K3O1O2N1O001O0000000001N2O1N2O0001N2O1O1O0001O0001O1O0000001O1O01O1O1M200O1O2O000000000001O1O100O01N200OO1N2000000O1001O1O1K5O000000000001J6O100J51K401O2N5ERilR2
20161116222134Lh_2,hYQh18go12O01N3I[fdW2
20161116222134Lh_3,\^[Y13lo11H6N3O200O10000001O1O1O01N1G801000O1O1O1O1O1O1O1O100O1O1O10000O01O1O1O1000O1O001O01N11N1106H3N100000000O10O1O1OO1N3O1O100O100O100O1OO2O1O2N2N2N2N1O1O1O1O10000000000N2O1000000000O1000O01O1O1000O1O1O10O1O1O1O100O10001OO10OO101O01000O100O1O1O000000000010N2O100000O001O00O20O001O0N2001000001N1000O10O1O1O100O001N2000001O00000002M2O000O1N200O10000000000O1O0001O1000O100000000000000000000001000000O000000000O0O11O1O100000O10OO1001O1O1O1O1O10O100001O0000000O3KYd\X2
20161116222134Lh_4,]^SS12mo13N2N1O1O1O3O2M1N1O00001O010O100O02N3M1O10O002N1O00000000100000000O01O2N0000001O01O11N10O01O1O1O1O0000001O002Lh`\i2
20161116222134Lh_5,Tea]1`0_o12N1O3M2O001O101O0O011N1O010N2O1O1O1O1O100O100001O000O10O010O1O00001O002N1O000000QO\QNb0cn1^O^QNc0`n1^OaQNb0]n1^OdQNc0Zn1]OhQNc0Wn1\OjQNd0Wn1ZOhQNi0fn1101O1O1O01O01O1O1O1O01O1O0010O0000001OO1000000010000O00001O00O2O001O101N2N1000O10O10000000000O1O000O10000O1001O01O01O00000001001OO01O000000O2N1O2N101O1O01O00O10jNhQNd0Xn1ZOlQNd0Tn1\OmQNd0Rn1[OPRNe0om1YOVRNe0im1[OYRNd0fm1[O[RNe0em1ZO\RNf0fm1UO^RNj0\n1001O1O100N100O10^ORQN2mn1a0O0001C=O1O2N3M101N3N1O1O0O2NhX\X2
20161219133734Ch_1,Yghb02mo12N1O3M3M1010001OO100001OO1O00001O010000O10O01O0000002N2N0O3M4L2N2O1O2QQNWOcn1^1aQNlN\m1T1cRNnN]m1R1bRNoN^m1l1N9F10O024OL00O02N1O1O1O2OZMRSNL;Q2[l1PNQTNo1]OoMXl1O]TNR2XOQN\m1Y21O1O10O11?@000005YMhRNa2Zm10OO100O0010O\NgRNa0Ym1[OmRNYO0m0Rm1HbSN5]l1JeSN6[l1GhSN8\l1^OoSN=Tl1[ORTNd0nk1[OTTNd0nk1YOSTNg0cm1000001O9H0O1O01O2N0001O1O1O10O1O1O1O01O1O1O10O0100000OO2O0O2N2N_SWV3
20161219133734Ch_2,Zmhh0<co13M3N3L4M1O1014MOO0O1O4L1O1O1O2N0010O1010OO1O1O10O0000000001O1O2N001O1O2OO10O010O100O2N1O1O0000^OmPN7Ro1ISQN3mn1LTQN5jn1KWQN6gn1J[QN6cn1J^QN7an1H`QN8an1GaQN7_n1IbQN6`n1H`QN8`n1HaQN8_n1FcQN:Ro10000O0000000000000001O1O1O1O01O1O1O1O000000000O2IUQmQ3
20161219133734Ch_3,]eUi11mo13M3N101O0O100000010O1O1O00001O001O1O1O1O11O00O0O1N20001O1O1N2O000000001M2N3N2O1105JO1O1N2M3O1O01O1O3M1O1O3M1O1O002N1O1O1O5K100N101O2N1O002MkY\R2
20161219133734Ch_4,oeQQ26go14L4M4L5L3N101001N0O2M6J2N2O00001N2O1O0O1N3O0OiY^m1
20161231223534Lh_1,a_j^23lo12M3J7M2N2N2N3M2O1001N1O000O1J6O001O00010O101M3N1O2Oh`__1
20161231223534Lh_2,UdhS3>ao12O0100000000000000001O0000O1O1O1O1O0000000001O0000001O2OO010O1O010O10000O10O1O2OO01N2O1O1O000000000000000000000000001O01O0010O100O01O001O1O10O01O0011001N00O10O01O01O2N1O001N3N0O2M3N\Z_f0
20161231223534Lh_3,YfXY32mo11O2N3L4L3N122L2O0O001O001N2O3M5K1O11O4L4L0O1O1O1O00100O2N000101N001O11O00O0J_OlPNb0So16O2OO2O2L3N101O001O001O1O0100O001O000011N1O1O1000000O00000000002N1N100O1O2O0O10000001O00000001000000O1NdXo`0
20161231223534Lh_4,alf\22jo18K2O1O1O5L000002N0000004OM0000O1O2OO0104L1N1O1NgRga1
20161231223534Lh_5,i_aa24ko12O1N101O0O100G9O1000000O1001O000001000000000000000O100O1O1O00000O1000000000000000000000000000000000000O1N11O3M2N100O1N10000M4M300O001N200O000000010O1O001O0M3^Ob00O3N2O1O0O2O0O2N2N2N2N3M3M2N3M4K3L4N2NXaVX1
20161231223534Lh_6,]`kQ31go13[PN1`o1:J5O1O2N1N2O2M2N1L401O0O2K5O1O1K5N11O010O1000O1N2O1O1O10O0gNYRNLHKPn17[1O1O2J`alk0
20170129133714Th_1,PeRi24ko11N2O1O2O0O1N20000000000O10000000002N2N1cPNDTo1g0N5K3NO3MO5K2O0O102O00O000002OO00020N>B000107H00O0<F:HN00O13O1L0O1O9QOcQNJan1MeQN1[n1NhQN0Zn1LkQN0mVYS1
20170129133714Th_2,]kPX33lo13M2N1O2N1O100O1O1O2N100O1O1O101N2O1N1O1O101O0000100000O001O011N1O1O004L4L001N3M2M3N4L]TWe0
20170129133714Th_3,bTQ_2=bo12N101O000O2N2N2N1O1O1N200O1N2lNSOPSNQ1Pm1SOlRNm0Tm1UOjRNk0Vm1YOcRNk0Zm1n00001OO2E;K401O1L4N10000H9K5N2N2I7N201HfPNGfl`^1
20170129133714Th_4,lViQ33ko13N1O3N6J1O1O3M2N1O1O1O1O1O00000000000001O001O1O001O0O2N2O1N10001O0O2O2M4L2N3Lihfk0
20170129133714Th_5,bXmo24ho15I6O2N1O0O011O01O1O1N3N2N1O2M3NlgPo0
20170313145450Bh_1,``hn1;bo14N2M2N200O1O00N2N20000O100000000000HAPQN?ln1<0O11O0L3110O1O1M3M3O1O1K5O1O1O2J5N5Kj`in1
20170313145450Bh_2,aajc22no11N3N2N1O1O2N3M1O01010N1000O11O00O1O1O2N100O1O100O1MP^_Z1
20170313145450Bh_3,dbVe23ko13N101O103L10000102M00O103L2O1O<D0O0100O3O2M0O2N3M1O10O100O10000O2O0O0131NOOO10304JO\QNXOom1h0oQNZOPn1h0hQNBOIhm1R2RTNQNRNHRk1W2[VNhMmNa0hj1h1XVNjMmN`0jj1h1`UNhMLR1ej1V1\UNG^j19aUNH^j19YUNcMOV2hj1n2M1O100005kJUUNj4Rk1O00003UNlTNUM8MFo0^k1_OjTNQ1j0^O\j1_OkTNR1k0_O[j1\OmTNQ1k0CSk13YUNIij14`UNE`j19bUNF_j18bUNGdj1@`\]V1
20170313145450Bh_4,Unjm12mo12M7^OR1ZO2O1O2N1lQN`Nfm1a1XRNaNgm1`1WRNbNim1m101N0O0O2N2O0O1O3O01N0O104K4L1O205J0000O1O1O001O1O1O1O001103L0O2N8I0O1O13M:F1O002N4L1O00iNYRN7dm1CgRN`0Qm1YOWSNf0il1YOXSNf0hl1YOZSNh0WORORm16iSNS1Vl1kNPTNQ1ok1nNTTNP1nk1mNUTNR1mk1jN]TNm0_m1L1O1O3M5K1O2O1O1OO01O2N1O0100O1O1000O10000O010O1O01O1O1O10O100O1O000000O0101O000000001O000001O0000002O00O1O0000000000001O0000000000002N1O00001O0000002N1O1O0OilVi1
20170313145450Bh_5,QSoY21io18M1O2N10O0100N1L311O001OO2O0010O0001O001O1N2N2N3L3MjmZd1
20170313145450Bh_6,iYQe27ho1101O0O2O1O0O0O1100O100N2O01O001O100000000O1O1OO10100O1000000O1O1O1O10O10000O1N20O1O010O100O01N02O0001O1O1000O1N2O101NPgVW1
20170326133730Ch_1,cZXe25jo11O2N010O100O1O000100001O1O1O0010OO2O3M3M6I10OO100100O1N2D<O101ImeeX1
20170326133730Ch_2,hZXi22ko14N1N2O1O2O00O100O2N101N2O1N2N\egU1
20170326133730Ch_3,T[Xa27ho12N11O01O001J7L201N104M1N1O1N2O2N1O0O2O1N2O01N4\OSQNGWo1NjPNOao11`PNMbo11`PNNao10Wem\1
20170326133730Ch_4,U[dh14lo12M2O1O000000O100000000O100O100O0100000O100001N010O10O1O2LQe_U2
20170326133730Ch_5,\d^]22on19YQN5dn1MZQN4en1NWQN6gn1c0Jc0A1O2N4KbNXRNo0am1nNfRNo0Ym1POiRNP1Vm1POkRNP17dNVl1OTTNd1WOaNkm1Z1SRNiNlm1W1RRNjNom1a1h0ZO2M10104M0OO1002O0N101N=D00000O1O1O10O112M00O011N1O1O000000010000000O000000010000000O000000O10000000000001O001NXYo]1
20170326133730Ch_6,`c^R27fo14N100010O1O1O02N1O01O0000000000000000000000O1O1O1O1001Nd\gk1
20170326133730Ch_7,ajdg12ko14N1O1000000O100O0O11O0001O1O1000O1O1O0001O1O1O1O000000000000000000000000000001O1O1O1N200OaV_U2
20170326133730Ch_8,hSWZ33jo13@LSQN6kn1LSQN5mn1MPQN3Qo1<2O1001N101O0O0NM402O001O001OM4M3O1000O1O2N101N2N2M3OO10O10000O2J6LZmZc0
20170326133730Ch_9,]TaX33lo13N001O001O01O100O1O1N`kff0
20170326133730Ch_10,PVgg183LZo1`0O0O11O0N2O0001N10O11O0010O101N2O1O1O01O1O001O001O1N2N1O1O2O000O100000000000O1O2N1O10000000O1O1O2N2O1O00000001N2N2N2N102N1O1O002N1O1O000000000000000000000000001O1O0000O10000O01L3O2O2OTj^R2
20170328014950Uh_1,f_f]21mo15M1N2N1O1O1O2N2N2N2N2O1M7J2O1O1O2N1O000001O0O2O1O00100O100000010O3MO01O2N2N10O116H1000O101N1001O1O0O1004L3M000O1O2N010O110OO0001O01O0102O1NO102O2M1O001O10OO011O00O100O5L0000O02O0O10O3N2ON10O200O00001O11N00002:FN00002N000000002N1OO11O1OO01O2N1O1O002N1O01000000000O20O00O1O1O1O10O11O00O000001O001O4JQ\mX1
20170328014950Uh_2,ncnS12;4Qo1h0E2O1O1O8H1O10O=C1O1O1Me[Wk2
20170328014950Uh_3,eSa_22mo12O1O2N1O001O1O1O1O00000000000000001O001O1O1O000000O100000O1O000010O1O1O1O001000O1O100O01O1O01000O01O1O100000000000O1O1O10O001O1O01O1O1000O01O1O1O1O1000001O0O3Kml\[1
20170329014850Uh_1,]^hg22mo12N110O6J1O103M;E000001O2N000010oPN]Ocn1P100008TOoPN8\o10000000000001O00001O2N100O102N4L000004L00000003NOO1011N1O0000O11O00001O000000003M00O1O1O1O000000010O100000O01O100O0100O2O0O121OOO0O1O4M0O1O13M1O0000003NO0001O1O0O1013NN00O1120NO00O3O2M0000005K00O02O00O10002O2UOoPN`0Ro1\OPQNe0Vo14L3NOO00000O1000000O1001O1O1O001O6J1O00101N001001O000000O5L0O1O011N1O1N102Ld[mm0
20170329014850Uh_2,Se^i15bo19O2N1N1L3101O1O1M3N10000L4O2O100000001O1N3N001O_[oT2
20170329014850Uh_3,PTek23ko13N1O2N1O1O1O0100000000001O0000002O00O1O0000000000001OO100O1O101O100O10OO101O0O100O10O10000O1O001000O001O01O001OO2OO2O01O1N20O01O1OO101O1O1N2L31O0000O1010OO1000100N2O00100N101O101O001O1NPm^n0
20170329014850Uh_4,XTSf03lo11N3N100O1O0O20O0010N2O010O0100O001O0O2N2O2NWl^X3
20170329014850Uh_5,iT[j22mo12N3L3N2O00O1O001O0000001O10O10O1O3Lak^T1
20170330133710Th_1,V`dc15b0Mdn17SQN1jn1e0N0O2N1O1O1O1O0J14O3O010O1O100N3D<M4L9HR`oZ2
20170330133710Th_2,mbVn15ko11N2O1O0000001O1O1O00000000000100O1O0100O1O00000000001O001O1O001O000001O1O1O1O0000000001O0000001O2N010000?@10001O1OO1001O3NO0O1O9G4L1O1NP\_m1
20170330133710Th_3,kQe^14ho15M4M2N1O2N1O2O001O1O1O0000000001O1O3N0N2O001O001N9CTnd_2
20170330133710Th_4,kQS]14ko111O01O01O000000001N10SnTb2
20170414151450Bh_1,oi`g14io15M0L40N20000001O1O001O1O1O1O0L4000000O10000O1O10000100N2M3O1O1M3N201MYWWV2
20170414151450Bh_2,eb_V28go14L2O1O1O2N100O02O0O1O011N1O01O2N101N001O000001O1O1O01O001O1O1OO1000000O101O000O10000001O1O1O001O2N1O0000000O100O1O101N10001O1O1000O0100O10O01008JN1O0O1O100000O3M3M2O001O2N0O2N6J1O10O01O2N001Ne[^c1
20170414151450Bh_3,hcQY13lo12O001O1O0O2O1O0O100O100O101O1O1O1O001O01O001000000O000000001O1O1O1O01O0000011O00O1O000001O001O2N01O100O000002N1O1O001O2N1O00001O00O10001O00000000001010N010000000000000000O00000000002N1O00001O00010O100000O01O2N0000001O00000000O101O00000O1O1O1001000O010O00000001O00000000000000O10001O0O2N3N0010O10O100O2N3N1OO102M1O1O1O1O1O1O011N1O00O2O1M3O0000000O1000000O1O1O10O1001O000000000000000000000002N1O1O001O1O1O00001O001O1O1O1O001O1O1O00001O00000000000000000000000000000O1N1100O1O001O1O1O1O10O001N11O1O10000000O10O01O10000O1O1O1O1O0100O1001O0O1O2O0O101O0O100000001O0O10gZZU2
20170516134450Bh_1,Ybho16io12O1O1N2O1O1O1O2OO01O1O1O1O1O100kRNDej1<YUNFgj1:XUNFij1:TUNHnj17PUNJQk16mTNKTk14kTNNTk12kTNOUk12dTN4\k1LdTN5\k1JcTN8]k1K]TN8fk1GfSN@@l0kl1DdSNA_Om0ml1AcSND^Ol0ol1HQSNUO0f1ol1V1000O114K2M1O1O6cNdRN\ONG_m1`0TSN@CM[m1b0TSN]OD0Ym1a0WSN[OlYam1
20170516134450Bh_2,]d`R34ko13M1O2N1O1O1L3J52O0000O11O100O1O1O1O10000000000000000O1O1O100000000O2O1M4M1O2NT\oj0
20170516134450Bh_3,^_W]11mo16K2O0O1000000001O00000000O100O0001O100000000O10000000N2O1O0010N200O1000000001O1O1O1O0O1O1000000000000O10000000O1O1O1O1O1O1O2N1O2MPad^2
20170626133730Ch_1,\TYh1520ao19N1O1N101O1N1O011O0\O]OlQNc0Qn1g00000O1D<000000000000AaN^RN_1el1aNhSNo1Xl1SNfSNm1Zl1UNdSNk1\l1YNZSNCMT2il13WSN\Nil1a1`SNYNal1f1aSNXN`l1h1aSNVN`l1d1kSNTNXl1j1P101N7XNjQN<O9Vo1N2M3M5K3M2N2NemnT2
20170708164010Mh_1,lbQl24ko12N3N1O2N1O1003N1M1O1O0O2M2Ol\PS1
20170708164010Mh_2,ZcSm25jo12O0O101O01O1O1O1O020O10N1O2O2`PNLnn15PQNNon13nPNOSo11kPNK0LWo17SQNGnn18RQNInn15SQNJU[bQ1
20170708164010Mh_3,ZeoR24ko12O1O0O1000000000000O100O100O11O001O000000001O001O1N10O2O0O100000000001O0O2OO1M5E:N2O10O1O1O1O007I4L001O2N2N1N`Z`i1
20170708164010Mh_4,legm24ko18H3ON7ETZnQ1
20170902231930Lh_1,SfVU14io16K3N2L4J8L3M2N2N1O2N1O1O001O1O00L4O2O1N2]OUQN0ln1NXQNOin1OYQN0in1NYQN0in1L\QN1[o1O1NPZQi2
20170902231930Lh_2,^gXT11mo14L2OO2O001OiXYk2
20170902231930Lh_3,mg`R1h0Wo12O1OO1O1O1O1O1C=L5NTXil2
20170902231930Lh_4,aPUg11lo15QO5\QN4cn1N[QN4cn1M\QN4cn11XQNOgn1d02O0000000O200O1G9O0000M21M31SOZO^RNg0`m1^OXRNf0jm1ZOURNf0km1\OTRNc0mm1^OnQNe0Rn1d00N2000OK601OO1@<400000K4001OO2OL501O0000001O2O6J4K2O1N3QO^QN;en1^OcQN?^n1_OcQN`0Po1O1M3N2N2OXRoT2
20170902231930Lh_5,abUZ12Wo15UQN0hn17mPNOSo1?O2N1N200O1O2N3M1O1O2M2O1N2M3O1O0101O1O4L1lN_QNh0an1VObQNi0ln1OO100O1O1O1O000000000000000O10000000QOWQNg0jn1WOXQNh0To1L3M10O02O0000O0O1000000O1O1010001N01000001O0O1O1O001O0O1N2O1O1O1M3N20000O100000000O2OW]X`2
20170926225530Lh_1,elhg05jo12N2N1N2kPNM\n14aQN0]n12`QN0]n14^QN0`n1i0O1O2N2N2N1O2N0L5O1O1O1O1gRNZNWl1g1hSN\NUl1f1jSNYNVl1j1dSNYNTl1k2200000LhNbSNWO^l1i0dSNUO\l1k0fSNSOZl1m0hSNQOSl14XTNoNMj0lk17ZUN[Ohj1e0[UNXOcj1j0_UNTOZj1S1Y2000N2L31O100ON12M30O2OK500000LEhQNUOZn1j0>001OM3N2001K22I8O010N1000001C=N201NPWgS3
20170926225530Lh_2,eRig05jo12N2O0O2N2]PNG\o1?0K500O1O2M2O2N3M2O0O\mTW3
20170926225530Lh_3,eVUh02no10O2O00000000001O1O1O1O00000000000000000000010O01000O10O000000000000000000000000000000001O2N1N2OSihT3
20170926225530Lh_4,mVak02mo12O0000000000000000O2OSifS3
20170926225530Lh_5,Q\Qo16ho13O0M2N110002N3G]d\P2
20171018223630Lh_1,Q]V\18bo19L2N2N5L2M101O2M=C2O0O1000000000PObQN>^n1_OjQN<Vn1ClQN<Tn1DmQN;Sn1DWRN3im1MXRN2hm1NYRN1gm1OZRNOgm12YRNLhm14ZRNIfm18[RNFfm1:[RNDdm1=o001001O1O0O10000O1000O1O1O101N1N2O2N1Oacg`2
20171018223630Lh_2,Ufh_1>ao12O1M3M4M101O1O2N001001UOSQN`0Yo1N00O11O000000000000O11O0000O1O1O1O01O1O1O10O1O1O1O10022NN00O110OO10022NN0000000000O1O1O1O01O100O1O100000000O1O1O1O100000000004MOO1001O3M000004L0000002N2NO1O101N001O1000000O1O100O10001OO10O1O5L00O1O00001O000000001N2N2M3O0O1N200001O1O1000000O10O000000000O1O1O1O102N1O01O1O100O1O1O1O1O10008H000O113L000O17I2N000041LN01031MO0000008H0000007I000O208G000O4N7H0O1000`N\RNd0hm1SO]RNl0cm1RO_RNm0[n11a0^O2M2O01O7I00O102M1O1O000000001O1O10O100O001O011O00O1O100O1O1O04L3M1O7I3N00O1O1O2N3M1O1NjQWQ2
20171018223630Lh_3,UhPl25jo12N2N1O1O1O10000O001O01O10O1O2M4N001O1N2O100O153H00O00001O1O1MoWoQ1
20171018223630Lh_4,YXib16io12N1O1N2O1O1O1O1O100O1O1O0100O1O100O001O1O0001O100O1O1O1O1O1O00O11O001K4001O1O1J6O1O2N3Lgh\Z2
20171021223430Lh_1,Y]XT27ho12N2N8H3M2N2N2N2N2N2N2J7M1O2O3K9H2O00000O10YOoQN^ORn1a0PRN]OQn1=[RN\Ofm1c0]RNZOdm1e0]RNZOdm1e0^RNWOem1h0j0O1O1000001O001N100002M2O1N2O0N201N10O1N2O0103M3L2O010O1O1O00O0UOiQNLYn14j0O2O1O0000001O0000O100000000000001N2M3O1O0O1000000N1O1O11O010N2O1O1O1O1O1O100000000000000000000000O10000O11O00001O0O1O1O1000101O0O2O0O0000N4L3N2O0O10001N101O1N2O00000001N1O1O1N200O1O1O010OO100100O1000001N2N2M3N2NlcWa1
20171021223430Lh_2,ich_2>ao12O1O1O1O1O1O0000001N2O1O001M3N2O1N2N2N2N2O0002N1O10O111OO001O2M1O10O1_QNPORn1`1OO1O00010O1O1O001O00110O00001O2N1N2O00O3N1N0102M2N1O1O2N1O100004L000O100000002O2NN0102>BN000001O00001O304I00O03M3N0O110O0000O1000O10O001O1O1O2M6J2O01O<D5J102MXXoX1
20171021223430Lh_3,QhVg23lo14L3N1N5L1N2O00001O0001O02OO00000O2N101O1O1O1O002N1O001O0000001O1N2O1O1NdW_V1
20171021223430Lh_4,ihdh22mo13N2N1O1O108IOO0M5L3N2O0000000O1N2N11N11O0O02O1O2O1O1O10O1O1O1O000000000000000000000O1000000O1011O13L00O02N2O00002N10O0OO1O1O1O2O0O3M20O1O5K3M1O002N1O1O1O5K1O100O10000001O000000013MO0000O100000005J10O113L000002O1TQNXO^n1e0_QN^Oan1a0^QN@cn1G]QNS1jn13K00O1O5K1O1N2O1N2EPQNCRo1;;O6J4K^Tco0
20171021223430Lh_5,UVm[12no1001O001O5J6K100003NO00O02O0O01O1N1O1O1O10O1O1O10O1O1O0002N1O100000O10000O1O1O2N001N2O101NhiVa2
20171021223430Lh_6,Q^il06io12N101N1O1O10000O10O1001O00001O2M1O1H8O10000000N2O1000000O100O2N2N2N10001O00O01O1O0000001O0000O11O0001O1O1000O1O1O0001O1O1000O1N20O01OO1001O001O000010O100000O1O1O0001O1O10O1O3I[cdm2
20171021223430Lh_7,ReS`12mo13N1N101N2M3J7N0O1M3L4O100N2O2O0O100VQNoNen1W1N2N1M3O001O1O1G9O10000000jNmQN?Sn1@oQN?Rn1_OoQNb0gn1001O001O1O1O00O3M3N1O1000O010N2O2N1O001O100O000000000000000001O2N001000<EOO1O000N2O1O2N5EfZlZ2
20171021223430Lh_8,UdS\13lo12N1L4N20000O0101M4LS\Vc2
20171021223430Lh_9,Ydi\11oo11O1N4M1O001O1N2O1O0O1N200O1O1O1O101O002M20O002N1O001O000000002N1O1O1O2N3M10O0000010O1O001O0000000000O2Ie[l_2
20171027150050Bh_1,\]b[13lo12O1O1O1O000001N10O0010O011N102Meb[c2
20171027150050Bh_2,da`n17ho12O1O100O1O00000000000000001O100000O01O0001O11O1O1OO01O0010O11O0O010O02O00O2N6K5J1O1000O1O1O00001O1O1O001O001N3M1O2O0000000O2N5Dc]]m1
20171027150050Bh_3,[c^R2;bo16M1O1O20O4L000N101N24L3L1O100001O1O0O22O3\QN^Oam1`0[RNDdm1=YRNEhm1;URNIkm19oQNJQn17lQNKTn16iQNLWn1o00000O01O2N1O100O1O2O0002N1OO1O1N2N1O2N2O6I6I3O2MfZWj1
20171027150050Bh_4,iUkl11mo13M201N100000000O1O1O1O1000O1O1O0001OO101000000000O100000000O001O10000000000000000000O10O00001O1O0100000O1O0001O1O100O1O1O10000O1000000000001O00001O1O1O001NljVn1
20171027150050Bh_5,QWYf12mo12N1O1O1O100O10000O1O2N100O001OO101000000O01O1O1O1O1O1O1O10000000O01O000010O1O1O1O00000000001000O000001M3O1O010000O1O0001O1O01000000N2O10O00000000010O0001O01O1O1O10O1000000O00K501O10000O2N2LejfS2
20171027150050Bh_6,]ViW2:eo12O000000001O1001OO000001O01O11O00O1O100O1O01000000001O000000O100000O20O0000O1O1O1O100003M0000001OO100O100001O1O00000000000O1O1O1O10O1O10000O010O010O11O0000O02O0O01O100O1O1000000000000000O1O1O1O100000000O002N1O0100O2N1O011O1O00O002O0O1N2Nhff`1
20171027150050Bh_7,i]]m22lo13M2O2N1O1O00101O1O1O1N2O1O1O1O1K5L4N2N1O1O101O00000000000000O01O0000O2O1O00100O00O11O0001OC\QN^Oen1a0=01OO1010O100O1O1O101O0O2O1N2N2N2N2NVc^n0
20171027150050Bh_8,nfan19fo12N2N2N3M2N100O100O0L5D:101OO2N11N2O010O1O2N1O`0YOiYlo1
20171029171010Mh_1,Y]no09eo15M1O1O001O001O00001O1O2N2O0O0102M2O0O000000000O2O0O1010O02EaPN2fo11O2M2O2M103M5K1O1003M2M101O1O00000009HO1N04M3L101O1O9G1O0O0100O001O001O01000000O10O2O0000O02O00O1O2N2N1O0101O0000O24K00000000000O00O10lN\QNl0en1SO\QNm0dn1QO]QNP1Wo1GL00000\QN^Ojm1a0SRNIim14URNNjm13SRN1lm1NQRN7om1Q1L00001O30M00001nNQRN1nm1LWRN1jm1MXRN3hm1KZRN7hm1C\RN>dm1]OeRN<\m1BeRN>\m1_OfRNc0Ym1[OhRNf0Yn1000000000O1O100O1O100000000008NMM000211NN00O12N2N000013L00O1O5K1O100O5M0O0O1N[[ge2
20171029171010Mh_2,m`\i12lo12J7N100000O1O10O0N3N0110001N11O1O100O00101O000O1M\_oT2
20171029171010Mh_3,XaPk1;do12O011O000000010OO100O5L000O1NX^oS2
20171029171010Mh_4,eanb28do1g0\O10101O00O0000O01O001O0O2L4O101O1O0O2O000000O1H8O1010000O100O1001OO00O1N3L3O1000000O101O1O1O00000001M2O2N2O1O0001O001O1O1O1O01O0000004L4L1O1O3M1O1O10O1O1000O1N100001O000001O002N10O11001NO000001O001N2M3N2N2O1M3N2OO2O1O100O11O0000O13a0^ON00O113L000000h0XO0O002N100O01O1O1O10001O2N0000010N010O1O2N2N1N2J5N3O1O1N2O1O000N2O101O1O1N20O116I000O00iNnQNa0Qn1[OWRNb0hm1]OZRNb0gm1\OZRNb0en1L3L4N11O1O00001O1O10O1NoZ_Q1
20171029171010Mh_5,TlX[23lo12O000000001O100O1O1O1O1O1O10000000000000000000000000000000O001O2N01O1O100O0002N1O1O00000001O1O1O1O01O1O1O1O000000001O3KnRm`1
20171029171010Mh_6,]Ual23lo12N1O1O1O010O1000000O1O1O10000001OO100000001O002M2O01N1O1O101O1O1N2O1O2LgjTQ1
20171029171010Mh_7,\Uon23fo18M2011O1O00O0101N0010O11O0O10O100O10O1O001O001O1O1O10O002N1O01O2N1N2OSjhn0
20171029171010Mh_8,dVab24ko12O0N2O10O01O1O1O1O1O1O1O1000O1O1O0001O1O1O1O1O00O20O01N2O0000001O00000000000000000001OO100010OO10001O1O1O1O1000000O2OcjfY1
20171029171010Mh_9,mUiQ37ho13N101O2NO100N6K2N1Nhi`m0
20171029171010Mh_10,QWWa22mo1101N1N101000O1O10000O1000000OUih]1
20171029171010Mh_11,QZ]\22mo14M5K1O1O113MOO10044H00O116LNO0O00Xe^b1
20171029171010Mh_12,eei^29fo12N2VQNGjm1<QRNHmm1?kQNDSn1?jQNBVn1`0gQNAYn1b0cQN_O]n1R100O1O1N20000O10000O1O0001jNiQNb0Xn1\OjQNc0Wn1\OkQNc0Un1[OSRN=om1ATRN=mm1BURN<mm1CSRN<in1O1O1O1O3DTZT_1
20171107222630Lh_1,kdnT1:do1a0@3N1O3M1O1O00O1N2K5N3N3N4K10001O000100000000O1000000O1O100O1O1O9G1O1O1O5K1O1O1O6J1N2N4L3aRNYN`l1>iRNh0e0lNal1;lRNi0a0mNcl19mRNk0;oNil15mRNQ13jNRm14lRNS11iNSm13mRNU1NhNVm13mRNU1KiNXm12VSNY1kl1gNVSN2Ba0Zm1\OVSN1Bb0Ym1[OWSN2Ab0[m1VOYSN6^Ob0Yn1]OiQN`0Yn1^OjQNa0Vn1]OlQNc0kn1N0000O1O5K1O1N2OXOWQN?cn1@_QN`0`n1_ObQN`0_n1^OcQNe0kn11O0000001O00O113M0N06KN4L4M001N7J1N2N2O[WWe2
20171107222630Lh_2,TiXo16go15N0100000O0001O2M3LiVQP2
20171107222630Lh_3,Pj`S24lo10O2N2M4N00000000000000000O10000000000000001K4N2O101O1O1O1O002N2N2N01N2N2O1N2N6J2N2N10000000002N1O01N2N2N2O10O1000O00O100O1000001N11O1O1O100N102N1O0000000000000001O1N2O0O1O10N2O10O10000000000000001O1O1O01O101N001O1O1O1N2O1O5K1O00O1N201N1O1K5O1O1O1N2L4000000000002N1O0O01M20001M5I8L1010O1O100O13M2N000004L4K1O1N`Ugb1
20171107222630Lh_4,]jX\12mo12N2O4Lb0^O1O01O2N1O10N2O5K1O1O1O100O1O1Oi0WO1OeNRRNe0lm1\OTRNe0jm1\O]RN?`m1BcRN;]m1FcRN:^m1DdRN=dm1YOhRN=Xm1AmRN:Sm1EnRN;Sm1CmRN>Um1_OnRN`0Qm1_ORSN?nl1_OTSN`0Wn103M2N0O1O8FQSUa2
20171107222630Lh_5,imh`17ho11O2N1O1O10O1O1O1O0001N200O1O1N2O100N1001O1O1O1K6L4NgRa]2
20171107222630Lh_6,Qo`_12mo12O1M4M2N1O1O000000001J41010N1010O0000OO2000000L5O1O2N3LkQe^2
20171108222430Lh_1,`dP`188:fn1GXQN;fn1FXQN=cn1c0M3N1O10O01O1O02O00004L3M3M1O1O001O1O0010O01O1O1O001O1O105L1M10O11O00000000000000000000002O1N00O4NO0000O1O6J1O102N>B1O000<EO00001O03M00O1O100O100000000005K2N0O1O002UOnPNd0Xo10O113L00O11O0000O1N3M4L2N10001O001O2M7JgW[Y2
20171108222430Lh_2,egX`02ko18J3N1O10O01002N000O01O2N1O001010O0O2N4L10O010O2N0001O100O0010O1O1O0001O00000000O11O1NgWo\3
20171108222430Lh_3,]jXa2;do11O2N1A`0I7OO2N2L3O1O1O1O2L3O1O1M3O1O1O1O1O100100O10O1O00001O00000000000000000000000000000000O10000000O001O1O10000000O100O10000001O001N2N2M200000O10000000001O1O100N10001N1O1M3O1O1O001O1O10O10O01O2O1O8I1N010O100O1O2MPVoW1
20171108222430Lh_4,UbiT1=bo12O1M2M3N200O1000000001M3N10O10O01000000000O1O00100O10001N1O0010000O01O1O01O10O010O1N2M3O100O1N2O1O100N2O2N1O1N110O1O1O1O101O1O1O001O0O100001N101O1O2N8H3M1O002N1N2O1N5@c^le2
20171122022450Uh_1,_^`o07go13N2M1N3O1N1N201O0010O0000101N3N001O00000O1010O02N01O3M3N0O10000000O1O2N100O1O1O01O010O1O000101N0100O1O0010O1O10O010O001O000001N2O1N100O2N10001O3L2Oo`ik2
20171122022450Uh_2,jg`a15jo12N2O0O2O1N1O0001000O10O1000N2O10000O1000O01O0010O100000000000000O10000N2O1O2O1M3N1O2NaXg[2
20171122022450Uh_3,`WYl0?_o14M1M6YQNAem1d0oQNNgm15URNOhm1V1N6J6J2O0L4N3N1O1O1O2N2N1O2J5O1O2OO1000O1O2N100O102L4M3N0N2O1OnMVTN1hk1N[TN1dk1O^TNXNGb1jk15nTNDQk1;SUNCmj1=TUNBlj1=WUN@jj1`0^UNTOfj1k0_UNlNej1U1\UNiNdj1W1^UNgNbj14WTN6km1H[RN4em1L]RN3cm1M^RN1am10fRNH[m18W100O10000O010N2O10N2O010000O1O1O0010000000O100O100O1000000001O001O1O000001O1O100O0000000O100O0010O0010000O100O100O0100000O01O1O1000O0100O1O1O01O1O010O10O00000100O010O1N20N1001O0001O1O010N1000001O1O1O1O1O1O1O100O1000O01O1O01O1O010O1000N10H9O00HBoPN>Qo18001O100O1O0001O1O010O10N2O10N10100O1O00L4O200O1M3N1001O1O001O000001O10000O001O01O1O01O1O1O00100000000000000000000000000O1N20N2O100000000000000O0100001O000O1O2N2O1O000000000000000O100000O1O1O10001N1O1O1O10002O00O001O01O000000000000000001000000O1O100O1O000000001001OO10O1O100O1O1001OO1O000001O00110OO10O1O1O1O0002O0O000101N001O1O1O1O1004L0000O112M1OO03M8H1O01O2N1O001O1O1O1O1O1O1O100000000O1O1O1O100002N001O1O00000O1O2N0010103MO0002M3M010O112M000O22M3M000001OO010103K10O131NOO00029GOOO103L2OO100O001O1O10101M1O2N001\OjPN<Wo1AkPN`0[o10O1O10O001O1O100000O1O0O2N1O100N2O001001N1O2N1O2O1O1O001N2N2N1O2N2M]h\V2
20171122022450Uh_4,gZYn09Zo1IoPN`0in1DSQN>kn1`0L:E3N011000O000202>_OO004N00N01O13M1M101O8IO000002N2N0O020O0O01O101N00100000000001O2N0O100O2OO10O2O0O00001O01O000001O001O1N1010O00000000001O0000O10000000101O0O2N4L3M00[bXl2
20171122022450Uh_5,l[QZ24ko12O0N2O01000O01O1O0001O100O10000O1O10O001O1O1000000000000000000000O0000001000001O1O1O00000000O0O200O01O1O100000000000O1K5N3NhdPb1
20180507140210Th_1,]_bS26io12N1O2N1O1N2K4N3O1O010O01O100O100O2N1M3N2N3N4JSamj1
20180507140210Th_2,mg`j0:eo12N2N5J5M1O004L3M1O003O1N0O10410OK101O5L1M10002O1NO013N31K1O10000O0O1O3M2N1O1N\VoR3
20180726232450Bh_1,ZaVT15io14N0O3N3L3N0O2O001O1O0O01N2M300O1O1N201O1O1O00000O2O00O0100O1O0O1N21N2O1O1O100M3L3O2O01O10O01000O1O100O1O2O00001001OO0J6O1O100O0O11O1O001I6N2010OO2L4O100O1O1O1O1N2M4Nl_af2
20180726232450Bh_2,m`PQ32mo14M1O10O0001N2O1O1O1O020O00O1010O0O00O100M201001O000000O10000000000010O0001O010000O1O1O2O0O1O1001OO01O01O01O100000O01O2OO01O01000O1O1NY^gj0
20180726232450Bh_3,`efS33ko13N1O2M2N4M2O01O1O1O1000001OO100001O00O113L000O119F1OO104K2N010022MO00O10<C100008K0M0001;D0000O020O00O113MO00O1N6ITXeh0
20180726232450Bh_4,iiRZ3261^o11`PN2^o10_PN1ao18O000000KaPNI_o16cPNI]o17cPNH^o1:400O1O001O00001NTVgd0
20180726232450Bh_5,mln^33lo14M1O1O002N1O001O001O1O0000001O01O1O1O0001O01O0O1000000000000000000O100O1O101N2NoR_>
20180726232450Bh_6,XohR37io11N2N2J:J2O1O1O2N2M20O01O0000O1O1O1O1O2N3M1001O1O1OAkPN3Vo1KkPN5Vo1IkPN7Yo1DiPN;^o10000000O100O100001O01O01O00001O1O0100O10O000000001O1O1O01M3N2O1O1O001O1O1O0000001O00000001N3N001O001O2N0000001O000000000000000000001O1O00O1O100000000000000000001O00000O1O3M2N2N100O1O1001O1O001N1O2N1M4N2N100O2N101M2NUPcd0
20181012105930Ch_1,a_h[16io12N1O1K5O1O1O1N11N11O0O02O000000000001O1O1000O001O1O00O11O001O00001O10000000000000O0100O1O1001O00001O001O000000O2O1O10O0001O01O0001O1O1O0000000O1001O1O3M10O000000O10O10000O1O1O1O1O100N3N100O1000001NXao]2
20181012105930Ch_2,jbhh26io12N100O2O000N10100O01000O100001O00O2N2N2N2O1O1O100O10O100000OO1N3CfPNO]o10ePNN^o1OdPNNg\QU1
20181012105930Ch_3,We`d23ko14M1N2O1O1O1O1O0000000L3100000O11O00M3F:001OM3O1001O1O1O001O01N11I7O1O1O10O010N10O20O0OLhPNBYo1=6O1O0O2N100100O10O00N20O2O1N3K5M2Ol\aW1
20181030230030Lh_1,T^bc24ko12K7J7L1N1M3L400O000OO3M2O100I7O2O1N2I7N201NdboZ1
20181030230030Lh_2,mdXg15jo12N2N1G9O1O1O1OO1010O10O01011O2N000O10000O02O13L0000O11O0000O11O0000O11O00O100O1000000O1O100O1O5K1O0101O2N000O3M2N1O2NTZoT2
20181030230030Lh_3,aj`o1c0\o12N1L4N2O0100O1O1O101000000O000O1O100N3J6M3N2NaUon1
20181030230030Lh_4,mlXV26io12O0100O1O10000000O1O100O001O1O3N1O0O2O0O1O01N1O1O001O000000100000O1O000001O100000O1O000001O1O1M3L5NTSaf1
20190605025430Lh_1,Sdhc1<bo13O10002M2O0O4N2M1O002PQNWOmn1m0QQN]O\n1S10O1N<\Oa0D5N2I\PNNYZQ[2
20190605025430Lh_2,\Qog06go16L2M2O1O01O001OO110O0100O1O0001K401O000O1010OM3G63L40O1001N200O010O1NO2N1100001K5O1O1O0LG=M30L5NO2M31M2N110O1N2@<400000K5001OM3F6401OL4OM5O0000K]Oi0O0010OO101O3NYSoR3
20190605025430Lh_3,aSYW19fo12O1O00000O1O1G9O000000N200000000000000000000000000001G9O100O1000000O00O20O0100000O1O0M12O101O000O101O0L5O1O010O1O00O2O1N101O1M3O1O0M3NG;000N2C=N20^O`QNEan1;aQNBZm15kRNBMh0hm1HXRNd0gm1^OWRNc0im1h02N1@VRNjNmm1T1WRNhNjm1W1a0N2N2O1N3L5L3M201O1O001N7I1O1O1NPP_b2
20190605025430Lh_4,ePQc0c0\o13N1M5K7J2N2K5J?E2N3M4J<F2N1O2NWNRSNb0nl1\OWSNb0gl1^O[SNb0dl1^O]SNd0_l1[OeSNe0Xl1YOnSNd0Rl1[OQTNd0Pl1mNPSN3S1S1am110N0001O2M10O2Nk0UO1O1OO00000100002N10O1O0O1000M2N2010O0100O1N2K5N2O1O2O1O2N0O2N2N3N0010O:ROWQN2jn1H[QN8en1F]QN9fn1B]QN=To1N3N2M2NjlVX3
20190607032610Mh_1,eZfa282L^o1>L4NO1O010O101N`eg]1
20190607032610Mh_2,]g^n13mo12N1O1N1000000O1000001O00100O1O000001O1O1O0010O1O1O1O1O00001O1000O1O100O11O00O000000000O1O1O1000000O100000001O1O1O1O1NTXim1
20190607032610Mh_3,^gZm11no12N1000000000000001N1000cXkQ2
20190607032610Mh_4,`nRX13lo12K6I>RRNZOok1h0oSN[Onk1g0PTN[Ook1f0lSN@Rl1b0iSNCUl1>jSNCVl1>gSNCYl1>bSNHel10TSN9ll1ERSN=ol1BoRNa0Pm1AaRNU1`m1DgRNTOWm1j0nRNSORm1k0QSNTOol1j0TSNWOml1b0YSN@dl1;aSND^l1;dSNE\l1:fSND]l17nSNFlNDel1c0hTNBaNMgl1?jTND]N0hl1:lTN5Xk1AoTN>Ym1100O1O00001O0000001O1O1O01O00001O011O2N000O1O1O1O1O1O1O1O1O000000000O1N200O100000O1O1O1O1O1O1N200O1O1N200O10O1O1O1O100000O1O0001O1O1O1O1O1O100N2O01O001O1O1O000000001O0001O1O1O1O0001G9O10OO2O1O0000001O1O000N20000O1O1001O01OO011OO2OO1O1000L04N2001N20O010O1NLVOUQNh0mn1500N20G91N1XK\OSZNf0ne1[OPZNd0Rf1]OmYNc0Sf1^OjYNc0Wf1_ObYN7mf1IRYN5Qg1LnXN3Tg1MjXN3Wg1OeXN0^g10aXNLeg13ZXNMhg13nWN5Th1JjWN7Wh1IhWN8Yh1HeWN8]h1HXWNb0ih1^ORWNd0Qi1\OnVNc0Ti1]OjVNc0Wi1_OeVNc0\i1_OYTNDk1l0oi1@TTNFl1b0Yj1HiSNGn1`0Zj16dUNI^j17aUNGaj1:^UNEdj1:\UNEfj1;YUNDij1;WUNDkj1;UUNDlj1=RUNCPk1>fTNJgk1KTTN8mk1IPTN8Ql1HnSN8Sl1KkRNZO:0Jn0Wm1`12N2N1O3M2N2N1O3mNR1K5N2NhSgZ2
20190607032610Mh_5,VSSR21mo15K3J6N101O000000006J1O1O0O1000O10M2N20O200O1N200O100O10O00O1O1O10000M30000000000001N11N11O1N20O01O1J42O01M3H800O0O2H8O1O000DL`0M30N3mNlNVSNn0Sm1TOkRNh0Ym1[OeRNe0Zm1]OaRNf0_m1^OURNb0Sn1d02O1O1G9O1O1O1M3M300O100O0000000O2O1N2K402N1O5]O[Qmg1
20200310113230Ch_1,PPPP4
20200806072410Th_1,d^fn14io16L2N2J9J4M2J5O2N100O1O1O1O1O1L4J6O001N10_Oa0N200100O0100O0L5L4OM3K5000001N200O001N01000M3O]Od000000000000000N3M2100O00100O10O1O010OO2O10O10OO2O100001N1001N1O1O1O2N1M3L4O2NTdok1
20200806072410Th_2,m^Xm12mo12O000000000001N10SaSR2
20200806072410Th_3,dboY23jo14N100O2O0O2N10O010O0100001O0000000O010OO1010O1000O100O2M2O100G_OPQNd0nn18000O100N2O101O1O1O1O001O2N000000000O11M2O10O2O1M3N10000000001O00001O1000O10O000000000O1O1O1000000000000000000000000O103Kk]T`1
20200806072410Th_4,ibYY22no11N100000000001NX]Tf1
20200806072410Th_5,]cSQ235O`o13]PN0`o1;G<I3O010O101N0001O001O1O2N3M0000001O001O1O2N00000N2O1O100N2O10000O100000000000000000O01O00010O010000000000000000000000O01O1O1O01N20000001O1O1O000N2O2O000O10001Nd\fi1
20201228202510Mh_1,eZa\13lo11O2N3L3O0O2O1O2dPNEnn1=PQNEon1;PQNGPo1e000000O102M1O1O104L000O1O1O1O1O00000000000000000O1O1O1O100000000O1O1O1O2Nld^`2
20201228202510Mh_2,S\oa24jo13N1O1O1O1O10O001O100OO2N11N11N2O1O001N1O10O200O1N20O00000001O1O1O1O000000000001O1O1O1O1O1O100O0O1001O1O1O1O0000MO401O2N_eVZ1
20210101202450Bh_1,oXae0U1fn17L3M2G9O101N1N2O1000O2M3N2N1O2^Ob0L4N3M7G4L4N2NXgnX3
20210101202450Bh_2,]Y[l24ko12O1O1N2N1O100O100000000O1O0M4O1O1O100O1O101N10000000O1N101O1N2N2OO11L301O2O1KZgTQ1
20210101202450Bh_3,eZYj02lo13M3L3O2N2N10O0001O01000000000000O100O1O10O002N1O100001O001N2O001O000O2M2NieZS3
20210101202450Bh_4,^bcg21no13L8I5K2N101N3M1O2L3O1O1O000XOWOmQNU1Tn1:10K5M21K51O0KO6M4OM0B;6N20000@`0O11O00H8O1KVQNUOjn1j0M64M20GQO_QNS1]n172N200O1K5M31ZOROYRNn0gm1VOlQNR1Un1POiQNP1Wn1<[OaNgRNb1Tm1g00O110O0J7M3O1O1O1N3N1O1L4N200O2M2O100O1M3M210O1E;L30ZO]OPRNc0nm1CnQN=Pn1HmQN8Sn1JkQN6Sn1m0N02O01O001O0100N2M3K4010OM3N202O0N2N200N2G9M201N2N2N101O1N1O201O0O10001N2JhddP1
20210101202450Bh_5,mb[U22mo12O2M2N2M2M4L3O1O2N2O1N1O10000O10000O10000N2O2M2O1M4N3M2O00001O00000001O00001N10000O001O1O001N2O1O10000O01OOO1002O001I7M3O2NX^ff1
20210101202450Bh_6,fcWh15ko11O00100O1O10O01O001O1000O10O002N10O01O01O1000O1O100O10001O0O100O010O10O100O01O000001O0O10000O2O001O0O1O2O000002N1O000010O0010O100O1O011N10O0000O2O0O1N2O1O1O2N2N1O2O01O100O10O1000O1O1O001O1O1O2N1O1O100O000010O2OO10O02O0000O10O01O10O100O001N1O1O2O1O1O0O2O00001O1O1N2OdZ\o1
20210127110130Ch_1,X[ha2?`o12O0L4N101OO1NO1N320O01N2O101O1N2O00000O1N2000000O10O1O1O1001O2N001OO1000000O100O10000000000O10O1O1010000O10O001O1O10O1O1O1O001M3N1O100NTemY1
20210127110130Ch_2,YYie2:eo12N1O00O11O000L4000000000M3000000O11O0O02O00M3O1001O100N2O0010N10M4N2O010O1O3LmgfW1
20210127110130Ch_3,Q[Ye02mo12N1N1O2O00010O10O10O100O1O10O1N200O101O001O1N2OWeTY3
20210127110130Ch_4,]_ik12mo12N2N2D<M3M2M3N2O0010N2M3O1O100N2O1O100N2O001000O1O1O10000000O1O1O1O100000001N4I`adQ2
20210127110130Ch_5,Ybal1:eo12N1O1O1O1O1O1N02O0001O1O00000L2200000M3001O2N5\On^lQ2
20210219230330Lh_1,ib][12en16XRN3`m17hQN>Sn1EiQN>cm1nNmRNj1ml1^NoRNc1nl1bNlRNc1Rm1_NlRNb1Sm1`NkRNa1Tm1d01O1O1000L31O2O1O1N20O001O1O100OO1_OjRNXNWm1h1lRNQNXm1o1jRNnMVm1S2;L401O10ZOYNSSNg1ll1[NRSNf1ml1\NRSNd1nl1]NRSNb1nl1_NQSN_1Qm1bNnRN]1Sm1cNlRN^1Tm1cNjRN]1Wm1f00iMfRNh1Ym1`0O00H800000L04M4OO1H7101O000L4hN_RNG2\O_m1n0_RNE4[O\m1m1gRNPNjl1U2e0M301O1I7M2000K06M2001N[OmQN@Tn1<QRNBom1>SRN@mm1`0URN^Okm1a0_RNUObm1k0i0001OO100001L2001O010F;O0000N10N31N5L4L2N1O00O1010O01BSQNGon16WQNGin18XQNGin18YQNFgn1:?O2O010N2O01O1N2O010M3E91000000D<00000O10000M4O1O1O1O0L0400000000M3000H7100001N200000001O0000000001O1O<C2O1O1O1O1O1O1N`enY2
20210219230330Lh_2,a`aP33lo12O1O1O1O0O2N1N2O2^OB`QN>\n1LZQN9Pn1W1N101O1O1O1O01O5K1O1O1O4LdRNcNWl1[1hSNgNXl1Y1fSNhNZl1X1eSNiN\l1V1bSNlN_l1EjRNY1g0SOdl1l0[SNUOfl1l0WSNUOkl1k0QSNXOnl1j0oRNWORm1i0mRNXOSm1i0gRN\OYm1e0bRN^O_m1b0_RN_Obm1_100000001N2O3M1O1N1O1OkMiRNd1Wm1[NiRNe1Xm1a01O1`MgRNW2Zm1gMhRNX2_m110nMhRN\1Xm1aNoRN[1Qm1dNQSN[1Pm1bNSSN]1jm1N1O1O1O1O1O1O1O1O1O1O1O5K1O1\OmPN9To1CQQN<_o1J2N001N4La]\j0
20210219230330Lh_3,Y_il22mo12N2N3L3O001O1O1O10O011N01O1O1O01O01O1O2N00000000000002N1O0000001O00000010OO2O0N3M2O2Mb`^P1
20210607142350Bh_1,\XY[2?ao13M1O0?A2NSgZd1
20210607142350Bh_2,X\Yj13jo14N2M6oPNC@4Zn1_1L100O1O01N201Ne0_N\dlT2
20210607142350Bh_3,ae[b11oo11N2O1O001O1N2O001O002N1O0O100O1O2M2O3M2O000O10000N2O10001O1O1000O10O0000002N001O0001O0000000000001YORQN:co1G4KoYZZ2
20210627163630Mh_1,]b`Z1:eo12O102N2N0O10022NN00001O0000002N2NO1001O00000000000O100O1O1O02N1O00000001O1000O1O10O000000001O1O1O01O1O1O1O0001O0001O11O000O001O1O10O1O1O10O001O1O0010O01O001O1N3N1Nh[Y`2
20210627163630Mh_2,^jPS1?`o12N3L7I8J2M2N3JUOcQN<Zn1BmQN<Rn1CPRN<Qn1BQRN>Pn1]O[RN<mn1G3M1NaTok2
20210627163630Mh_3,`\iU1c0\o12N1M2JJ<N3O2N3M3L3Mic`i2
20210627163630Mh_4,T_YU1S1ln12O0L4J6O1O1O0H44J6O1OMBb0L4O2O0K50002N1O1O1O3M4ERbTi2
20210627163630Mh_5,e`al12mo12N1N3N101O00001O00O100O10O101N2N2N100000001O1O2N1O0000001O00O10000O10000000O1000000N1001O1O100000000000O100000000001N1O1O10001O1N2O0000000000O00O20O3N1O000000001O00O1000000O1O1O00100000O1O0001O1O11O000O1O1M201O1O100000000001O0O2M5DX`Tl1
20210627163630Mh_6,maUc12no11O2M200OO101O0001N3N1O07KN2O0O02N1O01000000O1O010O1O0001O0Od]lZ2
20210627163630Mh_7,ffgR29fo19G2N2N3I9K2N2N2E;O1N1N3N2N2O01N3J5N2N2Oa0bNQQNi0Uo1N1OO1O1O100O100O11O002N1O001O5J2M20001O0O02N2G9N2N2O1O1O1O01O1O1O1O002N1O10O11O1O0O1O1O1O001O1O2O0O1000O10O0000O100O1O1O101O1O1O1O1O1O2N001O1O1O1N1O1J7O0O1L6K4N1001O9G3M1N2Oj0TORX\f1
20210627163630Mh_8,dfij13lo13N1O1O10O01O00O101O010O1O1O01O0100O3MSYnS2
20210701163730Mh_1,Vaba21mo15K4L4N1O1O02N1O1O1O1O1O10O11O00O1O1O1O1O1O1O3N1N1013L000000010N100001OO10001O1O000010O000O1000O0100O1000000000000O010O10O101N1O1O000000000000000001O0000002N001O01O1O1O1OO01O1O1001O1O10O00000001O1O1O1O1000000O0O1N200O20O0000001O1O1N2O002N1O0000001O00001O2N01O1O100O001O0000100000O1O001O2N01O1O100O000000001O1O1O1O01O1O1O1O1O1O1O1O01O0000010000O10OO1000001MU\WS1
20210701163730Mh_2,Vh^c22lo19I1N2N2M7K1O1O1032K000130L0000080H0000080H0000004L0000046F1O00141LOOO1N?A3N0O2O5K4L1O1OTUgY1
20210701163730Mh_3,ijbQ32mo12O2N2N2N10100N10000000000O1bPNFUo1c01N0100O>C1UQNmNdn1Z1L4M:F2O1N2O\NSRN^1dm1aN^RN_1am1`NaRN`1^m1_NdRNa1[m1^NoRNZ1Pm1eNRSN[1nl1cNTSN]1ll1aNVSN_1gm15LN001120MO0O1N2F:N1O204K2N1O2M`0@3L3MeRQk0
20210701163730Mh_4,mkle22mo12O001O1O1001N100O4MO1O000kSWY1
20210701163730Mh_5,V[aT15jo12N1N10O11O001OO101O10O10O1O00O11O000001O10O1000000000001O001O001O0000001O00000000001NXefh2
20210701163730Mh_6,T\YS1m0c0VOim1m0URNTOjm1m0TRNUOjm1n0QRNVOmm1l1B2O100`0ELO00mQNWNnm1P215IO000049\RNUNZl1h1eSNZN[l1f1cSN[N^l1g1^SN\Nol1\2KM0O1N;]O=K1O2N7I3M2N2O4L1ZOiQNAXn18oQNGRn15SRNHom13R1N2N2NPaVj2
20210701163730Mh_7,e]Qc26io12N1O0L3100000K510O001QOn0O0201N2I7L3O2Nlcf[1
20210701163730Mh_8,a^k_22mo12O0000000O1N2O100O1N10O2O2NhaV_1
20210701163730Mh_9,]_Qg15jo13M2]PNH[o1f0E6M2N1BQOiQNQ1Un1>0O01O0ON3D<0000K6O1O1O1O1N201N=AZa\W2
20210708060030Lh_1,laXS17ho12N111N1O100O105J01002N4L0O11O2M1O10004L2N0O10O0001O0000O11N100N3N2N2NZ]_j2
20210708060030Lh_2,f`WS31mo13O2M1YQNLam16]RNL`m17]RNKcm15\RNMbm15]RNKcm17YRNLem1X1L4O1N2M20100O101N\OSRNmN2Njm1U1URNkN20jm1T1TRNlN3Mlm1V1URNhNVn1X191N4K5L100O1O2O0O0100000O1O0O10G91OO1001O001O01O001O0000N2M3L4O11HmQNaNTn1_1600000M0N501O0000HkQNdNWn1[170000O10001O000O1001F81N2O1OO1002O0O1L5M21M2O10O1N2N1I8001M1D85M4O100N2N2OO1MM5L5O1J3N402O3Mocfe0
20210708060030Lh_3,Xeam18go12O1O3N5J100O4M1O0O1O00001000O100O10000_OiPN8Xo1ElPN9To1FmPN9To1DnPN=[o1O0000110O0O001O1O1O1O002N1O1O001NdYlo1
20210708060030Lh_4,efib12mo13N2N2N2M2O000000010O1001O1N2N1O001O1N3NPYl[2
20210726041650Uh_1,YbRU12mo12M4M3M101O00001O1O010O010O01O01O1O001O000O1O100O1000000O1O1O1O10000O1000001N1O100O10000O101O1N101N1000000001O00001O0O100000O01001N1O2O000000001O00O10O100000001O0O100O2O00O10000000000O2O001O001O0000000000000O10000O10000O100000000000000O100001O001O1O10O1O1O00001O00000O100O1O101O1O001O000000001O000002O00O1O0001O000001O00001O1N2O1O1O1N2O1O010O1O1O1N3N2M1O2M]]g_2
20210726041650Uh_2,Zc`R19`0l0`m1YOWRNo0fm1g0O2M3M2O01010O0001O0`N_RN`0bm1XOiRNd0Wm1ZOkRNf0Um1XOmRNh0en1B3K101O10OO100O2N4M0O2MWZgk2
20210726041650Uh_3,YYiS11mo14L3L6Hh0\O2N2N3M4L2N2N1N200O01M2WOnQN]OZn1b0c0O001M3N2O100O1O1O100O1000000000000000000000000O100000000O10000000100O10O000001O000001O0000101N01O1O01O01O0110OO10O1001OO1O00100O1000O100001O1O000O1O1O1000000O10000001OO10010O00O11001ON0101N1O10001O3MO10O2O000O010O1O1O00001O001O1N_elc2
20210726041650Uh_4,mXW`12ko14N1O1000001O0000O010010O000000000000002N1O00000000001O02N10O001O10O0100000000O100O1000022L000O113L000O113L000002O1M10004L0000001O3M001N3O0OO01O101N001O\enZ2
20210726041650Uh_5,YZSi02mo12L7G8K4M1O1N2N3L2L4O@`0N4OO00010000O1L5O0001O10O100O100O101O001O000000001O00010O001O2N2MgfRT3
20210726041650Uh_6,V\Qh09eo13O1N2N2N2N1N2ZOg0M2O1L4K5N2O101O000000O2dNPRNf0Rn1QO]RNg0dm1VO_RNi0^n1N5K3M1O101O000O002N1O10O02N1000O02N100N2O1N[cTU3
20210730044930Lh_1,abjg22mo12O1O2N1O1O010O1000O001O000000000000000000000001O0001O1O10O1O1O01O00000001O1000000O0001O0100000O1O000001O01000000O002N1O1O00h\WT1
20210730044930Lh_2,hbXl17ho12O1O1O5K100O11O000O002O0O1O0110OO10000000000001O00O02O00000O1O10O010004L00000001O0O1O4L1O1000]PNG^o1?O1hPN^Oon1b0oPN@Qo1i0O1OO1003OO3L5K009KL00000001O1O00PRNGYl18cSNM\l13bSNO^l11`SN0al10]SN1el1NQSN:Qm1FmRN;Tm1EjRN<Wm1DgRN<[m1DbRN9dm1GZRN9hm1GWRN8km1HRRN9Pn1JkQN2[n1NdQN1^n1O`QN1bn10[QN0gn1>7K5N2N2M3N2O1N6I4M2N10cYgm1
20210730044930Lh_3,mcX`1>ao12O1O1O1O1N100O1O100001O00001O0000001N2N2N2O000O101O0O1O1O100O1000001O001O1O001O1Nl[S]2
20210730044930Lh_4,YfXW37ho1101O3M7J0000012NO00O200OO100133I0000000000O1O1O2^OgPN:`o1O01O100O000O10000002N1O0000001O00001M4M2N]Xie0
20210730044930Lh_5,Zj^h11mo1:H1O1O1O1O1O0011N1O10O201N00O02O01OO10013NN1O0010O000013L0000O3OO1OO1001OO10O1O1O1O1N1000000011O1O0O01O3N1N1O1NRToS2
20210730044930Lh_6,dXid24ko13M2N3M3M2N1M4L3O3M1OO1B?O1O1O1O1O001000O100001O0000000O2N0010N2hPNJen17ZQNKen14\QNLdn14[QNMdn14[QNMen12[QNOen10[QN1en1N\QN2dn1N\QN2dn1N\QN2cn1N]QN3bn1N]QN3bn1N]QN3cn1M\QN4dn1L\QN4dn1L\QN3en1M[QN2fn1NZQN1fn10ZQN0en11ZQNOfn12ZQNNen13[QNMen13[QNMen13[QNLfn14ZQNKgn15YQNJhn16WQNJkn15TQNLmn13RQNNon11QQNOon12oPNORo11kPN1Uo1=00010O10000O01O001O01001OO100O10000001O01O001O2N0000004MOO100000000O100O1O1O1NlffT1
20210730044930Lh_7,VZW[29bo17M2O0O01O1O0000O200O000001O0000O02M201O1N2O100O2O00O10OO1001O1000O100O1N200O1O1N2O01O001N1I9Lmfha1
20210730044930Lh_8,]ZQW23lo12N1O1N200O1O1O1O10O1000000000000000000001N1O1K5O1000000000000000O1100001O000000O10O1O1O1O1O0O3M2N2N01000000N2O10000000O2N1O1O2Mheld1
20210730044930Lh_9,abYi16io12O1O100O100O100O1O1O0000100O11N1O10O1O2N1O000000O100O001N2O00O1100O01000000N1001O000000000001N2O1O1O1O10000O01O1L4OO2O100O010O1O1O1O1N2O0000001O1O0K6O0001ON3M3O001N1MI:N30N1O02O00N3M11001O1O001O1O1O00O200O1N2O0001OO101O100000000O1N20O01O0000001O1O001O00O11O0010OO101O010O1O0000O0101OJ7M3O100001N2M201O0O101OO1000000M3eN[OWSNi0hl1YOUSNi0jl1YOlRNGCQ1`m1BbRN@LP1Zm1HgRN[OMn0[m1HgRN[ONm0[m1IeRNc0\m1P11\OjRN]NVm1a1oRN[NRm1c1PSN\NQm1b1PSN]NQm1Q1X1H9O1N2M3N2N100N2O0001N02O0000K51O0001WO[OfQNU1Xn1POeQNP1[n1ROcQNn0[n1<OB`0M2001F80010N2DL`0L5N2O1M3N2AnPNOTo1NoPN0To1IUe\i1
20210730044930Lh_10,Rhan15jo12O102M4M2M1O2N2OO0000000000000000001O2N001O0000000000000000000000000000000000000000000001O00001O1O1O00000001O1O1O1O1O1O1O1O1O4K\W\m1
20210811072510Th_1,dmVS15go1?C3O2017KMO0O11O01O000000000O102M1O1O01O2N0001O2N001O000000010000000O000000001O1O1O1O004JVQmi2
20210811072510Th_2,]]WP33lo14M1O1O1O1O1O11O3M000O000000100004K10O0001O001O1O1O001004MOO10O110O00O00000001001O1N100O2O1O0O0Oaafl0
20211119005210Mh_1,T^Ta12ko15N3L2O1O1O2M2O106I:F10O1107JN0O1O9G3M10006OMOO00O7J0O10O11O0000O111N000001O3MO1010O01OO1O1O2N001O2Lk_e[2
20211119005210Mh_2,b^ie0>ao13M3fPNHfn1m0L2N2N1N2L5N100O0O2OPOmQN4Tn1JoQN3Sn1LPRN1Qn1MZRNEjm1:o00O0O02O1O1O1O1O1O01000000O0O11O100000000O10000000000O100O10000O100O1N3M2OXbhV3
20211214174010Mh_1,PPPP4
20211224120130Ch_1,m_Pj22no10O2O1O2N1O0000000100000O10O01O01O010O100O010O1O1O1O1Nh_WT1
20211224120130Ch_2,Rch^2Q1nn12O1004L3M00004NjPNZO>6dm1g0[RNZOem1e0ZRN]Ofm1f0SRN^Onm1Z13M0O0O8@cQNjNfn1n08O2N<ZOh[m_1
20211224120130Ch_3,TYYU23ko13O100O100O1O11O00O1O1O3N0O1000O1O1O1O1O1O00O1O1O1O10O00000001N2O1O0000001O0000L400000L4000000O11O0000M300001O001O1OL4@B^QN?bn1C\QN=en1DZQN;gn1>1M3M3O3N5D;H5N2NThVf1
20211224120130Ch_4,UXiR3:eo13M1O0I43O101O1J5O2O3LYh^l0
20211224120130Ch_5,UXYn12mo12O0O1O1O1O02O0O1N3NogPQ2
20211224120130Ch_6,nXol12jo1;H2N2M4E<L2N1O00D<M4O100K5L4O2NhgnQ2
20211224120130Ch_7,^ZkP31no13N2N1O0001O1O0010O1O1O1O000O10O10O0O101O1N101N2O1N10L400000O11O00N1G91N21XOAnQN?Rn1=_QNVOan1g0dQNWO]n1h0eQNVO]n1i0cQNWOan10]QN84GSo1MQQN2`o1OWfXl0
20211224120130Ch_8,V]gi12mo12N2O00O1O1000N2M3O001O01O10O001OO1010O10O10000O1O1O10O1N200O1O1N20O100O1O1N110O0O10101Ncc^S2
20211224120130Ch_9,]^S_21no12O2M2O1O100O2OO100O000010O100000O00000010O1O1O1O0000000100000O100O00001O101O6JO10O0101OO00O101N1000000O01O1O1O101O00001O1O1O01O101O1O1OO1O1O1O1O1O1O100O01O3M2N1O00000000O101N10O01000000001N1O1OO2O00O2O20O1O3M00O1000O1O1O100O1N2L4O011O2N1O000000000001O1O1O1O000O10O1O2N1O1000000000000000000000O1O1O01000O1000O100000O2N1O10N3N2O1O001O00000000IWQNUOkn1j06001O5K1N1001EYQN[Ogn1d0\QNZOcn1f0_QNXObn1h0;N100100O10O100001O000000O10O1O0@YOgQNh0Yn1ZOfQNe0[n1[OdQNe0]n1[ObQNe0_n1[O_QNf0bn1ZO^QNe0bn1]O\QNc0dn1_OZQNa0fn1<001O1O1K5O0000L0401O100N2O010000O2N1NN1201O001OBTQNJkn13[QNKdn15^QNJcn15^QNIcn11i0N3NibPR1
20211224120130Ch_10,Rbaj25ko11N2O2M1O2O0O00F`PN5ao1K`PN3ao1M_PN3bo1K^PN6do1200O1O1N2O1N2M2H9O1O1O1N200O1001O01O0000O10000000000000000000000000001O1O4L1OO2N100O1000000000000000O100000O100O100O100000000O10O1O1OO1O02L3001N20O01O0L40L500O10O10O1O1O100O1O1O2N1O100000O2O1M3N2O01O1O1O00001O000O001N2N2OO2O100O001N20O1O001M3O10001O0000O1O2O1N1OO1J600000OM4000O10000GHkPN8To1;N0100010000000000000001O1O1O1O000O1N11O00O1000100O1N11O1O100O1O1O1O001O1G8000010O1O1O1000000001O5J3N001N3L201O01O2N0010O00010O3L3N000O100000O1O1O10000O10000000O1N200ON3M3O100N2O1O10O10000O11O001N11O4L2N10O0L5E;N2O000O10000O1O_OYQNLen13`QNJ`n16aQNI_n16bQNK\n10lQNOSn10oQN0Pn1ORRN0nm1OSRN0nm1OTRNNom11SRNLnm14SRNJnm15o000O01O00001O010O0000010000O01O1OO10100O1000O00000010O100O100O0100O0010O1M3NUbba0
20211224120130Ch_11,P^Y^23ko13O00010O00002N10O00100O1O1O0O2Nlad`1
20211224120130Ch_12,ida[22mo12O1O1O2N001O4L:F1O1O1O1O1O000000001O1O6J1O002M2O001N1N20000100O100O0O2N3N0O101O00001O2N2N1O1O001OO1O000001O010O1O100O101O0O2O1O1O1N1O1O1O101N4JkZl_1
20211231180850Bh_1,iaPX2;do13M2K9H6L2N2L4M4M1O2N1M3N3O0O0100TOVRNBim1>YRN@hm1`0YRN_Ofm1=P1L5O2N2L3L5O1NP_Wf1
20211231180850Bh_2,YhnT13lo16K2N1O2N1O1O10001OO0100010OO0110O0O10O101OO10O001O100O1O1O1O001O00001O0000001O00001N10O1O1O100O1K5N3N1O1O10000O10000O1O2N2N2N3MTWof2
20211231180850Bh_3,YUYU22lo12N2N2N2O1O01OO2O010O01N1O10O1K4002OL4G72N202N2@_lTi1
20211231180850Bh_4,fVoV16ho14N1N1000O101N2N\i^h2
20211231180850Bh_5,lYa[24ko11O2N1O10000O1000000N2O10O01O000001O0100O1O1O10O1O100O10000O100000O100O1O1O10O1O1O01O1M3O1O1N2N2O100O100O1O001O10O000HoPNARo1=901OO1001N11N1M2110O0000001O001O0O200O1M3N3N1O3MkgT_1
20211231180850Bh_6,m]We23io17L2N2N5Kd0\O2O1O1O1N20O02O01OO0106I4L010O2O3L1O1N3M3M2N2O3L3M1O2O1N2N4LTa`X1
20220124155050Bh_1,QbRo01mo13M2O2N100N2O100O1O0O1000001O0001OO2O1O001O1O01O1O10O10O100000O010O000100O10O1000000O100O010O01O1001O1O0O2O000O100O1O100000O1N3M2N20000O10000O1O1O10001O0O2O0O2N2MQ_ik2
20220124155050Bh_2,echf1:do13O1N5K6J2O101O7I0000105KO0002O7IOO0111N3M00O104MOO10022OM0O005L1N1O11=B2N0O020O000O11O00O100001O0O100000O1O100O2N001O0100O0100O001O002O0O1O0100000O001O0000100O1O10O11N5L0O1N3NQYeS2
20220124155050Bh_3,YYob13lo18I1O0001O001N3Mef^\2
20220124155050Bh_4,V[ia1<bo14M2N1N2O1O00O1O2N1000L31000O1M12N2001F70O312M3M3M2N2N3M4K3N4LdeV\2
20220124155050Bh_5,n[iR27ho12N100O1O1O0010000O10OO2O1000O0O2O01O0001O0001OO10010O1O0000010O010OO100100O0100000O0000010O100O1N201N1NQeli1
20220124155050Bh_6,a]W]12no11N100O100O1O1O10001N1000O100000O100O1O10000O1000N2O01O1O010O10O1O1O00N3N2O1O1O0O02O00000O1O2O00K23L5O000N200010O0010O2Mkcn^2
20220124155050Bh_7,Rfgn12jo18K3M2O4K5K2O1N2O1O1O0100O0100O1O00001000000O000000000000000000000000000000DUQNBmn1;ZQN_Ogn1`0=00O10010O1O10O00000000001O00000000000000O10000O100O010O0100O010000000000O1001O100O000001O001O000000000O10000O01O01000O010000000000001O1N2O1O0O1N200O1L4L4O1M3N1001O01000O10000000000000000001O1O1O1O00010O00001O1O001000001O002N2N00O1O100O1O100000O0O1O1O101O002M2O01O1O1O1O1N6J5K2O2N2N3L2O2N2N4L1O1O2N2M1O2MUYVe1
20220328035030Lh_1,U`X`1>ao12N1L4J6O1000O1O1N201N6I3L4N2O1N4Ll_c^2
20220328035030Lh_2,gbnQ16`o1a0H2\N[OjSNg0Rl1AdSNg0Sl1DcSNd0Yl1^OeSNd0Zl1]OdSNd0[l1^OcSNb0^l1Y17L402N4L3M0102M7JPOeRNYO[m1f0gRNZOWm1e0lRN[OSm1ERTN8lk1GVTN8jk1GXTN9gk1F[TN:fk1ZOiTNc0Zm1O100228D1O001O1OO1000=C2N0O1O2N1O1O1O2N4L1O1Nd[oj2
20220328035030Lh_3,`a^_17_o1;N1O1N2K310001O1G9N2O2NU_g_2
20220328035030Lh_4,ae`_26io12N2N3M6K1O102N1O000007LM0000O1O1O1O1O1O1O100000000O011N1O10O2N3M10O11O00000001O1O00O0101O00O2O0000000O2O1N101O2N00O14L4MO0O105K6J0O1001O0O0101N1O1O002N2N1O1OjW_[1
20220328035030Lh_5,eg`c17ho13N001O000000O1O1O01O2UOJhQN8Vn1LgQN6Wn1LgQN6Un16^QN0Zn1P1M2O1N2L^NTRNW1jm1fN\RNY1cm1fN`RNY1am1dN`RN\1Sn1O1O001Na0ZO8M2N109B\X]Z2
20220328035030Lh_6,fZSb01mo15K3B>N2N001G7101OO1L40N2O10L22N2000L31O10000H8N20000O100001O000000O1L4O101OOO2O20O001O1O10O1O001ON3M3O00000@>201OKnN\QNT1an15101O2N1N2M4N2N3M5K3M2N2N1O2N1O3JbhTY3
20220523234912Lh_1,RYf_15io13N1O2M3N2N2M2I7O2N10000000000O1N200O1O1O1O10O10000O01O1O1O100000000000O00100O00OO3M3O100O1N2O010N2O1O1O1N2N3N1O010000O1N200O1O1O2N10001O00000O01O1000O1N110O1O1N200O10OO01O2O1O1000O001O1O1000O1O1O10O101O1O0N2O100000O1O10O010001OO1O1O1O101O1O1O1N1O1O1O10O1O1O10O000O11O0100O001O2O002M2O0N3N1O2O1N3M3N1O10001NQOSRNKmm15SRNLlm13URNNjm12WRNOgm10ZRN0fm1O[RN2cm1N_RN2`m1N`RN]OM5bm1>bRNYO09]m1=eRNXO0:[m1>fRNVO1;Zm1>[SN]Oel1c0]SN[Ocl1e0^SNZOcl1d0_SN[Oal1d0cSNWO`l1g0]1O2O1N1O1O000O101O2O1M3L4M4L\igT2
20220523234912Lh_2,mcb`13lo12M2O1O1O0100000O1O1O1O100N2O01000000O10O10O10O0101N1O1O2O1N5J]\]]2
20220523234912Lh_3,fTa<5f04Un10fQN3Xn1OeQN4Xn1m0M:F2N2K6H8M2O0N00B?H8ON2ODkQNmNZn1j0b000O1G9N20001L3N30M2N1101O10O01O0001O0100O1O1O2N2N2Njlf`3
20220523234912Lh_4,eZQ[2?`o1101O1O2M100N2L4O100000N2O01O1O001O1O1O1O1O1O1O1O1O1O00O10001OOH9N21O1O1O001O000000000NJ800001O1O1O1M20O10000O0O3O00M3O1000000L4001O000L4000O10O1M31O0O02N10M3oNn0300000O10O10O1ON300000OgN[RN1nm1MWRNKom14SRNIom16SRNGom16o0M3O2Nhif^1
20220523234912Lh_5,ZXaU37ho12N1N1O20O01O0O11N110O1N200O01O10000O1000000000000000000O10000O1O100O10O1O100O1000000002N1O00O1O1O1O2O0N3N2N101NUhlf0
20220523234912Lh_6,m_mf23lo14M2M3N01N100O0100N10100N100000010O2N1O10001O1N1O1O1O1000O00100O00OM5O00N2L4000001OO100001000O01O0M21000O01K500000O10N3OO1001N1000O01001O00100000O3M2N1O01O0001O01O1O001O000O11O010N2O1O100O1O1O1000000O10O100K50O01O010O0O2O100M3M3ODlPNNTo11nPNNQo12PQNMon14SQNJln18UQNFkn1:VQNEgn1?XQNC]n1f0cQN[O\n1e0eQN\OZn1d0eQN]OYn1d0fQN^OWn1e0hQN]OVn1d0jQN\OUn1e0jQN\OVn1W10O100O2N2L4N2N100N2O1O100N2O100O1000000000000O2N2N2O0O10001O000O1O1O1O100000000O1O1O0000O11O0001O1O1000O1N20O001N200O1O0O0200O01000O10O0O1010OM3G90000N2L4O100O1L4001O1O0O2M3O1O1N101O1O1O001OO1OO2N3OO2OO10001O0K5N202N1I7K6JoePj0
20220523234912Lh_7,`ZSX13lo12O2O2M1O1O10O1O100O0100000O001O001OWeff2
20220523234912Lh_8,Q[aY12mo12N1N4M2O1O1O1O1O1O0001O2N0000001O01O02O00O1O01O00010000000O000001O00O10000000O01N20N2K401001NQe^c2
20220523234912Lh_9,m]aP22mo12O01002N000O1O10O001O2N001O02N2N00101N10O01O100O1O1001O2N0O101O11N0ZaXm1
20220523234912Lh_10,Reob27[o1`0M2O000000010O11O0000O1O1O1N2O1N2N2O10O11N10O0001O000000000001O2N001O1O1N2O1O000O2N2N2N1N2O2N100N2O1O100O1O1O1O1O1N2O100000001NlZnX1
20220523234912Lh_11,fdkn21no15L4K101O0O2O1N2O1O001O100O10O100O1O001O00001O1O2N1O20N10O00100O1O00010O0O100O2N2OjZ`n0
20220621185332Bh_1,]^Rk0420do18M2O1N1000O1O1O100001O0O10000O20O2N2M100O2N1N3N1ON20010O1YPNMao1;N2N1O1O001O001O0010O0001O1O001O1O0010O1O1O0000001N10000001O01O1O1O0O101O0000001N101N2N101O0O2O0O4LUamo2
20220621185332Bh_2,f_To24ko1100O2O0N1H9O10O1001N10001O1O01O0000000000000000000000000O1O100O101O100O01O10O0001O0000100000O10O1O1O1O01O3M2N10O1O100O01O1O1O01O1O100O1O1000000O1O100O01O1O1O1000000000O1O1O1O0010O2N01O1O2N100O1O001O002N1O0010O11O00O01O01O010000O0100000000O002N100O0100000O00000001O01O0001O1O1O000001O2N01O0O1O101O1O10O001O000010O00001O0010O00001O1O0000000O2O0001O001O0000001O01O1O10O001O0010O01000000O001O10OO2O00001O01O01O010000O1O0000001O0O2N2O001O010O1O1O1O1O1O0O2O1GbPNM_o12cPNM]o1;1O00001N3N1N2O1N2N2Nh]ka0
20220621185332Bh_3,ZfPg15jo12N2O1O1O1O00000000000000000eJGoZN9Pe1KmZN5Re1MmZN3Se1NlZN2Te1OkZN1Ve10hZN0Xe10hZN0Xe11gZNOZe11eZNO\e12bZNN_e12`ZNNae11_ZNOae14\ZNLfe15WZNKje15UZNKle15SZNKme16RZNIQf17mYNITf17kYNIVf16jYNJVf19gYNG[f1:bYNE`f1;_YNEbf1;]YNEcf1<[YNDhf1;WYNEjf1;UYNElf1;SYNDnf1=PYNDQg1=lXNDVg1:iXNGWg1:hXNFYg1:fXNGZg19eXNG\g19cXNG^g18bXNH_g18`XNI`g16`XNKag14^XNMag14]XNMdg15XXNLig17RXNJPh15nWNLRh15mWNJUh15jWNKYh13gWNL[h14dWNK^h14aWNM`h14]WNLeh14YWNLih13WWNLkh14TWNKnh15QWNKPi17mVNHUi18jVNFYi1:eVNG[i1<aVNDai1<]VNCfi1=XVNCji1<UVNEli1:TVNFmi19SVNGoi17QVNHPj19nUNHSj18jUNJXj15fUNK\j15cUNI`j17^UNJcj16ZUNLgj14VUNMlj13RUNNoj12oTNORk11kTN0Wk10gTN0[k10cTN0_k10_TN1bk1O\TN1ik10PTN2Rl1MlSN4Ul1KjSN6Vl1LeSN6^l1b14L4O1N2M3N2N2O5I3N2N2N6^OaQNXOcn1b0bQNZObn1c0_QN]Ocn1`0_QN^O]ZQR2
20220621185332Bh_4,iaPT1:co14L4M3N3M1010023LN101O10OO100001OO01O1O1O1O1N1O3M2O1N2O2N001M2OZObQNM]n10jQNMTn12oQNMPn13RRNJom15n0O2O1O1N3L3O\^Yi2
20220621185332Bh_5,UfX`2:eo12N1O1K6N1O1O00O1N200O1K50000000000001OO100001O00O11O1O001O1O00N2N21O001O10O1O1O011N1O1O1O1O2O1O1O1O1NP[_\1
20220621185332Bh_6,aghf04ko13N0O2O000O1O1O100000000000000000001O101N00102N2N0O10044H000003N0N10OO4L5K1O2N3KiWeV3
20220621185332Bh_7,ThPX33ko13O110O2M10001N2O0O012N3M000O3O2M1O0O20O0000O11?@00000010OO1014M0N0O1O2N2N2O002O3K3N002N1OO01O3N2M0001O2OO001O1O1O1O000000O1O1O1O100000O10000O100O100001O0O100000000O1O0010O101M2N3N2NjUWb0
20220621185332Bh_8,YhT`22mo11O2N10000001OO101O000001O00010O0001O0000O2MiW]^1
20220621185332Bh_9,]mZQ13lo12XPNM]o1`0J5M2N1O0M30O101O0D=O1O2N3HXSem2
20220621185332Bh_10,]Uoi01no12O1O001O1O1O001O000000000000001O000000001O1O001O000O100000000001O00010O20O00O1O1O1O1O2N1NYjTS3
20220621185332Bh_11,PZQh1g0Yo11N2K6Df0C2O1M4H:K2O1K5MfNUSNEhl1:[SNFcl19`SNF_l1:cSNGVl1;VTN]Ohk1?^TNA`k1`0aTN@]k1a0dTNASk1d0oTN]Ooj1c0RUN]Olj1d0UUN\Oij1d0XUN]Oej1d0]UN\Obj1c0`UN]O_j1c0aUN]O_j1b0dUN\O[j1d0hUNZOXj1c0mUN\ORj1c0PVN\OPj1b0RVN_Omi1?WVN@hi1?ZVNAei1>\VNBdi1=^VNCai1;cVNC]i1<dVND\i1;fVNDXi1>hVNDUi1;nVNEQi1:QWNEoh1:SWNEmh1;SWNFlh18VWNHjh17WWNIih16YWNIfh17[WNKch14`WNK_h13dWNL[h14fWNMXh13jWNMTh12nWNOQh10PXN1og1NRXN2ng1MTXN3kg1MVXN2jg1NWXN1hg1OZXN0eg11[XN0cg1O`XN2]g1NeXN1Zg10gXN0Xg10hXN1Wg1NjXN4Sg1MnXN2Rg1NnXN2Qg1NQYN1nf1OTYN0lf1OVYN0if10XYN0gf10ZYN0df11]YNOcf10_YNO`f11aYN0^f10bYN0\f12dYNN[f12fYNNZf11gYNOYf10hYN1Wf1OjYN1Uf1OlYN0Sf10nYN1Pf1OPZN2ne1ORZN2ne1MSZN3le1MUZN3je1NVZN2ie1OWZN1he10XZN0he10WZN1ie1NXZN2ge1NYZN3ge1LYZN5ge1JYZN7fe1I[ZN7ce1I_ZN7ae1I_ZNG_K7Pj12cZNE_K8mi14nZNMPe14P[NMnd14R[NMld14U[NKjd15X[NJgd16[[NIdd17^[NHbd18_[NGad18`[NGad19`[NDbd1<a50000000000O001O1O1O00001O2O001O00000O2N1O101MQido1
20220621185332Bh_12,mViR26jo10O2O01O000010O01O0001O2OO01O100O10O1O3Lkhlk1
20220621185332Bh_13,a\Sj22mo12L3L4O2N1O1N20O01M2M30000O1N1101O001L3000100N101O100N2O1O100N2O01O1O001000O1O1O1O102LddTS1
20220621185332Bh_14,mamn12lo14WPNM`o1;O0O2N1O2N1O100O010000O100000000000000O1N3N1O3M3KZ^\o1
20220626185332Bh_1,i^`T27ho11O2O1M3N2O0O1O1O1O2O1O1O1N1O1O1O1000O1N2N101O100O10O001O01O1000000000000000000000000000000000000000001O1O001O000O1000001O0001O00000001O000011N10O01O002N1O00100O1O1O1O2O00O10O2N10O02N1O1O00000000O1O1H8O2N2O1O001N2O1N2O1N2NTa_d1
20220626185332Bh_2,WbPW13lo12N2O101N1O010O2N10O01O1O1O001O001O01O1O10O1O1O1O100O1O000010O10000O01O000001O0O2N1O2O00000001O001O10O000001O002N1O0000001O001O2N0O2O00000000000001O0000001OO010001O002N001O002N1O00001O000001O01O1O1N10001O01O0000001O2N00000001O1O1O01O01O000001O0011O0O0000001O0000000000100O1O1O01O00001OO101O010O10O01O01O0001O1N2O2M\\S_2
20220626185332Bh_3,Qchi27ho11O2N1M3O1O0O2N01010N1J6O11O01000001O1O1O000002N1O1O000000001O1O1O1O002N1O1O00001O100O0010O1000O1O1O002N1O1O002LP]eR1
20220626185332Bh_4,hfhj13lo12O1O1O1O100O1O1O1O0000000000000000001O00001O1O1O000O100000000O2O00010O2N010O001O1O1O00000000O1N200O100000001O1O1O1O002N1O001O0000000001O0000110OO0000001O000001O0001001OO10O00100000O00001000000000O1O1O1O1001OO10000000000O002N1O0002N1O01O002O0O0001O1O1O00001O000001O0001001OO10O11O0000O111N1N1O2O0O1O1O100O1001O5K2N1O005K00000O1000000O1O1O10O01000O010O000001O001O001O1O010N10\V_i1
20220626185332Bh_5,Yg`o0;do12O2N4L1O001000000O00001O01O01O2N0100001N010O1O1O1O1O4M3M001O3N:JK000000O100O3M2N1O10001OO0101N4L10O1O10O`NPRNP1Qn1nNQRNQ1om1nNSRNS1lm1iN\RNNBP1on1MO100000O101O4M1M10O01O010O110N100O20O02M001O1O1O10O1O1O1O1O1O1O1O000000000O1O100O101O0000001O1O001O00000O100O00O2O001K5O1O1O1O1N101O0000010O1N200O100000O1O1OO10010OO2O10O1O00100O1O2M2M4M]VQg2
20220626185332Bh_6,YlPY2:eo12O1O1O5L0O11O4L2N00O110OO10O201N0000O4L2N1O001O1O1O001O010N1OhRod1
20220626185332Bh_7,lmhn24jo14M2O2N2N1O10002M10002OO00000004L0O1040O0M0O1N3L5K4M2NYQ_o0
20220626185332Bh_8,aUmZ22mo13N1O1N2O0O1O1O1000O1O0010O001O10O1N200O10000000O10000000000000000001O000000000000000000001O2N001Nejna1
20220626185332Bh_9,aXQn23lo13N1O1O0000001ePN0en1OXQN5hn1JWQN8hn1HVQN:kn1=00001O00000O1000000O1O0010O1O0N3_Oa0O100N2M3N2001N4_O`0J4O2N3I6J6N2OogVo0
20220626185332Bh_10,iZQU12mo12N2N2N2N2O0000000O1O1G71000O2G9N2O0N2K23O1OO2K41N2O10LF>000N2L31M31M3N110O1M2DHlQN]OSn1d0SRNUOom1j0SRNUOlm1k0VRNSOkm1h0i0O1O2O2H6O2N2NThfg2
20220626185332Bh_11,lWki13mo110001N1O0O1O10000000001O0O2N1O1O10O1N2N3N1O5KThdT2
20220626185332Bh_12,i[i`12mo12O1O1O1O1O00000000000000001O00000000000000001O1O1O0000000000000001O1O1O0010O1O1O1O000000000000O1O1O01000000N2O10O01O1O1O1000O1O1O000000001O100O1N11O1O1O010O1000000N1001O1O001N2L401Nid^Y2
20220714185352Th_1,d[lY14ko13L3N2O00000O100O0O10000N3L4N100O101O100O1000O01O1O1O10OJ7M20001O0O2O000O1N0201OO10C=IPQN^OQo1c06O1O1N11M3N2O1O001O1O1O1O1N20O001O1O100O1N1N3O00001O1O1O1O1N3N102M2LgfUa2
20220714185352Th_2,m^To22mo12O0000001O000O1000000O1O3M2O001O002N1O000000000000000001O1O1O0000000000001O000000000000000000100000O10O001O1O1O010O00100N2O001O02N1O001O1O3M2N1O101N1O1hPN@nn1a0nPN@To1f0O101O001O1N100O1O10O1O2N2N1O0M4O0010O100O010O100OGmPNGSo18oPNFRo1::00O2N2N2N2Mm`ki0
20220714185352Th_3,]_^^14ko13M2O1N2N6K1N2O1O2OO010000O100O11O0000O020O00O02001N0000O1O01O0O1O1O101O11O00O11O000000000000O1O1O1O1O1O1O1O100004L0000O11O00O1O100O10O1O2O0O1O1O00000010O001OjPN_Onn1l0O0O00O00O1000100O1O1O01O1O2N1O1O10O01O0O1000000000000O1O2N3N0001O100O0000000100O1O0100O3M1O1O1O1O1O1O1O11O00O1O1O1O1O100O1O1O001O001O001O1O001O1001OO0000N3N1O100N2O1O2O2N00001O00000000000001O1O1O1O00000000000000000000000000000000000000001O001O001O1O00000011N1O00O2N3M10000000000000000000000000000000000O1000O10O2O0O1001O1O001O000000000000001O1O1O001O000000001O1O1O1O0000000000000000O2O00001O010O1O01O100O1O02N2N1O1N101O010O100000O00001O000000000000000001O1O2N001O0101OO1O0000000O1O1O100101N0010O1O1O000001O2N0000001O010000000O000000001O1O1O1O1O1O2N2OO100O10O001O2N0100O100000O01O100O00000010O100000O2O01OO10O2O0000O00000010O101O0O100O010O11O1O000O11O0000O33K0000000000000004L000000<EOO01O9G1O100001O00O135IO000\QNQOVn1o0iQNTO]n1e0`QNA\n1>dQNC\n1=bQNE^n1=^QNEbn1m03^O_QN^Oan1a0_QN_Obn1b0]QN\Ojn1?<00O113L000O1O1O1O1N2NlXod1
20220714185352Th_4,jebP15ko1101N5L0O10002N0000O100O1O00001O1000O1O10O1O1O100O011O000O001O100N2O\YWm2
20220714185352Th_5,bfT^24ho15N2N1000000000000O100000O2N1O1001O1O1O0000000010001OO100001OO1000000000000000000004L000002N2N0O008GaXe^1
20220714185352Th_6,ghPm2Q1nn11O2M4L<E3N1M4E:N2N2N2M^N^SNO]l10eSN0Yl10iSNOTl13nSNLok12[TNJck13bTNL]k14eTNKZk15hTNLTk10WUNLgj14[UNKej14]UNL^j17dUNIli1e0VVN\Ogi1d0[VN\Oci1d0_VN[O]i1h0dVNZOXi1f0jVN^ORi1`0PWNAnh1?SWNAlh1>VWNCgh19_WNH`h15cWNL\h13eWNNZh10hWN1Wh1ESXN=kg1BVXN?hg1AYXN?gg1AYXN`0fg1@ZXN`0fg1@ZXNa0dg1@\XNb0bg1^O_XNc0^g1^OcXNc0[g1]OgXNF^Ld0jj1GiXNB`Lg0fj1GSYN8lf1HVYN7if1IXYN7gf1IYYN8ff1G]YN8bf1G`YN>Zf1AiYN>Vf1AlYN?Sf1AnYNa0oe1^OTZNb0je1\OYZNd0fe1\O[ZNd0ee1ZO]ZNf0mKUOom1o0cQN[O^n1R11O109F1O1O1O1O1N2O1O1O100O1O:F2N1O0100O10O001O2N00001N100N200O10001NTSol0
20220714185352Th_7,on``29fo12O002O0O01O00000000001O0010O101N1O1O3M2N1O001N1O3N0OL5L301OO1001O0001O1O100O00O11O0100N2O0000000000000O1N2001O001O0000000100O1N200O10000O1001O000O100O1O100O100000O100O1O10000O010O00O110O010O01N11O1000O100O2N3L3NURiX1
20220714185352Th_8,UXck02mo13L7G7L3M1O01O01O0N3N01000M4N10000N3N2O1O0000O1M31O00_Oa000001OO101O001O1O1O00O1001O01N200000O1O1O101N3N1N2N\iPQ3
20220714185352Th_9,a\aR25jo12N2N1K5O1O1O0O11O00I8N2O1O1N2L4O1O2N1O2N2N1OO1N200010OK5000O1OO3M2001NH:O0000L4000000L0400000H53O1001ON2M31BUOfQNk0Sn1c01000FdNQRN\1mm1;1N202N1N2N20N1L0400000J24000O1O10O2O2N3M2N1O2N2N2O1N1O1O1O1O101O2N00001O0001O002N2N002N1O0O1O00L4N201O0L4N2001ON2M30100F9N3O2N2L3MVhbe1
20220714185352Th_10,QYik22mo13N0N2N2O010N1000001O0010O01OO002N11O0O200O1O0O11O0001OK501O10000O100O1O100O101NlgdQ1
20220714185352Th_11,m]SX11oo11N1000001O0000000000000000000000000O1O0010O1N200O100000WbRf2
20220714185352Th_12,XbYb17ho12O1O1O2N0O2N100O10000O101O0L3N3O1O001N200O1O1O100O0000001O01000O1O1N10000001O1O0O2OO1N2000001OO11O01O1N2M20100O1O10O0000100O1N10100000O1O0010000O10O0O11O0010O01O00001N2O1O100N2O1O1000O10OO10O2O0O11OO100001O1O001O0OO2N30N2O010O1O0K420O001N02O0001N02O1O100N1O2O1O0000100O1N201N101O0000O0O11O0001O1O00000O200O001N11O0001N20O10000000000O1O100O001N2O1OO10O200O10000000000O1O1O2O2L_alQ2
20220714185352Th_13,bcgY23ko1;F2hPNCkn1>RQNDnn1h0O0000001O000O1N2M4N1000O100000000O10000O1M3M3N2K5N2O001O1N2O1OO2O2O0O001N11O0001L301O000O10010O1N10101O00000O1O1O1O1O001O00O2001O0O200O0000000000000O1O0000001O2N3M10000000000000O1O00000O1001O0L5O100O01O1O0001O1O01O01N110O1O00O100001OO10000000000010O0001O2O1N10000O1N11O010OO2O1000O10O1000O00O2000001N010O001O0001O1O1O001OO11000O010000O1N200O1O1M11000000M4N20000O1000O0N110100O001O1O001O1O1O100N2O0010N2O10000000000O1000000O1N02O010O10O1O1O01N20O001OO1000000O1N2010N100100N2M3O00000D<O11O00L401O1O1N2L401MUaVV1
20220714185352Th_14,acil22no11N2N2M3N101N101O001O000000O10O1O1O10O0100O10O010O1O010OO20O10000O1O00N3O0100BdPN7]o1HePN7[o1HfPN6ln1MYQNNK4kn12TQNM21hn1>XQNAgn1`0ZQN@fn1`0XQNBgn1?WQNAkn1?UQN_Oln1b0SQN_Oln1c0SQNAgn1n0N1O2O000002M10O10O10O01O1O1O1N2O1N3^OSQNMon12SQNMmn12UQNGQo13`003M3OO010j]Zn0
20220714185352Th_15,Zckk23mo111OO010O00O01001O00c\^S1
20220728185352Th_1,d_hj2<co12N1O2M2N3N0O1OO1100O1O100001OOM401O1O1N2M2001O1O1O001O1O0100N2O0O2O01N20O100O100O1001O1O000O10000000O1O1O2O0001000001N1O10O001O10O010O100O10001OO10O104L000O1O10O010O1O1O000000000000000010O000000000100O10O1O002N1O100O1O0100000O6K0O0010O1N2O2N2N001O1O0O101N1O2O1O2N4L1N2O1O4Jm_cl0
20220728185352Th_2,liPd02lo14M2M2M4N1000O1O2N2N5JYVW[3
20220728185352Th_3,[[Wc24jo13N2N1O1O2N1O1O001O001O00M3O1001OO101O100N2O1O2NXeV[1
20220728185352Th_4,]dY`2h0Vo13O1L4L3O2O000O10O100001O0000000000000O100O101N2O1O00000O100O1O1O10O100O1O10O1000O10N2O100O10O00001O2N6I6I3O2N3J6K4N2O5Gi[l[1
